GeoFIPS,GeoName,2000,2001,2002,2003,2004,2005,2006,2007,2008,2009,2010,2011,2012,2013,2014,2015,2016,2017,2018,2019,2020,2021,2022,2023,2024
01001,"Autauga, AL",23584,24643,25082,26500,27745,29004,29942,31665,33245,32986,33685,34430,35151,35348,36329,38107,39005,39906,41062,42538,45089,49254,49879,52989,55710
01003,"Baldwin, AL",26683,27222,27614,28365,30671,32510,34976,36215,36220,35363,36794,38032,38284,38401,39568,41470,42983,44475,45840,47921,50935,56504,57721,61354,63905
01005,"Barbour, AL",18847,19971,20121,20763,22652,23736,24647,25475,25822,26217,27746,27992,27779,29450,29470,31062,31071,31992,33239,34694,37090,41062,41053,41924,44906
01007,"Bibb, AL",17504,17780,18515,19519,20831,21273,22655,24054,24950,23779,25072,25879,26917,27117,27860,28760,28584,28876,30030,32102,34859,37440,38232,40483,41951
01009,"Blount, AL",20118,21223,21290,22415,23641,24538,24862,26576,27855,27539,27914,28365,29728,30035,31310,32471,32533,33784,35278,36554,37789,43062,44085,45863,48543
01011,"Bullock, AL",15729,16756,17523,17672,18098,18293,20107,20924,23144,23831,23406,23859,24752,24577,23844,24998,25160,25715,26117,27176,30773,34222,33623,37052,39403
01013,"Butler, AL",19005,21004,21846,22603,23618,24360,25056,26973,27855,27451,28529,28820,29996,31585,33018,34718,34410,35669,36547,37751,39520,45620,47524,50171,53320
01015,"Calhoun, AL",22104,23159,24132,25180,26559,27457,28520,30039,30912,30132,30950,31651,31958,31620,32439,33651,34013,34695,35643,36761,39595,43320,42684,44970,47333
01017,"Chambers, AL",20305,21746,22266,22908,23549,24184,25497,26536,26139,26130,27366,28531,28866,29019,29505,30710,31441,31257,32527,33550,36084,39439,39568,41763,43944
01019,"Cherokee, AL",18402,19665,20062,20992,22336,23128,24083,26300,27643,27312,28171,29054,30242,31444,32953,34683,34613,35554,37121,37892,39928,44703,44552,45613,47994
01021,"Chilton, AL",19550,20952,21297,22044,23266,24447,25933,27239,27534,27157,27546,28762,29366,29559,30141,31682,32100,33222,34474,36220,38335,42911,43434,45777,48183
01023,"Choctaw, AL",19446,19898,20563,21163,21734,21984,23055,23838,24490,25419,27877,29239,31439,33489,34249,34644,35021,36186,37676,38470,40518,43719,43293,45672,49151
01025,"Clarke, AL",20262,19932,20326,21414,22878,23743,24854,26353,26956,27298,28560,29179,29854,31154,32236,33504,34391,34822,35747,37644,41244,45178,44541,46970,49608
01027,"Clay, AL",18924,20264,20787,21744,23864,25802,27210,27554,28342,27719,27820,26330,26910,27290,28452,29726,29536,30070,31036,31968,35035,39596,39516,39620,42162
01029,"Cleburne, AL",18584,20439,20503,21102,23184,24422,24660,25720,27051,26850,28047,28652,30252,31288,32715,34132,33889,34805,35441,36009,37889,42969,44365,45164,47223
01031,"Coffee, AL",24133,25308,26148,27412,29234,29777,30482,32469,34057,34035,35421,36021,35959,36866,37647,39218,39575,40250,41644,42823,45175,50483,51873,53773,56824
01033,"Colbert, AL",21444,21675,22128,23692,25048,26578,28045,29513,30454,30437,31627,32389,32399,32687,33863,34684,35175,35674,36370,37648,40366,44249,44702,46994,48831
01035,"Conecuh, AL",19624,20013,20200,20773,21699,22883,22964,23919,24880,25078,26330,26391,26914,28839,29066,30082,30380,31559,33108,34183,37079,41517,41313,42980,45620
01037,"Coosa, AL",18579,19894,20281,21804,23384,23727,25159,25535,26600,26108,23874,25468,26055,26478,26887,28594,29701,30591,31953,33441,35716,39232,38883,41597,43813
01039,"Covington, AL",19915,21480,22041,23144,24387,24660,25261,26575,27829,28186,29398,29410,29978,30561,31524,32344,32675,34035,34940,35428,37856,41928,42432,43710,47143
01041,"Crenshaw, AL",21807,22083,21434,22846,25317,27092,26452,26736,27975,28105,29909,29147,30423,33451,34398,36772,34996,36188,37265,37798,39828,45924,48483,48362,52962
01043,"Cullman, AL",22021,23485,23520,25074,26717,27831,28161,29386,30182,29909,30526,30924,32110,33668,34040,36248,35450,36899,38007,39863,41514,47001,49786,50945,53577
01045,"Dale, AL",21525,22298,23274,24321,26238,28679,30755,31417,31596,32076,33122,34013,33288,33291,33635,34397,34398,34956,36101,37343,40004,44297,44902,46314,48767
01047,"Dallas, AL",19531,20212,20864,21597,23209,24143,25747,26257,27126,26950,27956,29026,28998,29385,29713,31423,31964,32587,33386,35142,39316,42624,42265,45130,48214
01049,"DeKalb, AL",20631,21122,21351,22278,23841,23711,23825,25350,26235,25922,26872,25831,26848,27847,28763,30389,29794,30989,32142,32887,34982,40176,42115,42416,45152
01051,"Elmore, AL",23957,24025,25138,26479,27892,28967,30446,31771,33393,33493,34222,35133,35695,35271,35793,37346,38348,39444,40273,41927,44559,48686,48775,52328,55485
01053,"Escambia, AL",19042,19277,19016,19904,21196,22729,23618,24512,25364,25390,26813,27522,28693,29094,29472,29894,30360,31675,32078,33271,36169,40265,40499,42796,45432
01055,"Etowah, AL",21723,22283,23019,23836,25093,25933,26705,28302,29158,29085,30191,30632,30987,31168,32263,33728,34226,35164,36167,37313,39576,42918,43197,45095,47787
01057,"Fayette, AL",18987,19520,19184,20067,21334,21958,22771,24321,24981,25227,26218,27081,28482,28977,30175,31917,32167,33088,34034,35857,38270,42290,43018,43458,45612
01059,"Franklin, AL",20154,21244,21273,22007,23853,24784,24915,26745,27363,26799,27909,27787,28119,28437,29431,31070,30561,31819,33285,33921,36527,40369,42381,41996,44751
01061,"Geneva, AL",20223,21919,22291,23124,23829,25175,25076,26598,27593,28192,28833,29309,29156,30298,31117,32358,32405,33353,34214,35831,38206,42179,42387,44281,46556
01063,"Greene, AL",17829,18547,19081,20435,22054,23507,25360,26083,26417,27038,26660,27529,27575,30401,28551,30663,31015,31650,31555,33411,36802,40556,38672,40604,43030
01065,"Hale, AL",16336,17313,18670,20576,22112,23381,25452,26270,27992,28561,28912,30137,30653,31825,31584,33650,34362,34875,35266,37905,41456,44986,44630,46578,48326
01067,"Henry, AL",19555,21369,22435,23139,23834,26123,26665,28539,30453,30277,30866,32424,33221,34928,36481,37925,39336,40466,42013,44482,46951,53893,53120,54099,56661
01069,"Houston, AL",24812,26799,27562,28056,30089,31459,33285,34619,34597,33819,35434,36504,36566,36379,37377,38635,39520,40363,42059,43907,47460,51716,52035,54877,57714
01071,"Jackson, AL",22010,22182,22349,23539,25116,26404,27206,28505,29507,28685,29558,30285,30872,31698,32553,33359,33934,34715,35957,36957,39025,43280,44272,45890,48078
01073,"Jefferson, AL",31252,31458,32541,33758,36147,37664,39969,41095,42239,40264,42087,43235,44940,44206,45628,47836,48490,51073,53065,54561,57966,65321,67540,72313,75312
01075,"Lamar, AL",19080,20132,20354,20841,21207,22400,23115,24465,25229,25168,26640,27935,28974,29020,29730,31011,31358,31813,32618,34228,36828,39937,40141,42158,44886
01077,"Lauderdale, AL",22254,23360,23559,24336,25735,27048,28211,29594,29973,29521,31004,31842,32264,32292,33572,34464,34808,35238,36382,38290,42085,44977,44918,47167,49560
01079,"Lawrence, AL",19884,20669,20339,21834,23506,24023,24936,26647,27677,27258,27698,28294,29180,31095,32043,31757,31030,32292,33689,35759,37818,42346,43959,44995,47190
01081,"Lee, AL",20941,21327,22178,23452,25150,25961,27305,28471,30036,29170,29951,30881,31840,31445,32621,33768,34720,35651,36517,38989,41028,45303,46178,48614,50811
01083,"Limestone, AL",22558,23016,23451,25392,26050,27484,29204,30708,32986,32829,34089,35644,36225,36384,36821,37766,38822,40622,42453,44370,47402,53281,53967,57214,59614
01085,"Lowndes, AL",17768,19244,19174,20507,23275,24246,25428,27766,28634,29498,30797,30668,32835,34643,35719,36331,35599,37019,37404,39492,43423,48628,50952,53495,58121
01087,"Macon, AL",16125,16805,17248,18290,19987,20793,21819,22822,24190,25355,25450,25918,26208,26755,27548,28342,29113,29361,30139,31494,34745,38053,38786,41616,44788
01089,"Madison, AL",29685,30176,30741,31928,33770,35527,37330,39218,41080,40466,41852,43459,43902,43560,44560,46059,47122,48347,50196,52649,56100,60682,62519,66069,69038
01091,"Marengo, AL",21614,21899,22494,22918,25128,26743,28146,28782,29416,29111,30477,31512,32504,33013,34004,35018,35425,36009,38100,39725,43877,47535,46806,49730,52576
01093,"Marion, AL",18608,18873,19434,20008,22016,23559,23722,24892,25201,24988,25641,25946,27256,27801,29189,30406,30479,31766,32632,33481,37131,41633,43363,45271,47179
01095,"Marshall, AL",21861,23335,23365,24482,25717,26537,27013,28111,28731,28984,29709,29649,30790,31077,32094,34051,33616,34556,35648,37674,41167,46123,47043,48839,51209
01097,"Mobile, AL",22019,23115,23560,24173,25198,27115,29713,30479,31505,30602,31865,33670,33281,33676,34399,35768,35940,36679,37827,39294,42588,47810,48370,51482,53901
01099,"Monroe, AL",19417,20292,19981,21150,23157,23941,24576,25639,27251,26316,27298,27394,27549,28724,29935,31534,31968,32739,33726,35278,38725,42652,42513,44191,46759
01101,"Montgomery, AL",28328,28316,29602,30912,32789,33899,35057,35515,35785,35154,35672,37278,37066,37312,38258,39743,40732,41610,42426,43199,46080,49744,50837,54179,57265
01103,"Morgan, AL",25154,25697,25868,26898,28337,29308,30499,31550,32386,31463,32356,32793,33385,33764,35133,35882,36118,37236,38703,40397,43209,46666,47579,49773,52318
01105,"Perry, AL",17359,17466,17680,19175,20624,22493,23104,23586,24583,24566,26122,26853,26886,28124,26851,28752,29532,31065,31293,32541,37810,40510,40241,42720,44524
01107,"Pickens, AL",19015,20332,20600,22073,23755,25791,25331,27088,27809,28326,29054,29403,31076,32106,30777,31447,31415,33184,33934,36123,39036,44003,41538,42799,45013
01109,"Pike, AL",21110,22108,23069,24136,25981,27241,27817,29170,29751,30107,31626,32160,31396,30616,33065,34337,34680,35698,36714,37768,40937,45723,47569,48719,51706
01111,"Randolph, AL",18363,19461,20159,21237,23008,23688,24574,26515,27771,27171,27630,26617,28038,28895,31008,32491,31840,32872,34020,34940,36450,42148,42760,42915,45447
01113,"Russell, AL",19874,21592,22246,23410,23797,24505,25185,25615,26107,26609,28399,29526,29055,28476,28778,30003,30633,32004,31662,32919,35812,40019,39049,41193,43971
01115,"St. Clair, AL",21399,22585,22905,23585,25668,27335,28193,29121,30671,29511,29842,30943,32688,32427,33972,35356,35953,37298,39317,41297,43116,47395,48249,51097,54878
01117,"Shelby, AL",32832,35094,35259,35416,38095,41042,42733,44918,44266,41628,42241,44615,46284,46700,48325,50217,50745,52316,54529,57402,59916,65375,67471,71510,74513
01119,"Sumter, AL",17276,17561,18250,19164,19940,20611,21888,23362,24003,25002,26489,26763,27937,29740,29072,29292,29747,30113,30182,32277,35831,39247,38568,40753,43035
01121,"Talladega, AL",19110,20270,21447,22478,24201,25234,25627,26595,27145,26653,27752,28556,29221,29484,30656,31302,32006,32474,33465,35123,37957,41431,41552,43842,45757
01123,"Tallapoosa, AL",21723,22318,22317,23680,25441,26936,28766,29903,31006,31154,32635,32784,33790,34068,34345,36707,37491,38020,39383,41816,44271,48838,49152,52576,55117
01125,"Tuscaloosa, AL",24879,25353,26045,26855,27909,29495,30589,31778,32446,31653,32281,33034,33553,33250,33988,34462,34472,35537,36443,37599,39378,41166,42056,44641,46696
01127,"Walker, AL",21499,22676,23696,25081,26463,28412,29881,31321,32800,31679,33037,34200,34366,34054,35309,36540,36148,37711,38922,40970,42787,47150,49282,52060,54820
01129,"Washington, AL",18298,19193,19302,20223,22359,23141,24158,26558,28537,28790,29792,30405,31257,32209,33325,34250,35071,36000,37329,38505,40813,44371,45510,47479,50546
01131,"Wilcox, AL",16198,16975,17451,18490,19642,19950,21551,22206,22857,24113,25878,26463,26648,29783,27975,28958,29515,30369,31412,32887,35597,39717,38764,41811,44610
01133,"Winston, AL",19194,21113,21361,21758,23738,25030,25354,26372,27400,27028,27768,27847,28463,28613,30038,31572,31540,33120,33863,35706,39435,42930,43539,45219,47281
02010,"Aleutian Islands Census Area, AK*",(NA),(NA),(NA),(NA),(NA),(NA),(NA),(NA),(NA),(NA),(NA),(NA),(NA),(NA),(NA),(NA),(NA),(NA),(NA),(NA),(NA),(NA),(NA),(NA),(NA)
02013,"Aleutians East Borough, AK*",22064,33210,28528,30570,31489,33624,35862,32467,35128,33844,35451,37000,36488,38592,39946,49228,57027,58230,56634,60425,56950,59339,63358,64260,49624
02016,"Aleutians West Census Area, AK*",21491,21713,25493,29167,29479,31312,34198,36922,40212,37867,40565,46214,50510,50407,53279,53821,56532,54369,57957,60015,62534,63869,68810,70481,69676
02020,"Anchorage Municipality, AK",35865,37895,39461,40842,42349,44598,46972,50680,55273,53792,56506,58689,59281,57420,60218,62671,61428,62579,65385,66370,67927,72192,76381,80155,84370
02050,"Bethel Census Area, AK*",21448,24338,26020,27511,27591,27917,28101,29136,30754,32123,34197,36542,37555,36694,39131,39819,40577,41686,44300,44272,45608,46974,49249,48857,50706
02060,"Bristol Bay Borough, AK",37453,32298,34130,39216,39933,43972,48175,53801,52166,60984,70792,78554,91162,107543,112522,106248,113390,119838,135706,137372,142607,164143,158101,163320,158406
02063,"Chugach Census Area, AK*",(NA),(NA),(NA),(NA),(NA),(NA),(NA),(NA),(NA),(NA),(NA),(NA),(NA),(NA),(NA),(NA),(NA),(NA),(NA),(NA),61425,68855,69975,72649,74430
02066,"Copper River Census Area, AK*",(NA),(NA),(NA),(NA),(NA),(NA),(NA),(NA),(NA),(NA),(NA),(NA),(NA),(NA),(NA),(NA),(NA),(NA),(NA),(NA),49326,58974,57376,60702,64258
02068,"Denali Borough, AK*",39132,39301,39401,40864,42762,46127,46422,49387,54260,56473,62493,70178,75202,77666,86018,87405,90636,94715,104804,102578,88625,109498,120140,130201,134417
02070,"Dillingham Census Area, AK*",28915,26554,27104,28906,30346,31798,33379,34352,37800,39098,43014,46315,47952,48998,53145,53729,54334,57323,58499,57498,57379,58755,60862,63419,66350
02090,"Fairbanks North Star Borough, AK",29619,29940,31636,33397,34298,37003,40524,42197,46238,46181,46814,51460,50889,48788,51670,53021,52140,53427,56329,58345,60400,65312,67708,69914,75191
02100,"Haines Borough, AK*",33847,31010,30976,30362,33337,34407,36263,37007,38122,38094,41660,46202,47562,52479,56662,63915,64849,72309,82291,83904,75973,86153,85141,94142,100738
02105,"Hoonah-Angoon Census Area, AK*",(NA),(NA),(NA),(NA),(NA),(NA),(NA),(NA),36708,35643,41787,45049,46513,49582,53082,53748,51689,54952,56970,56908,55522,61133,68673,73586,77925
02110,"Juneau City and Borough, AK",38236,39406,39421,41012,41714,43995,46378,49479,52521,52228,55006,58152,60617,59542,61349,62197,63087,65232,68381,69937,70573,74509,79436,84994,88889
02122,"Kenai Peninsula Borough, AK*",29606,30401,30746,31153,32286,33604,35281,37524,42075,41709,43811,46358,47536,46701,50328,50736,49368,49778,51683,53949,55824,59273,60619,63937,67429
02130,"Ketchikan Gateway Borough, AK*",37162,38928,39291,40955,41335,44022,44902,49098,52259,53208,54710,57133,58417,58383,60758,62908,62480,63795,65994,68096,66172,69898,74038,80857,85247
02150,"Kodiak Island Borough, AK",29052,30597,31178,34651,35643,37764,39675,41228,45078,44387,49651,51931,54475,53214,56727,60530,56684,59451,59508,61991,65487,68994,71765,75475,76286
02158,"Kusilvak Census Area, AK*",15751,16736,17650,18765,18750,19511,19454,20879,23338,23760,25463,26713,27443,26078,29314,28041,29595,29412,30238,30878,32537,36002,37634,36837,37765
02164,"Lake and Peninsula Borough, AK*",23252,28680,30282,31661,31695,29428,31231,34853,39880,38024,41739,45477,50311,50185,52149,54532,52845,56041,62544,57446,58130,64173,68770,74522,76538
02170,"Matanuska-Susitna Borough, AK",26723,29436,30140,30424,30977,32438,33492,36317,40038,39760,40391,43254,44341,44093,46178,47253,45420,45417,47562,50081,52389,55106,58517,60480,63994
02180,"Nome Census Area, AK",23317,24234,26462,28081,28931,30015,31025,32850,37163,36988,40418,41713,42677,42136,46325,47098,46993,48443,50646,52214,53853,57853,63826,64236,68245
02185,"North Slope Borough, AK*",44835,46067,43787,40421,38219,35634,33580,31047,33238,40224,51466,63668,74534,83305,93362,93907,82917,77570,75340,79609,76086,71832,77563,86211,92214
02188,"Northwest Arctic Borough, AK",24979,25647,25915,26700,26841,29534,30011,32064,34658,35923,38948,38192,39060,38098,41459,41454,41749,42643,47066,47530,48963,51935,55837,57365,62888
02195,"Petersburg Borough, AK*",(NA),(NA),(NA),(NA),(NA),(NA),(NA),(NA),(NA),44409,49772,53206,54230,60733,61955,63450,60029,61841,66163,66173,68780,76156,74795,82157,82785
02198,"Prince of Wales-Hyder Census Area, AK*",(NA),(NA),(NA),(NA),(NA),(NA),(NA),(NA),(NA),31053,34882,34709,36110,36240,38598,39954,40290,42918,46663,48549,51457,54197,53795,55078,56996
02201,"Prince of Wales-Outer Ketchikan Census Area, AK*",22800,21687,23067,24802,25846,26876,26563,27902,32119,(NA),(NA),(NA),(NA),(NA),(NA),(NA),(NA),(NA),(NA),(NA),(NA),(NA),(NA),(NA),(NA)
02220,"Sitka City and Borough, AK*",30892,33596,33874,35933,36714,38563,40067,43299,47119,47602,52143,58575,60044,62270,63732,65500,61191,65250,67607,68615,67832,78440,80290,88103,91448
02230,"Skagway Municipality, AK*",(NA),(NA),(NA),(NA),(NA),(NA),(NA),(NA),74835,70027,75575,77172,85638,80761,77442,68940,69607,70529,75061,76286,57988,69151,78328,92627,99837
02231,"Skagway-Yakutat-Angoon Census Area, AK*",(NA),(NA),(NA),(NA),(NA),(NA),(NA),(NA),(NA),(NA),(NA),(NA),(NA),(NA),(NA),(NA),(NA),(NA),(NA),(NA),(NA),(NA),(NA),(NA),(NA)
02232,"Skagway-Hoonah-Angoon Census Area, AK*",31441,31269,31944,33100,33033,35000,37195,39698,(NA),(NA),(NA),(NA),(NA),(NA),(NA),(NA),(NA),(NA),(NA),(NA),(NA),(NA),(NA),(NA),(NA)
02240,"Southeast Fairbanks Census Area, AK*",23998,23968,26340,30060,31135,34018,33607,35934,37795,38443,40668,43478,42065,43142,45214,47220,47235,48298,50675,51657,53248,59350,61056,64682,68784
02261,"Valdez-Cordova Census Area, AK*",32747,32239,34380,35213,36498,38657,39967,44090,49645,48132,50333,51751,52928,49699,54153,56231,55058,57080,57923,59026,(NA),(NA),(NA),(NA),(NA)
02275,"Wrangell City and Borough, AK*",(NA),(NA),(NA),(NA),(NA),(NA),(NA),(NA),(NA),33608,38983,41743,43662,44262,48876,50666,48674,49710,54316,54429,56515,60515,61337,64204,67715
02280,"Wrangell-Petersburg Census Area, AK*",30427,35656,35753,36796,35575,38001,40807,41707,43662,(NA),(NA),(NA),(NA),(NA),(NA),(NA),(NA),(NA),(NA),(NA),(NA),(NA),(NA),(NA),(NA)
02282,"Yakutat City and Borough, AK*",29603,28090,30776,34079,38102,38720,41002,41149,47537,43546,47078,52431,54635,61000,59397,54874,49179,50307,53445,58725,58933,63156,63377,63173,64065
02290,"Yukon-Koyukuk Census Area, AK*",21358,24142,24958,26594,27671,29299,30341,33018,36905,38692,41277,45397,47417,45952,49277,48206,50600,51694,54445,55962,57909,62442,65751,68561,73588
02901,"Aleutian Islands Division, AK*",(NA),(NA),(NA),(NA),(NA),(NA),(NA),(NA),(NA),(NA),(NA),(NA),(NA),(NA),(NA),(NA),(NA),(NA),(NA),(NA),(NA),(NA),(NA),(NA),(NA)
02903,"Angoon Division, AK*",(NA),(NA),(NA),(NA),(NA),(NA),(NA),(NA),(NA),(NA),(NA),(NA),(NA),(NA),(NA),(NA),(NA),(NA),(NA),(NA),(NA),(NA),(NA),(NA),(NA)
02904,"Barrow-North Slope Division, AK*",(NA),(NA),(NA),(NA),(NA),(NA),(NA),(NA),(NA),(NA),(NA),(NA),(NA),(NA),(NA),(NA),(NA),(NA),(NA),(NA),(NA),(NA),(NA),(NA),(NA)
02905,"Bethel Division, AK*",(NA),(NA),(NA),(NA),(NA),(NA),(NA),(NA),(NA),(NA),(NA),(NA),(NA),(NA),(NA),(NA),(NA),(NA),(NA),(NA),(NA),(NA),(NA),(NA),(NA)
02907,"Bristol Bay Division, AK*",(NA),(NA),(NA),(NA),(NA),(NA),(NA),(NA),(NA),(NA),(NA),(NA),(NA),(NA),(NA),(NA),(NA),(NA),(NA),(NA),(NA),(NA),(NA),(NA),(NA)
02908,"Cordova-McCarthy Division, AK*",(NA),(NA),(NA),(NA),(NA),(NA),(NA),(NA),(NA),(NA),(NA),(NA),(NA),(NA),(NA),(NA),(NA),(NA),(NA),(NA),(NA),(NA),(NA),(NA),(NA)
02910,"Haines Division, AK*",(NA),(NA),(NA),(NA),(NA),(NA),(NA),(NA),(NA),(NA),(NA),(NA),(NA),(NA),(NA),(NA),(NA),(NA),(NA),(NA),(NA),(NA),(NA),(NA),(NA)
02912,"Kenai-Cook Inlet Division, AK*",(NA),(NA),(NA),(NA),(NA),(NA),(NA),(NA),(NA),(NA),(NA),(NA),(NA),(NA),(NA),(NA),(NA),(NA),(NA),(NA),(NA),(NA),(NA),(NA),(NA)
02916,"Kuskokwim Division, AK*",(NA),(NA),(NA),(NA),(NA),(NA),(NA),(NA),(NA),(NA),(NA),(NA),(NA),(NA),(NA),(NA),(NA),(NA),(NA),(NA),(NA),(NA),(NA),(NA),(NA)
02919,"Outer Ketchikan Division, AK*",(NA),(NA),(NA),(NA),(NA),(NA),(NA),(NA),(NA),(NA),(NA),(NA),(NA),(NA),(NA),(NA),(NA),(NA),(NA),(NA),(NA),(NA),(NA),(NA),(NA)
02920,"Prince of Wales Division, AK*",(NA),(NA),(NA),(NA),(NA),(NA),(NA),(NA),(NA),(NA),(NA),(NA),(NA),(NA),(NA),(NA),(NA),(NA),(NA),(NA),(NA),(NA),(NA),(NA),(NA)
02921,"Seward Division, AK*",(NA),(NA),(NA),(NA),(NA),(NA),(NA),(NA),(NA),(NA),(NA),(NA),(NA),(NA),(NA),(NA),(NA),(NA),(NA),(NA),(NA),(NA),(NA),(NA),(NA)
02922,"Sitka Division, AK*",(NA),(NA),(NA),(NA),(NA),(NA),(NA),(NA),(NA),(NA),(NA),(NA),(NA),(NA),(NA),(NA),(NA),(NA),(NA),(NA),(NA),(NA),(NA),(NA),(NA)
02923,"Skagway-Yakutat Division, AK*",(NA),(NA),(NA),(NA),(NA),(NA),(NA),(NA),(NA),(NA),(NA),(NA),(NA),(NA),(NA),(NA),(NA),(NA),(NA),(NA),(NA),(NA),(NA),(NA),(NA)
02924,"Southeast Fairbanks Division, AK*",(NA),(NA),(NA),(NA),(NA),(NA),(NA),(NA),(NA),(NA),(NA),(NA),(NA),(NA),(NA),(NA),(NA),(NA),(NA),(NA),(NA),(NA),(NA),(NA),(NA)
02925,"Upper Yukon Division, AK*",(NA),(NA),(NA),(NA),(NA),(NA),(NA),(NA),(NA),(NA),(NA),(NA),(NA),(NA),(NA),(NA),(NA),(NA),(NA),(NA),(NA),(NA),(NA),(NA),(NA)
02926,"Valdez-Chitina-Whittier Division, AK*",(NA),(NA),(NA),(NA),(NA),(NA),(NA),(NA),(NA),(NA),(NA),(NA),(NA),(NA),(NA),(NA),(NA),(NA),(NA),(NA),(NA),(NA),(NA),(NA),(NA)
02928,"Wrangell-Petersburg Division, AK*",(NA),(NA),(NA),(NA),(NA),(NA),(NA),(NA),(NA),(NA),(NA),(NA),(NA),(NA),(NA),(NA),(NA),(NA),(NA),(NA),(NA),(NA),(NA),(NA),(NA)
02929,"Yukon-Koyukuk Division, AK*",(NA),(NA),(NA),(NA),(NA),(NA),(NA),(NA),(NA),(NA),(NA),(NA),(NA),(NA),(NA),(NA),(NA),(NA),(NA),(NA),(NA),(NA),(NA),(NA),(NA)
04001,"Apache, AZ",14495,16376,17171,18178,19136,20383,21050,22452,24447,25987,26785,27425,27435,28031,29323,30954,31841,33899,35838,36825,42174,46121,46200,47944,48830
04003,"Cochise, AZ",20688,22188,23253,25218,26439,28018,29367,31406,33066,34227,34677,35401,34570,34424,35349,36648,37181,38914,39624,41289,46875,49857,50543,53450,55303
04005,"Coconino, AZ",23623,24885,25428,26354,27850,29324,31746,33669,35821,34089,34532,36417,36900,38335,40017,42212,43235,46085,47821,48976,52892,58357,58530,61736,63794
04007,"Gila, AZ",19536,20534,21242,22704,23819,25132,26572,28584,30768,31028,31505,32856,31771,32388,33800,35410,35818,38386,39553,40582,45005,49718,50241,53556,57097
04009,"Graham, AZ",14900,15192,15909,17148,18253,19542,21196,22761,25508,23731,24474,25453,26587,27066,28293,28643,28303,29840,31069,32038,35956,39194,41225,42907,44164
04011,"Greenlee, AZ",23821,21183,21171,22615,23394,25155,27429,29398,33652,29433,30440,31186,31072,34642,35501,33494,32631,35492,39317,40517,43197,48332,52784,55713,58574
04012,"La Paz, AZ*",15774,17437,18295,20428,21234,22130,22700,24796,26240,25846,26386,29652,28910,31853,30640,33626,36363,37247,38855,42741,46510,53237,57037,56996,57451
04013,"Maricopa, AZ",29568,29710,30020,31014,33108,35388,38260,39392,38470,35745,36205,37876,39300,39642,41208,42997,44357,46441,48805,51612,56026,61834,64296,68833,72176
04015,"Mohave, AZ",19008,20326,20910,21699,22910,23924,24525,25005,25607,25668,25865,25878,26332,27161,28567,29421,30611,32274,33670,35487,39063,43086,43642,46106,48586
04017,"Navajo, AZ",15076,16693,17447,18939,18965,20187,21364,22564,23742,24640,24645,25498,25803,26564,27092,28191,29581,31145,32782,33464,38616,42431,42923,45016,46577
04019,"Pima, AZ",24894,26669,26838,27938,29058,30734,32895,34258,35939,33892,34100,35335,36317,36562,37431,38569,39720,41944,43614,45477,49629,53840,54802,58535,60425
04021,"Pinal, AZ",17524,18309,18742,19425,21654,24098,24936,25195,26719,24491,23901,25590,26326,28015,28888,30121,31534,33300,35024,37329,41088,44906,46908,49098,50771
04023,"Santa Cruz, AZ",17147,19741,19639,23355,22454,23685,25088,26735,27618,28094,28972,30109,30563,30362,31753,32360,33069,35441,36883,38110,43187,48024,46579,49886,50841
04025,"Yavapai, AZ",21621,22560,22823,23717,25463,27259,28637,30149,30856,29426,29237,30534,31146,32357,34272,35644,36834,39089,40727,42739,46938,50919,52023,57376,60854
04027,"Yuma, AZ*",17937,18747,20228,21615,23540,24215,24859,26307,26715,26792,27794,28566,28317,30044,29777,31989,33075,34851,35304,36950,42177,44513,44828,46666,47582
05001,"Arkansas, AR",22914,23867,23593,27285,29248,27107,28845,30559,33336,34326,34150,36514,37936,40981,40197,40139,41863,43565,45225,47447,51909,59772,58426,64520,61998
05003,"Ashley, AR",21665,21501,21369,23099,23489,24745,26164,27244,27276,27779,29532,31588,31430,32079,31945,33023,33840,34647,36107,38318,39913,43389,43540,45107,47973
05005,"Baxter, AR",22076,22838,23539,23921,24765,25852,27681,29109,29729,28965,29472,30563,32160,32183,34264,34424,34905,36131,36884,38452,41240,44535,44190,46263,48272
05007,"Benton, AR",31230,33566,34489,35957,39034,41951,45693,48998,52762,48219,49145,57212,67082,63965,72956,77808,80906,82914,90185,82922,83109,105578,108539,116244,120594
05009,"Boone, AR",21144,21221,21978,22580,23852,24689,25983,27162,27777,27594,28575,29616,30551,30740,32576,32914,33300,34088,35470,36411,38689,43091,42859,43959,46825
05011,"Bradley, AR",18214,20120,20378,21645,23528,23273,24274,25683,25483,25631,28019,29018,31351,31777,33981,35136,36034,37216,38852,40230,43227,47691,47939,49024,51688
05013,"Calhoun, AR",19143,20109,20862,21213,22239,22780,22860,24101,25231,25381,26221,27726,29078,29640,31411,32927,34521,35041,36445,39003,42642,46800,46167,48337,52035
05015,"Carroll, AR",18485,19378,19039,19670,22155,22534,23233,25493,26004,24266,24765,25202,26835,27933,31284,30138,30745,32350,33112,32492,34966,41310,41851,40869,45250
05017,"Chicot, AR",18553,19090,18712,21246,22164,22428,23118,25918,26556,27118,28014,30479,32922,35946,33726,33107,33973,35315,35940,38244,44310,48531,46902,50151,51481
05019,"Clark, AR",18987,20080,20294,21676,22621,23351,24505,25880,26373,26946,28235,29457,31337,30913,32252,33028,33940,35326,36430,38392,41657,43596,42448,44594,46783
05021,"Clay, AR",20063,19945,19687,22843,23654,23438,24487,26498,28340,28397,28221,29120,30784,32695,31515,30206,31339,33501,34219,34862,39311,44413,44275,46675,47192
05023,"Cleburne, AR",21783,22268,22494,22693,24018,24625,25824,27141,29008,28396,29756,31617,33317,33946,35489,35739,35449,36642,37834,39420,44010,48201,47933,49644,52409
05025,"Cleveland, AR",21541,22875,22891,23621,25959,26559,26668,28282,29805,28077,28836,28804,30576,32761,35702,37060,36963,39330,41607,41433,42222,49811,52655,52021,56794
05027,"Columbia, AR",21155,21655,21804,22683,23958,25308,27153,28645,30532,28815,29963,31681,33710,33492,35673,34715,34771,36902,36974,38091,41340,44786,45009,48000,49741
05029,"Conway, AR",22412,22749,22664,23556,24987,25544,26137,28397,28969,28960,30168,32389,33446,35138,37014,36512,36111,36899,38356,38832,41850,46776,48812,48964,51282
05031,"Craighead, AR",22400,22496,23194,24775,25298,26002,26654,27927,28806,28896,30448,32483,33675,33848,34674,35121,35550,36221,36918,38554,42298,47249,46945,48695,50720
05033,"Crawford, AR",19028,19409,19441,20418,21499,22726,24214,25245,26465,26195,27408,28519,29390,29678,30747,31453,32245,33098,34008,35307,38151,41845,41931,43422,45258
05035,"Crittenden, AR",20284,21564,21790,23693,24776,24888,26454,27820,28552,28179,29019,30717,31678,32943,33388,33781,34874,35566,36291,37957,41844,45616,45412,46343,47489
05037,"Cross, AR",18914,19923,19502,22918,23981,23043,24482,25725,27480,28770,29290,30401,31348,32292,32415,31780,32385,34023,33875,35880,40251,43466,42684,45178,46008
05039,"Dallas, AR",20364,19882,20350,20809,22097,23176,24300,25835,26742,27388,28036,27845,28289,28303,30257,31418,33172,34694,36728,39386,43724,46961,47129,49072,51824
05041,"Desha, AR",18619,19792,19846,23663,23428,23937,25098,27464,29325,29906,30545,32896,33219,36935,34519,34555,34323,36193,36712,38211,44635,49968,48826,51940,52490
05043,"Drew, AR",20021,20517,20748,22856,24861,25473,26114,27577,28823,28276,29982,31481,32556,33458,33736,33935,34709,36247,36987,38521,42862,46495,46616,48037,49891
05045,"Faulkner, AR",22814,23314,23531,24145,25320,26425,27981,29471,30344,30542,31628,32758,33452,33691,34794,35482,36221,37196,38693,40359,44413,47949,47981,50381,52556
05047,"Franklin, AR",19748,20739,20818,21851,23521,23619,23646,24924,25768,24761,25973,26865,29029,29279,31844,31737,31931,32948,34084,33926,35788,41281,42975,42829,47157
05049,"Fulton, AR",17075,16923,17241,17710,17940,18554,19606,20372,21521,22395,23299,24636,25076,25100,26488,26125,26484,27301,28428,28908,32659,35372,34815,35634,36902
05051,"Garland, AR",23653,24408,24709,25606,26906,28386,30136,31335,31561,31610,32227,33583,34754,33888,35578,36476,37406,38345,39353,41376,45084,48540,48493,51137,53635
05053,"Grant, AR",22584,23266,23911,25211,25356,26446,27316,29762,28917,29331,30854,31870,32912,32885,34136,35601,36472,37543,38432,40360,43023,46490,47568,49889,52550
05055,"Greene, AR",19773,20045,19911,21722,23123,23172,24160,24796,26324,26940,27860,28704,30782,31722,31743,32113,32374,33050,34119,35697,39295,42149,41673,43697,44671
05057,"Hempstead, AR",19517,21058,20611,21217,22393,22131,22040,23542,24424,24227,25216,26417,27831,27760,29874,29726,30027,32012,33256,33456,35577,41258,44056,42599,46617
05059,"Hot Spring, AR",18638,19356,19562,20378,22251,23150,23811,24801,25200,25193,25516,26623,27125,26884,28323,28829,29574,30329,31244,32279,35033,37846,38146,39522,41293
05061,"Howard, AR",21481,22085,21595,22134,24748,24944,24269,26817,26662,24948,25732,26924,29071,30869,33764,33886,33693,35704,36813,34913,35877,44237,49425,46340,52293
05063,"Independence, AR",21107,22249,22423,23409,25049,25948,27139,28362,28967,28239,28997,30211,29958,30239,31476,32666,33438,34227,34876,35947,38638,43241,45238,47155,49157
05065,"Izard, AR",17928,19271,19807,20261,21386,21261,22032,23377,24336,23821,24512,25684,26855,26985,27789,28216,28443,29061,30245,30704,32900,34845,35479,37284,39333
05067,"Jackson, AR",20516,21960,21245,23762,23431,22153,22897,23609,25858,25516,26746,28603,30965,33913,34125,34335,34381,36298,37042,37686,42128,44723,46315,51262,50459
05069,"Jefferson, AR",20079,21093,22009,23284,24449,24869,25600,27041,27820,28404,28952,30195,30785,31204,31570,31694,32191,33246,33832,35205,38388,41473,41503,43436,44232
05071,"Johnson, AR",18310,19252,19498,19917,20900,21029,20828,22329,23467,22478,23318,24375,25640,26432,27681,27953,28367,28764,29268,29497,31832,35402,35830,35290,37274
05073,"Lafayette, AR",19503,20867,20600,21703,24385,23971,23904,25850,26766,25779,25366,27614,30435,32423,34473,33935,34417,35291,36400,37074,40542,47973,50336,50473,55234
05075,"Lawrence, AR",18790,19274,19392,21883,22069,21235,21915,23119,24749,25237,25413,26311,28654,30130,30810,30998,31971,32894,33298,34133,38967,40871,42867,44095,43454
05077,"Lee, AR",15802,17489,15886,21502,20411,18486,20435,23500,23330,22391,23105,27536,26023,27737,24646,24614,25653,27850,27488,30025,33059,38835,37417,38558,40453
05079,"Lincoln, AR",16040,16289,15672,17900,19429,18789,18975,20704,20672,20550,21375,21497,23122,25863,24596,23978,24006,25731,26834,27270,29361,32973,33785,33699,36032
05081,"Little River, AR",20135,20160,20348,21767,23536,23726,24431,27011,28637,27854,29104,30131,30123,30513,32550,33365,33486,33912,34237,34439,37544,41193,42104,43769,47040
05083,"Logan, AR",18604,19998,20085,21014,22358,23196,23964,26416,27728,26228,27146,27794,29780,29852,32590,32093,31386,32942,33579,33171,35514,39532,41225,41277,44503
05085,"Lonoke, AR",22847,24408,24602,26541,27174,27719,28991,30507,31601,31908,32668,33616,34732,35399,35763,36460,37458,37887,39394,40632,44888,49504,48790,51732,53746
05087,"Madison, AR",19237,20527,20716,21826,24035,24275,23905,25187,25171,23635,24359,24937,27665,29548,32480,32679,32489,35572,35092,34084,35140,43489,45332,42908,49116
05089,"Marion, AR",17262,17342,17578,18522,20079,20825,22124,23314,23526,23859,24193,24948,25513,26650,27711,29472,28533,29312,30178,31312,33801,37859,37177,38533,40556
05091,"Miller, AR",21702,21699,21676,22432,23827,24635,25752,27486,27733,27344,28621,29826,30597,29463,30794,31380,32434,32569,33693,34836,37875,41095,40367,42505,44980
05093,"Mississippi, AR",18789,26270,27561,27261,25202,23080,24748,25890,27161,26065,27665,30498,27810,29719,29606,28648,29148,30305,32359,35221,37967,45653,44455,47747,52873
05095,"Monroe, AR",18330,19638,18760,22363,22666,22870,24086,24691,26432,25701,26746,28754,29897,35108,30942,29372,30547,31236,31974,34015,39358,43112,42112,46171,45207
05097,"Montgomery, AR",18200,18924,18876,19708,20767,20954,21023,22266,23145,23117,23438,24488,25687,26499,27299,27587,28364,29906,31243,31739,34615,38381,38847,40431,43048
05099,"Nevada, AR",19151,20495,21188,21822,24008,24188,24699,26103,26864,25673,27276,28192,28385,27999,29594,30891,30966,31987,32767,33366,35339,39620,40770,40118,43035
05101,"Newton, AR",15234,16868,17423,17740,19469,19310,20474,21430,21972,21981,23094,23977,25269,25127,26970,27387,27932,28672,30291,32625,35333,39591,38229,39680,41851
05103,"Ouachita, AR",19504,19858,20525,21265,23086,24143,25589,26679,28499,29160,30662,31425,32000,32335,33441,34206,34564,35546,37800,39517,43398,47352,48245,50691,53075
05105,"Perry, AR",20655,22026,21892,22913,23968,24491,25366,26520,27190,27680,29358,30801,31367,31419,31964,33221,33681,35167,36180,37312,40358,44388,46390,47450,50849
05107,"Phillips, AR",17656,19085,18507,21683,22463,21964,22909,25738,26119,26008,26363,28487,28304,30121,29236,28849,30187,32220,33038,35405,40209,46409,45037,46628,46172
05109,"Pike, AR",17992,19605,19500,20227,22292,23323,23234,25434,26031,25497,25574,26976,27774,27895,30113,31351,31263,32736,33748,33371,35458,41098,42482,42029,46345
05111,"Poinsett, AR",18698,20405,20197,23550,24463,24055,24992,25516,27630,27090,27570,28181,28718,30600,29807,29447,30677,31909,32705,34710,38605,43285,44279,46991,47523
05113,"Polk, AR",17599,18668,17869,18533,20264,20899,20931,22491,23982,23081,23749,24361,26181,26488,28757,28535,28455,29668,31156,31262,33863,38353,40318,40041,44039
05115,"Pope, AR",21228,21966,22358,23061,24505,25861,26256,27310,28543,27498,28692,29645,30847,30895,31995,32928,33221,33945,35230,35998,37836,41793,41929,43273,45559
05117,"Prairie, AR",19792,20129,19467,23620,24664,22885,23828,25339,28585,29123,28316,28567,30669,34619,33539,31246,32805,34657,35240,34354,40855,44887,44683,49477,47967
05119,"Pulaski, AR",30467,32356,33390,35173,36370,38814,40064,42436,42524,41441,41348,42673,45400,43641,45266,46870,47589,48383,49264,51353,55853,61313,60467,64790,67740
05121,"Randolph, AR",17655,18679,19061,20555,21592,21735,22662,24095,24423,25340,26256,26837,27799,28389,29779,28989,30558,32029,32510,33464,36989,40731,40779,41145,43312
05123,"St. Francis, AR",16755,17333,17606,18516,20147,19843,20106,21214,22010,22563,22934,24737,24234,25856,26140,26032,26697,27838,28692,30337,33384,36880,36191,37393,38259
05125,"Saline, AR",23466,24409,24618,25153,27666,28599,29847,31589,32941,33116,33881,35623,37083,37104,38400,39010,40536,40915,42139,43378,47179,51701,51281,53951,56086
05127,"Scott, AR",18587,19921,19089,19347,21407,21368,20171,21544,22240,21416,22012,22252,24858,26095,28050,28736,29036,30902,32012,31528,33799,39896,41285,40376,44492
05129,"Searcy, AR",15879,16449,16968,18268,20017,20091,21056,22299,23286,23836,24431,25494,25660,25494,26943,26842,26062,27081,27369,28444,31702,35520,33389,35513,37061
05131,"Sebastian, AR",25616,25170,25397,26513,28849,29764,31425,31884,33463,32433,32930,35746,36544,36520,38236,39082,39268,39981,40787,42756,45171,48665,47513,49341,51559
05133,"Sevier, AR",20106,21397,19748,20456,22275,22427,21977,24037,24159,23149,23536,23860,26514,27758,30613,30657,31439,32672,33967,33105,35459,42291,45592,43575,48016
05135,"Sharp, AR",16788,17833,18037,18782,21201,22082,23028,24478,25754,25939,26840,26876,27993,28388,31294,31748,31703,32646,34112,34873,37069,41724,43902,43484,46346
05137,"Stone, AR",17323,17866,18068,18982,20018,20602,20911,22880,23787,23965,24505,25519,26244,26553,29165,29482,29052,29883,30947,31262,34164,38604,36960,37992,39858
05139,"Union, AR",25502,26994,28874,27954,29475,32445,36700,38578,42110,36750,37795,40529,44556,42492,43562,40760,38729,41879,42649,44846,50477,52366,52406,55608,57817
05141,"Van Buren, AR",17898,19045,19133,19354,20673,21218,22148,22730,23673,23964,25272,27730,27668,28041,30002,30270,29929,30347,31471,32749,35940,39474,39069,40746,42757
05143,"Washington, AR",22145,22506,23359,24233,26494,27594,28683,29254,29198,28203,29069,30217,32105,32959,34821,36429,37189,38498,39121,40471,44910,49802,49314,51419,54752
05145,"White, AR",19214,19973,20549,21875,22994,23666,24832,26589,28732,28429,29696,30659,31658,31627,32695,33082,33800,34922,36457,37040,40640,43985,43915,45927,48191
05147,"Woodruff, AR",18693,19594,18789,22791,22543,21712,22269,24379,28479,26441,27608,30027,33250,37886,35829,33866,34641,36889,36724,37987,45780,50755,51339,58747,56453
05149,"Yell, AR",19852,21199,20873,21627,22981,23511,22710,24589,25295,23650,24862,26133,26938,28980,31482,31836,31829,33532,34826,34845,36422,42749,45415,44644,48409
06001,"Alameda, CA",38818,39290,39063,39978,41472,42921,46093,47750,48349,45893,47624,50425,52286,54120,56999,61610,65209,69254,74192,79984,88182,98657,100110,104460,111268
06003,"Alpine, CA",27635,33764,33669,34995,32589,33584,32627,35410,37726,38420,41831,53893,56094,54361,60930,63357,69615,67957,73487,78380,75766,74653,69311,78472,88146
06005,"Amador, CA",24236,26468,27318,28343,29774,29818,31468,32783,33890,33042,34327,34844,35629,36365,37923,39750,40295,41230,41827,43900,47311,50040,48230,50637,53703
06007,"Butte, CA",23103,24747,25076,25918,27353,28071,29791,31301,31806,31868,32994,33669,34536,35366,36600,39347,40653,41568,42612,45912,51342,56051,54273,57045,61191
06009,"Calaveras, CA",25768,27856,28594,29694,30814,31562,33243,35107,36079,35585,36743,37521,37411,37754,39761,42693,44046,45874,47344,50144,54133,56739,56105,59024,64051
06011,"Colusa, CA",25763,24704,24146,27601,26885,27023,27488,32112,38177,40740,40294,40311,36667,39497,34839,39266,41192,41189,45620,44699,56351,59578,57589,61296,61656
06013,"Contra Costa, CA",44926,46750,45990,46959,49555,51875,55749,57499,58263,53921,53630,57220,61049,60376,62371,67047,70257,74770,78509,80354,87843,94780,96617,102184,108259
06015,"Del Norte, CA",18944,18893,18915,20107,21708,22015,23537,24715,25857,25993,27355,28190,28587,29538,31466,33056,34083,34326,35060,36526,41464,44670,44956,46919,50144
06017,"El Dorado, CA",37018,38438,38817,39625,41414,42961,45304,46762,48203,46674,48230,50368,52427,53847,56231,58842,62104,63355,66059,69023,74018,79498,79990,84850,89554
06019,"Fresno, CA",23069,23460,24611,25863,26923,27597,29137,30293,30454,30176,31181,32667,33284,34420,36379,38288,39065,39594,40602,42636,48320,52056,51116,53386,57584
06021,"Glenn, CA",19718,21449,21677,22582,24480,24893,24563,29216,29994,30925,32114,34053,34952,37910,36444,38923,40125,40429,42539,43121,49678,52440,52081,55064,58305
06023,"Humboldt, CA",23853,25779,26325,27853,29446,29840,31282,32246,32816,33085,35491,35896,36189,36748,38337,40612,41608,42848,43858,45760,50138,54062,53864,56165,62031
06025,"Imperial, CA",19108,20723,22995,23381,23530,24097,25334,26270,28108,27867,29124,31225,31427,32625,33756,36118,35248,35579,35211,37662,46450,48581,46422,48248,52117
06027,"Inyo, CA",25518,29887,29889,31258,34385,36095,38571,39553,42280,41363,42443,43611,45312,45771,48563,50928,54678,56238,54814,57680,59781,61205,59967,67788,72766
06029,"Kern, CA",21463,22337,23116,23974,24985,26034,27293,28861,29194,28590,30669,32140,33729,34301,36164,36534,36172,36580,37566,39301,44612,46978,45289,47452,50641
06031,"Kings, CA",17382,18473,20159,22104,23201,23663,23514,26563,25479,24494,26345,29313,28635,29655,32830,32758,34192,35431,35083,36435,41497,43931,43286,44338,47718
06033,"Lake, CA",23781,24795,25736,26168,26568,26722,28083,29238,29594,29672,31079,31435,31987,32606,34171,35763,36608,38160,38962,40193,43965,46985,45772,48323,52606
06035,"Lassen, CA",18596,19113,20169,21156,21687,22292,23805,24905,26750,26202,27583,28253,28144,28552,29550,31161,32402,32249,32730,32815,38004,40835,41082,43760,48818
06037,"Los Angeles, CA",29938,30783,31342,32655,34494,36606,39784,41765,42732,41229,42794,45437,48072,47537,50047,53061,54742,56627,58994,62591,67889,73575,74714,78745,83888
06039,"Madera, CA",18876,20100,21264,22035,23665,24126,24905,26800,26478,25595,28122,29346,30915,32088,33822,34349,35964,36908,37455,39073,44088,47950,45952,47071,51225
06041,"Marin, CA",68518,73417,70831,71504,76517,80034,86274,88333,89322,81770,83245,89199,94979,95459,102019,109260,113208,119039,128066,136592,145431,165660,168508,180661,190891
06043,"Mariposa, CA",22422,24168,24926,25649,28313,29557,31371,33037,34105,34556,36244,36741,37669,38323,40816,43709,46928,49114,51060,53858,57206,60501,61280,65784,70855
06045,"Mendocino, CA",25157,27821,28273,28769,29613,29830,31822,33603,34438,34822,37856,37650,37248,37861,40051,41674,42473,43727,45234,47010,52343,56503,55500,57889,62438
06047,"Merced, CA",19851,20813,21532,22910,24467,24839,25255,27971,26809,26855,27985,29816,30245,31488,34236,35164,35623,36405,36823,38423,44023,47939,46377,46796,51481
06049,"Modoc, CA",20767,22526,25027,25253,25755,27383,27930,30145,33033,34678,35088,36351,36296,37622,40660,42423,43102,43265,43706,46475,54211,56011,59345,60680,68353
06051,"Mono, CA",26501,29786,30996,34274,35830,38459,37171,37698,39089,38355,40528,41156,40317,41169,42699,44095,45321,51071,49820,54933,60540,63543,66439,69431,75036
06053,"Monterey, CA",31468,31627,31852,33333,34337,35856,39070,40621,40435,40094,41004,41450,42871,44354,46375,49760,50849,51873,52360,55690,60857,64947,65611,69644,74175
06055,"Napa, CA",38046,40891,40968,41027,41480,43781,45918,47390,47212,46041,46721,48200,52826,54307,58255,62802,66433,68093,69039,73298,83021,87446,89224,96148,103017
06057,"Nevada, CA",31091,33774,33898,35122,37838,39031,42079,44042,43798,43670,45649,47203,48683,49171,51351,53107,55352,55976,57305,60440,65075,70627,71651,76225,80346
06059,"Orange, CA",37918,39097,39681,41653,43948,46849,50360,50670,49571,46192,48645,51263,54318,53541,55457,59238,61184,63510,66056,69616,75080,81861,84577,89480,94034
06061,"Placer, CA",37356,40503,40018,41238,43207,44390,46336,46918,47800,46208,47679,49606,52286,52935,55196,58511,60585,62801,64808,67667,73223,79633,80551,83911,87751
06063,"Plumas, CA",25813,28792,29248,30737,32909,32845,34829,35702,37198,37641,39409,39558,39086,40321,42887,44023,44553,45906,47535,49299,54496,58769,60396,65278,71569
06065,"Riverside, CA",24378,25497,25928,26872,27898,29226,30795,31497,31615,30615,30972,32433,32850,33595,34822,36631,38092,39100,40619,43122,47600,51584,51449,53350,56404
06067,"Sacramento, CA",29968,31542,31984,33121,34253,35225,36975,38310,39055,37892,38278,39645,40607,41559,43443,45839,46878,48274,50292,52551,57575,61795,62314,65388,69693
06069,"San Benito, CA",28804,27711,27699,29030,30510,31674,34115,36659,36718,35974,35928,36934,37874,39289,40383,44022,46231,48561,50113,54121,60646,62398,62415,65041,69967
06071,"San Bernardino, CA",22719,23631,24353,25406,26680,27610,28874,29882,29963,28955,29436,30773,31260,31887,33379,35176,36417,37305,38655,41078,45341,49824,49214,50698,53991
06073,"San Diego, CA",33680,34192,35306,37102,39831,41457,43473,44352,44776,42884,43890,46118,47707,48653,50923,53366,55082,56977,59022,62058,67479,73319,75055,79921,84312
06075,"San Francisco, CA",56873,56610,55101,55558,59294,64790,71398,74402,74712,71500,75266,79893,86572,87287,96029,103603,110427,117264,126910,127302,136856,160328,153759,162335,171497
06077,"San Joaquin, CA",25037,26223,26612,27620,28715,29693,31082,31964,32003,31955,32595,32939,33617,34771,36266,38437,39752,40865,42302,45284,51630,56068,56457,58160,63017
06079,"San Luis Obispo, CA",27991,30341,31286,32380,34151,35336,37745,39634,39504,39021,40064,42220,43668,44773,47058,49919,51124,53633,55482,59023,63182,68653,68999,73274,77564
06081,"San Mateo, CA",60152,58377,54966,55712,59805,64351,71196,75009,74407,71230,73095,78683,86408,85558,90765,99085,103811,114031,123326,129067,141322,174510,162109,171038,179656
06083,"Santa Barbara, CA",33149,33833,33590,35218,39165,41163,44226,45186,45037,43923,45155,47840,49988,49095,51453,54328,54886,57029,59670,62413,69116,76898,78437,83529,88347
06085,"Santa Clara, CA",53991,51332,48570,49057,50509,52884,57611,61760,60928,56816,60861,65675,71676,71578,77043,83758,90091,97638,106551,112573,122266,145029,141894,149429,157620
06087,"Santa Cruz, CA",39298,39611,38990,39581,41075,41417,43669,45656,46666,45308,48844,49297,51737,52270,54097,56935,58545,62116,64905,69475,76958,88568,82838,87608,93580
06089,"Shasta, CA",25538,27466,27892,28318,28875,29352,31302,32582,32669,33096,34492,34978,35505,35789,37896,40234,41284,42692,43818,45647,51208,54425,54551,57160,61769
06091,"Sierra, CA",23421,25560,24537,24926,25664,26237,26359,27705,28172,29909,31945,33655,35047,35377,37087,36501,37795,38624,39756,41762,45370,47424,51014,52839,56704
06093,"Siskiyou, CA",23020,24414,25234,25706,27225,26948,28881,30219,31663,30695,31805,33248,33570,34301,36558,39580,40616,41409,42266,43374,49601,52859,52374,55090,61164
06095,"Solano, CA",28244,30187,30931,32098,32965,33987,35768,37429,38004,37518,37655,38629,38966,40013,41183,43584,45437,46639,48563,51607,58630,59802,60904,63212,67744
06097,"Sonoma, CA",36389,38091,38104,38524,38865,40023,42764,44055,43214,41550,42814,44466,46257,47536,49848,53609,55532,57881,61096,65926,72602,78446,78666,83375,88832
06099,"Stanislaus, CA",24219,24837,25391,26164,27733,28371,29359,30799,31076,30583,31908,32858,33791,34377,36748,39001,39774,40587,41448,43430,48678,52417,51572,52853,56741
06101,"Sutter, CA",25940,25509,25920,26987,28460,28964,30870,32772,34076,34369,34431,35298,34973,36451,36669,39109,39963,40329,42168,43870,49430,53620,52365,54054,57844
06103,"Tehama, CA",19440,20686,21572,22233,23381,24620,25377,27142,26953,27719,28724,29959,31285,31580,33897,35477,35982,37969,38751,39991,44489,48095,46935,49790,53402
06105,"Trinity, CA",20493,22149,22583,23121,23956,22957,23284,25133,26170,26654,27813,27282,26803,26633,28314,29462,29583,29620,30563,31431,33298,35893,36297,38483,42191
06107,"Tulare, CA",20030,21583,21832,23125,24922,25606,25996,29074,28639,27740,30109,31641,31430,32011,34976,35549,37118,37977,38064,39837,45579,49104,47655,48757,53098
06109,"Tuolumne, CA",23720,25554,25953,26900,28296,29132,30459,31811,32424,32168,34577,35828,36579,36078,38129,40840,42286,43071,43698,45744,49606,52970,53583,56885,61604
06111,"Ventura, CA",33818,35576,36021,37690,39950,41390,44042,45736,45775,44435,45947,47869,49593,49789,51946,54244,55760,57462,59789,62933,67737,74496,74454,77940,82558
06113,"Yolo, CA",27801,29787,30095,31555,33182,34286,36651,38498,39765,39447,39972,42852,43545,44606,46794,49060,49950,50784,52071,55300,59784,66164,63771,67061,71044
06115,"Yuba, CA",20109,21583,22751,24304,25627,26666,27744,29421,30658,30832,31372,32306,32540,33425,34260,36535,37536,37724,39413,41231,45542,49373,48993,50601,54741
08001,"Adams, CO*",27023,27788,27923,28266,28601,28966,29791,30959,31998,31001,30907,32543,33882,34680,36737,38156,39639,40908,43133,45004,48468,53186,56627,58328,60273
08003,"Alamosa, CO",22342,22762,24366,23287,24335,25409,25976,27561,29061,29036,28891,30317,30407,31064,32468,34241,33848,34430,36289,37931,40757,44301,44214,46085,46523
08005,"Arapahoe, CO",42523,41442,40886,41222,40522,41382,44482,45922,45544,42227,43121,48045,49326,49270,52523,54023,55375,55992,61244,64494,68974,73706,77807,81281,84131
08007,"Archuleta, CO",19654,24572,25192,24973,24565,26549,29026,30542,32015,30502,30548,33154,33712,34832,38405,40564,41306,42046,44338,46428,50452,53587,55736,57811,62563
08009,"Baca, CO",24381,25883,21357,26682,26459,28703,24523,30653,33024,37160,38398,42708,35737,43032,37647,37807,37170,43189,41849,40324,46140,50011,57845,62513,53426
08011,"Bent, CO",19528,20938,19201,20374,20791,21585,20881,23759,23725,22212,21729,22459,23210,23371,24158,24723,24217,23515,26148,27141,30153,35001,34240,34992,34964
08013,"Boulder, CO*",41247,42140,41301,42175,43163,45886,48567,50429,52310,47097,50353,52376,54426,55937,59479,63236,64154,68368,71554,78583,81978,92885,95621,101124,104808
08014,"Broomfield, CO*",(NA),(NA),41260,41343,43677,47339,53290,57788,62933,57223,53906,55991,58052,54574,56823,57982,59591,62265,66565,72466,74921,81492,86027,89643,93044
08015,"Chaffee, CO",22284,23439,23232,23795,24765,26090,28024,29831,30690,30722,31098,33255,34176,35612,39132,41571,43471,45074,48537,52403,55980,62335,62995,68213,71431
08017,"Cheyenne, CO",28406,32371,25259,34585,33320,35214,31770,47210,41330,48243,54495,58239,50758,58261,52117,44306,39419,39993,40542,54145,46671,68676,79152,86116,79060
08019,"Clear Creek, CO",35463,35972,38485,42248,43732,45166,46824,45088,46985,45334,44980,47449,49010,51358,52564,55801,57439,58872,59261,65677,69047,72886,75208,81163,85137
08021,"Conejos, CO",16198,17555,17560,19253,20047,20499,21089,22203,23573,24538,24436,26533,27129,28034,29850,33563,33991,34882,37534,38442,41095,45861,45708,47830,47836
08023,"Costilla, CO",19146,20516,21444,20385,20120,21518,22300,23355,23826,25349,24839,27348,27030,28696,29692,32792,33320,34112,35931,37340,39413,41935,40635,42933,43334
08025,"Crowley, CO",15989,17458,14715,15426,15091,16919,16157,16503,17460,16627,16267,16205,17446,18191,18133,21007,21166,18314,19774,19655,22494,25175,24277,26114,27232
08027,"Custer, CO",22305,25829,26757,26955,28377,27486,29122,30833,32928,33113,31178,35594,34724,37938,41196,43685,44001,41913,43640,45922,47976,51304,52322,55244,58809
08029,"Delta, CO",21499,21801,22034,22387,23343,24844,26378,29098,29291,28425,28430,30817,31112,31283,32657,33611,32930,34199,36269,38499,42566,46383,48405,50688,53170
08031,"Denver, CO",39202,39694,39756,40383,41506,45769,49967,51386,53724,46123,47946,53572,56977,62207,68329,67464,62813,73710,78681,84048,86693,103649,114859,116777,119263
08033,"Dolores, CO",20100,21003,19927,21258,21079,22717,22470,25242,23367,25182,24883,30266,29457,30870,31872,34093,31114,32056,33118,35573,37444,42184,40128,40493,42287
08035,"Douglas, CO",43707,42890,38999,37709,41413,46470,51028,54689,56529,55378,54316,57525,61162,63221,66512,61453,58314,60873,70260,76598,83155,90010,97519,103592,107204
08037,"Eagle, CO",39675,43456,43010,43615,44552,48482,55181,60622,56729,48617,43780,46387,47569,55772,59988,65416,66881,71475,80086,82532,89022,102843,117417,130343,137706
08039,"Elbert, CO",31240,32788,31518,31570,34989,36645,37341,40282,42293,41876,39134,48248,44931,47869,50277,52158,54588,56163,60196,62688,65070,71490,73744,76435,79244
08041,"El Paso, CO",30714,31117,31464,32089,32864,34356,35414,36994,37893,37780,38310,40237,41091,40894,42763,44144,44505,46160,48014,50511,54293,59550,61728,65598,68934
08043,"Fremont, CO",19386,20473,20285,20708,21325,21754,22408,23667,25075,25327,25915,27059,27210,27967,29312,30758,31741,31916,33793,34700,38305,41747,42329,43713,45918
08045,"Garfield, CO",30820,31696,31140,31283,33259,36351,40351,43418,45065,41090,37579,40123,41956,44235,49354,54281,52210,54177,56310,58064,58957,62361,66724,71390,74757
08047,"Gilpin, CO",34875,43607,43956,40959,39476,48428,47102,42908,41390,37400,36664,36720,37428,43145,43258,46078,48399,49563,50029,53330,56095,62864,66533,70211,73129
08049,"Grand, CO",28450,27642,27932,28448,30581,31497,32607,34157,33991,31559,30939,34574,37136,42108,43212,46276,45431,48462,52486,54240,55868,63213,70055,75899,81305
08051,"Gunnison, CO",23592,26526,26286,27824,29292,31177,33576,35226,36545,35153,34101,37234,36414,38217,40855,42609,44583,45568,48562,51272,55770,62001,66080,70832,75184
08053,"Hinsdale, CO",24034,23629,24356,26608,26351,29582,28147,29125,33707,35321,35750,41757,38994,39224,42421,44733,45750,46645,48403,51653,53676,59764,63492,73076,74083
08055,"Huerfano, CO",17797,19438,20045,20430,22087,23071,25131,27404,28406,29127,29856,31342,32774,33534,35327,36816,38226,38684,39097,41041,44696,49505,47028,51149,53491
08057,"Jackson, CO",20944,21149,24549,25603,26633,30777,32823,34803,34425,35667,37634,40254,35486,40109,42497,48228,45847,48721,54517,54470,57702,61789,66508,72290,77936
08059,"Jefferson, CO*",38427,41683,40803,40913,42526,43099,44554,45780,46826,44399,45160,47237,48866,50671,53581,55942,57079,59425,62336,65967,68574,75528,81739,85359,88698
08061,"Kiowa, CO",30768,34405,25754,32245,29638,30744,26773,43500,37221,39213,43547,49708,50368,65828,55178,45552,43429,40443,43963,51903,54089,68626,69737,80569,74364
08063,"Kit Carson, CO",25197,26189,22624,27615,26215,27655,24948,30633,31865,30575,34554,35509,35122,35135,35854,34580,38952,36930,36087,41737,41568,52972,51618,55646,52550
08065,"Lake, CO",20962,22483,22571,23344,23911,25063,26790,27548,29399,27630,27192,29370,29349,30490,31998,33486,34132,35288,38125,39575,43956,48652,51619,54433,58221
08067,"La Plata, CO",28086,28927,29295,30951,33660,35879,38635,41205,44857,42169,42041,43376,45641,51194,53491,53767,52678,52540,56394,58995,60705,65442,71921,77474,81031
08069,"Larimer, CO",30727,32066,31841,31758,32719,33972,35739,37666,38301,37027,37474,39109,40767,42292,44655,46446,48072,51423,53677,56225,59515,65120,67835,71264,73894
08071,"Las Animas, CO",20699,22024,22912,22868,24566,25952,27595,28778,29675,27613,28371,30014,31000,33041,35270,34645,34053,35044,37628,37778,41943,45060,46096,47166,47422
08073,"Lincoln, CO",18481,19319,18921,20330,21330,22116,21605,25519,25099,26549,26351,27588,26770,25535,28540,27786,26563,26723,27800,29453,33224,37821,40298,42796,39836
08075,"Logan, CO",24163,26211,24816,25568,26109,27583,29413,33330,37120,33843,34317,39159,42555,44621,46398,48062,48566,44742,44359,42694,43441,49769,52525,57158,57669
08077,"Mesa, CO",25615,27268,27597,27832,28695,30470,32669,35446,38775,34819,34342,35643,36958,37438,39582,40295,39840,42117,44404,45982,48425,53049,55383,57277,59925
08079,"Mineral, CO",24339,31374,32950,33150,29846,30865,33212,33235,39050,43507,41960,50252,47267,50932,54842,56811,56068,57225,58750,64561,64513,68256,72207,78292,80926
08081,"Moffat, CO",23420,25026,26275,27638,27960,30980,32668,34864,34761,35223,33166,36096,37571,38623,39923,39672,39291,39333,41558,40836,44930,46291,49516,52033,54160
08083,"Montezuma, CO",22906,23396,23673,24391,25218,26852,28243,30576,31802,31171,30982,33253,33994,35724,39651,40524,40025,40555,42320,43841,46964,51326,51204,53217,55437
08085,"Montrose, CO",22906,24080,24481,25167,26369,28659,29515,30822,31702,30427,29832,31095,31939,32331,34370,36355,36481,37952,41067,42824,45894,50588,53080,54259,57305
08087,"Morgan, CO",22011,23946,23735,24442,25111,25940,26483,27474,29228,27673,30794,33988,35391,36044,39361,40368,41377,40470,43963,44458,47035,52157,52782,53513,55065
08089,"Otero, CO",23036,23641,23441,24333,24939,26450,26607,28126,28359,28018,28961,30144,30363,30658,32095,33585,32765,32821,34726,36006,39468,42381,42773,44764,47135
08091,"Ouray, CO",26847,34039,34909,37801,38926,38870,43044,45263,43868,42292,38579,42246,43605,47406,50898,53780,55113,55904,62877,65243,72974,83376,83637,86894,91554
08093,"Park, CO",29922,30766,29596,29735,30545,31509,32266,32826,34274,33188,32490,35812,36403,37149,38480,41565,44230,45647,45932,49376,52369,57854,59018,63059,65741
08095,"Phillips, CO",25773,27673,23724,25999,25009,25380,24385,30971,33671,34580,35971,42848,40046,38101,37550,37100,41184,38363,40096,41699,43962,51400,56653,57945,54291
08097,"Pitkin, CO",78288,79114,78385,81952,85400,95630,107329,121304,119065,89420,87928,92979,109437,102184,123212,128818,134155,136570,151435,175663,163303,192190,232863,261948,275044
08099,"Prowers, CO",22437,23821,22683,24433,25489,26312,26033,28555,29630,30880,32315,33700,34785,37374,37677,39723,39385,37578,39224,38895,41170,45708,46702,49444,49149
08101,"Pueblo, CO",23743,24224,24616,25254,25977,26456,27277,28814,28571,28579,29348,30405,31102,31640,33246,34570,35313,36167,38012,39476,43225,46902,46998,49023,51492
08103,"Rio Blanco, CO",24843,23803,24808,26076,28537,33494,36283,40319,41636,38956,39505,41181,42082,43222,45501,44718,41780,43309,46178,47894,49809,56112,59467,62930,65123
08105,"Rio Grande, CO",22939,23491,25166,23578,24426,25694,26741,29399,31435,31520,31272,33824,33881,35773,37783,40709,40447,40842,44289,47018,51101,55629,56802,62039,63008
08107,"Routt, CO",33882,45230,46982,45084,45723,46768,49051,50095,52490,49065,51302,60175,61340,60393,65228,69663,69903,78751,79869,85668,91040,107106,121611,130747,136239
08109,"Saguache, CO",17859,17605,19613,16650,18960,21536,21550,24309,25574,24686,25184,27899,26096,28820,31439,34720,32573,31516,34193,37621,40084,43950,41567,44499,43701
08111,"San Juan, CO",25315,31153,34613,32267,27593,31321,36935,42815,43801,41237,34269,41746,44917,52501,48403,56446,50203,47220,44025,49649,53910,58003,51912,54168,59114
08113,"San Miguel, CO",36609,46580,46813,46507,47920,52470,57943,58979,53313,51553,47593,50652,51053,59081,70274,75795,72237,76739,83589,92658,100236,124453,145426,154127,160783
08115,"Sedgwick, CO",24826,27559,23956,26999,29262,29798,27821,38732,40234,36571,40696,46077,46639,47274,46645,42651,42475,39514,37598,41662,41222,52446,56764,56763,54027
08117,"Summit, CO",35731,36583,36007,35388,37744,39325,45187,46730,48301,42885,43321,47812,48490,53215,55548,59335,60353,62945,68438,74900,76909,84710,97275,106630,112809
08119,"Teller, CO",30539,30097,29742,30545,32789,34277,35578,36540,38414,38564,38722,41644,42409,42773,44576,46538,47344,48704,49830,53374,57526,62748,62998,67518,70651
08121,"Washington, CO",22005,23834,20128,24213,24684,24980,23817,28103,29215,32217,35247,40315,39223,39098,38967,39697,37553,34222,36226,39400,41152,47644,53531,51396,48606
08123,"Weld, CO*",25377,26015,24828,25223,27059,28688,29978,32279,34027,32786,33460,35538,37212,38936,42441,43913,43921,44388,47852,49754,52062,56372,59174,61589,63672
08125,"Yuma, CO",26514,32045,30213,31175,33321,37398,37355,39224,40645,33531,38841,44306,48651,48027,49002,50089,50594,41945,41787,43626,41068,49593,52744,56641,54895
09001,"Fairfield, CT*",61662,66195,64643,64486,68225,73568,81275,89760,98966,97982,102570,102990,101721,95074,99709,101229,103697,106958,112885,113656,113558,122881,131179,140184,(NA)
09003,"Hartford, CT*",38379,38799,38760,39330,41617,43350,46285,48617,50195,49459,50432,52406,53574,53855,55768,57678,58534,59686,61865,63525,66756,70168,72127,75740,(NA)
09005,"Litchfield, CT*",38917,41809,41347,41744,42968,44416,47368,49749,50676,48630,49428,51956,53880,53360,54632,56273,57360,58263,59941,64553,69297,76919,77320,80358,(NA)
09007,"Middlesex, CT*",38811,41245,40951,41448,43607,44724,47574,50958,53384,52037,52977,54547,56634,56894,59213,61164,62250,63212,65071,67641,71094,73793,76651,80625,(NA)
09009,"New Haven, CT*",35316,36754,36941,37010,38174,39386,41765,43848,45003,43679,44296,45947,46896,47193,48554,50081,50723,51502,53726,56438,59962,64427,65169,68131,(NA)
09011,"New London, CT*",33859,35101,35910,37226,39478,40462,42205,44618,46076,45638,45929,47796,48419,48210,49628,52105,53388,54680,55672,57962,60987,64673,66678,70243,(NA)
09013,"Tolland, CT*",33838,36423,35991,35861,36981,37656,39724,42756,44662,44246,44972,46913,48208,48116,50206,51485,52574,53287,54846,57370,62688,63309,64631,67774,(NA)
09015,"Windham, CT*",27786,30553,30825,31132,31707,32371,33919,35574,36609,36212,37164,38326,38846,38928,40053,41306,42274,43480,44391,47353,50844,53702,54507,56260,(NA)
09110,"Capitol, CT*",(NA),(NA),(NA),(NA),(NA),(NA),(NA),(NA),(NA),(NA),(NA),(NA),(NA),(NA),(NA),(NA),(NA),(NA),(NA),(NA),(NA),(NA),(NA),(NA),82719
09120,"Greater Bridgeport, CT*",(NA),(NA),(NA),(NA),(NA),(NA),(NA),(NA),(NA),(NA),(NA),(NA),(NA),(NA),(NA),(NA),(NA),(NA),(NA),(NA),(NA),(NA),(NA),(NA),106897
09130,"Lower Connecticut River Valley, CT*",(NA),(NA),(NA),(NA),(NA),(NA),(NA),(NA),(NA),(NA),(NA),(NA),(NA),(NA),(NA),(NA),(NA),(NA),(NA),(NA),(NA),(NA),(NA),(NA),87273
09140,"Naugatuck Valley, CT*",(NA),(NA),(NA),(NA),(NA),(NA),(NA),(NA),(NA),(NA),(NA),(NA),(NA),(NA),(NA),(NA),(NA),(NA),(NA),(NA),(NA),(NA),(NA),(NA),72474
09150,"Northeastern Connecticut, CT*",(NA),(NA),(NA),(NA),(NA),(NA),(NA),(NA),(NA),(NA),(NA),(NA),(NA),(NA),(NA),(NA),(NA),(NA),(NA),(NA),(NA),(NA),(NA),(NA),67025
09160,"Northwest Hills, CT*",(NA),(NA),(NA),(NA),(NA),(NA),(NA),(NA),(NA),(NA),(NA),(NA),(NA),(NA),(NA),(NA),(NA),(NA),(NA),(NA),(NA),(NA),(NA),(NA),83433
09170,"South Central Connecticut, CT*",(NA),(NA),(NA),(NA),(NA),(NA),(NA),(NA),(NA),(NA),(NA),(NA),(NA),(NA),(NA),(NA),(NA),(NA),(NA),(NA),(NA),(NA),(NA),(NA),73967
09180,"Southeastern Connecticut, CT*",(NA),(NA),(NA),(NA),(NA),(NA),(NA),(NA),(NA),(NA),(NA),(NA),(NA),(NA),(NA),(NA),(NA),(NA),(NA),(NA),(NA),(NA),(NA),(NA),64845
09190,"Western Connecticut, CT*",(NA),(NA),(NA),(NA),(NA),(NA),(NA),(NA),(NA),(NA),(NA),(NA),(NA),(NA),(NA),(NA),(NA),(NA),(NA),(NA),(NA),(NA),(NA),(NA),165513
10001,"Kent, DE",27115,26934,28123,29442,30849,31156,32483,33172,33504,34641,34225,35559,35586,36465,37285,37776,39366,40869,42425,44271,45392,49547,50951,52818,55474
10003,"New Castle, DE",37747,42028,42926,42538,42635,42929,44856,45657,44684,44434,44687,48078,47391,46632,48080,49852,50901,52960,56117,56427,58389,62061,67241,66120,69609
10005,"Sussex, DE",26663,28837,28955,30905,33897,34432,35603,36750,38086,37017,36989,38885,40742,42862,44738,48044,48231,49706,52107,54668,56384,62531,66534,69698,73647
11001,"District of Columbia, DC",43401,44809,45124,45978,49986,52686,55384,59358,60609,60011,63190,66985,67522,67081,70527,74784,77500,79567,82272,83675,90741,98143,100849,106640,111185
12001,"Alachua, FL",25072,26168,26607,27282,29832,31538,33152,34389,35527,34144,35481,36440,36120,36118,37506,38534,39183,41322,43293,45360,47695,51784,52636,56461,58873
12003,"Baker, FL",19969,21143,21619,22823,23776,24241,25059,25936,25791,24870,26014,26775,27203,27858,28677,30094,31362,32929,34139,34846,38273,43068,44679,45990,47620
12005,"Bay, FL",24630,26739,27899,29480,30921,32565,34302,35779,36796,35643,37147,37966,37618,37253,38333,39702,40351,40698,41972,45880,50064,54446,53918,56259,58101
12007,"Bradford, FL",19469,19770,20198,20550,20934,21533,21984,22423,22839,23555,25298,26464,28093,28970,30081,31128,31403,33003,33690,34298,37499,40967,41670,43948,46074
12009,"Brevard, FL",27721,28512,28911,30222,31596,33112,35038,36139,37103,35737,37102,38497,38221,37921,39023,40780,41503,43472,45703,48161,51244,55709,57115,60913,64167
12011,"Broward, FL",31341,32405,32993,33839,35590,37736,39918,41600,40731,38532,41067,41827,42079,41128,43241,45958,46412,48304,50525,53607,56878,63382,66842,71592,74506
12013,"Calhoun, FL",16574,18251,18349,18851,19075,19890,20250,20997,21834,21810,23267,23706,23544,23359,24512,25058,25590,26924,28148,30205,32879,36259,35877,38401,41473
12015,"Charlotte, FL",26176,26783,26446,27165,28747,30881,32677,33511,33218,31640,32471,33826,34836,35245,37014,38785,40061,41202,42807,45775,48614,52189,52648,57454,59995
12017,"Citrus, FL",22437,23348,23747,24597,25379,27054,28573,29756,30340,30097,31387,32311,32710,33185,34106,35385,35589,36349,37553,39064,41636,45661,45430,48235,50762
12019,"Clay, FL",27332,28354,29070,30636,31371,32946,33926,34916,35434,33856,34470,36085,36746,37056,38568,40201,41572,42388,43584,44923,47835,52754,54056,56690,59301
12021,"Collier, FL",42428,46218,46308,47539,52671,57706,64966,67489,67406,57676,63030,65263,72178,69723,77042,83155,85460,91988,102177,106718,109978,123025,130209,143709,150140
12023,"Columbia, FL",19359,21451,22071,22312,23674,24816,25322,26782,27351,26730,28609,29935,29435,29526,30925,32345,32868,34385,35756,36850,40111,43757,43291,46115,48052
12027,"DeSoto, FL",17174,17375,17377,17324,18250,19795,20801,20817,20754,20585,22235,23004,22488,22840,24030,25385,25358,26001,26689,28404,30246,33291,33279,35254,35938
12029,"Dixie, FL",15979,17097,17531,17701,18537,19288,19532,20191,20715,20910,21873,22391,23364,23695,24959,25661,25895,27853,28779,29313,32943,35448,34433,36865,37869
12031,"Duval, FL",29856,29899,30561,32010,33060,34907,36932,37555,37466,35483,36764,38021,38637,38313,39296,40749,41215,43483,44536,46699,49978,55284,56760,60237,62750
12033,"Escambia, FL",24358,25532,26282,27473,28505,29692,31496,32981,33582,33166,34518,36019,36148,35599,36760,38444,39532,41346,42363,44287,47662,51872,53262,56080,59212
12035,"Flagler, FL",23795,26781,26793,27551,28636,31076,33094,33505,33868,32283,33283,34808,37117,37532,39584,40871,43040,45746,47500,49740,53412,58123,60063,63818,66716
12037,"Franklin, FL",21353,23826,25084,26240,28387,29275,28406,29048,28837,27196,29077,30284,30731,30181,30592,31522,31664,33150,36148,36014,38768,44619,44263,46387,47784
12039,"Gadsden, FL",20447,21908,22931,23800,25302,26472,27386,27722,28143,28048,28143,29824,28948,28562,30070,31493,32422,34141,35063,37198,40761,44973,44905,48171,50734
12041,"Gilchrist, FL",20378,22342,22073,22093,23802,23610,24009,24224,24381,24565,25935,27240,28843,28308,30850,31051,31823,33913,34844,36434,39747,42908,42446,44591,46034
12043,"Glades, FL",17116,17986,17766,17644,17814,17927,19094,20782,18658,18398,19828,20223,22293,22757,23824,26537,24644,26751,27487,28499,31449,32380,31586,33146,34547
12045,"Gulf, FL",17022,18914,19590,20249,22175,23095,23987,24301,24761,24782,26556,26854,27176,26458,28285,29294,31083,32782,35705,42601,45610,50001,48906,51568,53917
12047,"Hamilton, FL",14699,14723,14884,16015,17375,18996,19376,20261,21047,20219,21800,22626,21620,22758,23701,24755,24654,26199,27760,27601,31497,34832,35264,36876,37697
12049,"Hardee, FL",17829,18644,18482,18789,19718,21204,21227,21715,21997,21849,23220,24254,25397,24631,25705,27108,26495,28593,28168,30086,32323,35838,34966,37111,37993
12051,"Hendry, FL",20317,20558,21148,20464,21004,21748,23224,23459,23029,23745,25991,26095,27989,30106,29826,31331,31039,31965,32764,34697,37957,40908,39708,40878,42202
12053,"Hernando, FL",23958,24603,25159,26021,26598,27336,28618,29722,30207,29679,30731,31390,32043,31760,32948,34139,35236,36141,37308,39206,42623,46787,46514,49097,51450
12055,"Highlands, FL",20489,21458,22210,22875,23578,24564,26009,27187,27576,27713,29077,29944,30499,30239,31061,32158,32610,33746,34123,36015,38733,41643,41681,44693,46499
12057,"Hillsborough, FL",29230,29637,30035,31390,33379,35017,36598,37626,38222,37430,39796,43082,41633,40489,41779,43183,43525,45321,47197,49634,53345,57772,60141,64439,67712
12059,"Holmes, FL",18331,19498,19354,19644,20634,21404,22279,22629,23031,23656,25290,26539,26251,25904,26534,28345,28179,29715,30734,32047,34963,38978,39445,42035,43920
12061,"Indian River, FL",38620,42195,42365,43956,49041,53146,59308,60287,61059,52004,53003,57784,60654,60158,64937,67357,70238,74034,80009,83867,87294,97741,101417,110624,115408
12063,"Jackson, FL",19163,20344,21308,22956,22829,24536,24924,26056,26269,26648,27908,28548,26773,26560,27980,28682,29396,30561,32158,34431,37829,40390,39117,41806,42319
12065,"Jefferson, FL",24914,26927,26236,26969,27290,28314,29182,31230,31359,31751,31569,33850,33795,33322,35763,36416,37672,38465,39769,43273,46706,51825,48728,52588,54573
12067,"Lafayette, FL",15486,16493,15345,15954,17521,16919,16298,19007,19399,18887,19730,21030,21693,22316,24867,26319,23245,25156,25440,27024,29279,32599,34511,36020,38129
12069,"Lake, FL",25900,26809,26976,28416,29396,30519,31931,33123,33855,32297,33019,33750,34758,34951,36436,37716,39111,40640,41672,43189,45463,50931,52476,55970,58161
12071,"Lee, FL",28655,31218,31160,32466,35764,37361,40983,40592,41090,39841,39519,41969,42181,41980,44811,46699,48712,50829,53089,55393,58696,61798,62774,67376,70329
12073,"Leon, FL",27623,29305,29796,30443,31907,33320,34230,35206,35589,34725,36540,38328,37482,36879,38553,39577,40939,42321,44491,46447,49154,53219,53733,58237,61912
12075,"Levy, FL",18879,21075,21016,21931,23470,24832,25546,26341,26660,26481,28109,29025,29326,29559,31518,32628,33133,35044,35420,37002,40849,44473,44643,47774,49341
12077,"Liberty, FL",17897,19345,19706,20582,21779,22333,23764,24893,25524,22312,22764,22967,22027,21737,22269,22384,22888,24490,25508,26605,30988,35174,32898,35269,37008
12079,"Madison, FL",17485,18303,18782,19314,20269,20927,21540,22657,23302,23402,24468,25547,25861,26936,29135,30997,30169,32079,33833,33921,37929,40409,43118,45212,47115
12081,"Manatee, FL",31343,30617,31012,31696,34248,37049,39528,39725,38137,35535,38126,40254,38913,39327,41892,44453,45106,47077,48786,52457,54272,58345,61327,65700,68505
12083,"Marion, FL",23328,24276,24264,25051,26209,27892,29618,30175,30289,29512,30493,31771,31928,31309,32245,33149,34331,35661,36817,38425,40953,44934,44949,47824,49299
12085,"Martin, FL",43301,45915,45103,46793,50926,54969,61079,62394,60348,52914,54841,58083,66188,61847,68833,71882,74994,81101,84461,89456,96971,102187,109583,120044,124697
12086,"Miami-Dade, FL",26655,28347,28982,29583,31601,33711,36544,37803,37984,34738,38302,39469,39939,39401,41940,44287,44039,48476,52930,55334,56418,65404,70861,75626,78567
12087,"Monroe, FL",39645,41114,41205,43126,48309,54898,62660,66708,66415,58326,61332,61837,67933,61881,66557,67131,72370,78983,88735,94612,94832,107197,122924,138825,147760
12089,"Nassau, FL",30667,32697,33521,34701,37108,39305,42018,44628,45202,42004,44018,45964,45212,46487,48819,51836,54172,56909,60520,62258,65894,72782,76177,80472,83469
12091,"Okaloosa, FL",29136,30352,32042,34678,35835,37677,39318,40738,40720,39305,41204,41745,42775,42084,43349,44364,45171,46947,48680,50947,54403,59138,59933,63192,66226
12093,"Okeechobee, FL",17769,19095,19362,20057,21725,23181,23755,24563,24841,24459,25065,26523,26804,26902,29561,31236,30284,32272,32195,33409,35871,39579,40424,42349,44009
12095,"Orange, FL",27737,26960,27291,28208,29781,31413,33484,34383,34621,32493,34042,35519,35838,36058,37682,39587,40031,42124,43751,46185,49353,54607,56663,60169,62855
12097,"Osceola, FL",20727,21694,22173,22801,23386,24856,25366,25905,25663,25609,27107,28302,27860,28079,28973,30333,31337,32580,34352,36347,39759,44267,44733,47135,49092
12099,"Palm Beach, FL",45304,45567,45221,45758,49105,53454,58160,61160,59536,52620,54854,58029,62603,60633,65064,69181,70282,76780,81933,86731,91114,101897,112099,122202,126852
12101,"Pasco, FL",22819,24307,25031,26224,27317,28410,29962,31411,32234,31249,32632,34138,34336,34547,35734,37229,38455,39534,41139,43517,46453,51514,53252,56565,59136
12103,"Pinellas, FL",32377,32804,33483,34434,35927,38012,40092,41374,41195,39454,42005,43711,43433,43501,45994,47986,48768,51468,53851,56719,60645,65813,68284,74073,78288
12105,"Polk, FL",24125,25723,25829,26608,27899,29239,29444,29889,30434,29136,30876,32248,32116,31993,32914,33828,33762,35344,36246,37844,40840,43955,43504,45026,46274
12107,"Putnam, FL",19090,20812,21461,22511,22904,23577,24330,25246,26036,25785,27004,27882,27427,27175,28059,29132,30439,31704,32871,33902,37228,39876,40213,42298,43968
12109,"St. Johns, FL",38578,40055,39512,40499,44646,47441,51392,53741,54410,50008,53456,55788,59138,58478,59558,61265,62745,67585,70679,73275,76151,82179,85185,90105,93079
12111,"St. Lucie, FL",22519,24023,24616,25398,27444,28879,29592,30343,31710,30634,30816,32526,33651,33830,35010,36401,38280,39363,40771,42859,45409,50703,51592,54788,56971
12113,"Santa Rosa, FL",24825,27300,27377,28596,30105,31677,33717,34991,35933,35762,36799,38230,38818,38260,39645,40421,42711,44383,45186,47074,50226,55661,56805,59581,62893
12115,"Sarasota, FL",39806,39411,39576,40736,43848,46142,49113,49571,48870,44615,45635,48108,49783,50500,54569,57629,58935,63299,66935,70531,73788,80516,81707,89653,94099
12117,"Seminole, FL",31643,32664,32710,33545,35285,36725,38518,39817,38994,35969,36931,38101,39495,39647,41251,43670,44236,46955,49305,50477,52794,57986,59676,62946,65730
12119,"Sumter, FL",15455,17515,18220,19907,22291,24342,25956,26052,27704,28652,30313,34317,38348,39313,40225,42250,44828,47625,50490,55253,58262,67552,67581,72263,76421
12121,"Suwannee, FL",19633,20656,20717,21362,22820,23468,24692,26937,27093,26355,28092,29293,29997,28798,30219,32945,31506,32912,34204,34283,37765,40834,41731,44262,44774
12123,"Taylor, FL",19559,22453,22725,22591,23918,24539,24904,25099,25029,24735,26753,26594,25597,25504,25942,27369,27031,28621,30598,30695,33860,37765,36487,39175,38496
12125,"Union, FL",14212,14670,14685,15508,15564,15762,16238,16005,15674,16469,17482,17989,17800,18012,18322,18931,18968,19973,20742,21189,24377,26170,27059,28509,30156
12127,"Volusia, FL",23801,25587,26415,27580,29230,30392,31880,33198,33827,32025,33719,34619,35458,35406,36767,38041,39204,40953,42804,45998,47292,52064,53041,56669,59259
12129,"Wakulla, FL",23075,24832,24235,25143,25778,26645,27532,28847,30017,28592,29276,29869,30079,29820,30914,32140,33703,35484,37414,39198,41550,46798,48546,51923,55224
12131,"Walton, FL",20438,22156,23570,25847,30312,32906,35916,35692,36846,36448,39808,42661,46345,45931,48634,51851,55382,59032,64101,70315,71657,84240,86744,91806,94582
12133,"Washington, FL",18382,19282,20044,21131,22494,23865,24473,25109,24622,24439,26118,27003,25554,25667,26614,27480,28429,29443,30634,31015,33789,37168,36294,38897,39973
13001,"Appling, GA",19644,19691,19649,20590,21308,22248,22416,23469,24403,25090,25671,27476,27853,28660,30003,31503,31677,33147,33736,35709,39178,42860,44085,48099,50616
13003,"Atkinson, GA",18005,18767,18623,19431,20480,21343,21034,21178,22880,22427,21744,23621,24140,25118,25940,27376,26903,29099,29276,30530,32400,35893,37635,37477,40161
13005,"Bacon, GA",19611,20304,19689,20478,21199,21474,21264,22112,23698,23779,24546,26556,26567,27020,28263,29157,29763,31165,31327,32384,37498,39649,40549,42194,44797
13007,"Baker, GA",20231,22227,23332,23312,22851,25191,24966,27754,28137,27079,30426,36246,38257,37690,33050,33586,34183,35366,37712,40568,45074,51539,49213,48944,52904
13009,"Baldwin, GA",23105,22340,23310,23580,23322,23844,24580,24562,25660,25947,26601,27857,27359,27731,29339,30483,30795,32413,33156,34544,37586,42049,43440,46634,48900
13011,"Banks, GA",22094,23550,22944,23415,24992,25411,24184,25728,27068,25852,25752,26298,29083,29800,31658,33539,34177,36775,37880,37844,39201,43027,44907,45209,48312
13013,"Barrow, GA",23770,23661,23116,23487,25074,26057,27033,27388,28403,27271,26697,28553,30022,30888,32607,33858,34579,36083,37119,38403,41191,45855,48284,49618,51925
13015,"Bartow, GA",26883,26845,27322,27991,27373,27874,28739,29759,29569,28628,28542,30446,31339,31440,33297,34721,35876,36770,38145,40218,43599,47612,49283,51159,53357
13017,"Ben Hill, GA",21080,21521,22583,22636,23762,24881,24628,24556,24054,23916,24910,27263,26461,27128,28056,29340,28500,28813,30322,31697,34897,39353,40325,42262,45012
13019,"Berrien, GA",21869,21809,22300,23633,23594,24386,24537,25905,25420,25010,25084,26480,27771,27320,28263,30038,30654,32198,32734,34285,37784,40396,40982,41938,43590
13021,"Bibb, GA",27748,28281,29639,29902,30162,30849,31880,32635,33438,32689,33438,34747,33985,34170,35650,36636,37056,38296,39169,39957,43317,47601,46709,48943,50904
13023,"Bleckley, GA",22400,23536,24866,26010,26029,26979,27516,28674,28544,28263,29062,29612,30471,31167,31772,32686,32176,33583,34238,35664,39062,43287,41768,43475,45045
13025,"Brantley, GA",17988,19620,20076,20012,20440,21432,22203,22300,22538,22026,21893,22517,22874,23529,24174,26000,27095,27186,28394,29125,32850,35647,36465,36591,38582
13027,"Brooks, GA",21123,21587,21593,23119,22964,24245,24208,26012,27830,28074,27368,30630,29806,29262,30575,31116,31327,32285,33173,34665,37759,40456,40099,41040,43163
13029,"Bryan, GA",25305,27412,28737,31057,32693,35188,38138,40768,42425,41417,42276,44242,43509,42914,44437,45544,46230,46383,48659,48783,51848,56107,58469,60312,64186
13031,"Bulloch, GA",20506,20086,20493,21445,22074,23364,23643,25287,26168,25750,26220,26533,26511,27738,28418,29752,30212,31041,32023,32764,35924,39305,39665,41568,43763
13033,"Burke, GA",17861,18460,19404,20712,21119,22485,23689,24784,25958,26520,27766,29378,28341,28801,30092,31592,31536,32382,32799,35552,39340,41860,42289,42505,44046
13035,"Butts, GA",22169,23095,23068,23805,23929,24900,25198,26240,25999,25444,25361,26452,26685,27803,28552,30236,30874,32435,33956,35365,37374,41381,41941,44200,46615
13037,"Calhoun, GA",17040,18464,19515,19447,19342,19816,19349,21397,22085,21296,21150,22679,23794,23061,22424,23508,24908,26170,25866,29130,32331,35782,34618,36467,38035
13039,"Camden, GA",22030,22009,23345,24613,25023,26352,27984,28749,29295,28970,29561,31158,31020,31041,32044,32852,34322,35589,36089,36850,39493,43796,44639,46796,48776
13043,"Candler, GA",19935,21059,21111,21662,22796,23293,23642,24586,25145,25009,24891,25832,25882,26491,27103,27863,28699,30863,31902,33820,35552,39954,40161,42304,44664
13045,"Carroll, GA",22409,23635,24503,25170,25652,26954,28366,29497,29995,29412,29272,31149,32031,32062,32984,34840,36175,37528,38899,40688,44603,49378,49941,51195,53858
13047,"Catoosa, GA",23021,23472,23919,24430,24710,25683,26647,27335,28168,27447,28255,29251,30043,30050,31062,32154,32568,33777,34814,36066,39074,42198,43903,45709,47893
13049,"Charlton, GA",15553,15863,16699,17123,18131,19113,19620,21103,21075,20871,20698,20722,21061,21768,22132,23092,23973,25426,25934,26602,29003,31069,31566,32869,34702
13051,"Chatham, GA",28480,28604,29381,30867,32199,33820,35744,37246,38219,37226,38432,40366,40026,39982,41062,42520,42429,44377,46066,47050,51471,56774,56879,59938,62976
13053,"Chattahoochee, GA",19818,18338,18258,22865,23254,27577,33982,29322,34426,31959,33889,35485,32572,27742,28199,30550,32461,34177,32568,31806,34690,38952,37823,39339,41513
13055,"Chattooga, GA",18702,18957,19806,19945,20915,20954,22156,22297,22928,23987,24238,24818,24781,26115,26917,27881,28024,29498,30150,31049,33838,37061,37028,37836,39446
13057,"Cherokee, GA",31846,31236,30464,30765,34840,36252,37570,37571,37996,36423,36946,38987,40862,41264,43201,45992,48333,49695,51271,53566,56631,63065,67524,71120,74826
13059,"Clarke, GA",22001,22736,23859,25139,24696,25280,25664,25860,25734,25253,25771,27104,27002,27185,28862,30044,31009,31889,33050,34864,37890,40751,42305,44165,46732
13061,"Clay, GA",20389,24035,26737,28684,27258,25846,23015,24483,25654,25830,26035,26517,26796,27531,26122,28252,30072,30914,32556,33465,39221,40776,37917,39285,41527
13063,"Clayton, GA",22294,22272,22385,22742,22921,23524,23419,24064,24064,24113,24708,25840,24222,24326,25113,25755,26116,26306,26970,28061,32062,35042,33796,35128,36987
13065,"Clinch, GA",17465,17092,18184,18170,18679,18862,20300,21600,22027,24565,25967,29034,29155,30144,31424,33166,34101,34763,35718,37882,41276,42261,43783,45076,47386
13067,"Cobb, GA",37381,39057,39037,40287,41528,42900,43661,44530,43869,41089,41992,44261,44796,45369,48034,50014,51714,55138,57448,59653,62395,68118,71886,75760,79583
13069,"Coffee, GA",21239,20978,21554,21930,22759,23354,23216,24082,25002,24580,24806,26104,25808,26792,28107,29236,29306,31174,31818,32698,35585,40987,39244,40322,42553
13071,"Colquitt, GA",20198,20305,20529,21543,22380,24083,24407,25752,26432,26534,26081,27478,27697,26834,27084,29481,29862,31966,32497,33642,37809,40926,41403,42456,44346
13073,"Columbia, GA",30562,30610,31092,32716,33881,35039,36868,37977,39877,39823,40621,42649,43231,43184,44985,46590,47805,48882,50485,52531,55676,58674,59113,60660,63204
13075,"Cook, GA",18737,19357,20141,21160,21858,22896,23530,24597,25203,25876,26365,27314,27746,27944,27868,29642,29859,30886,32293,33363,36366,39788,39383,40340,42432
13077,"Coweta, GA",27240,27670,27892,28768,29644,30857,32138,34504,36062,35077,33599,35868,37429,38629,40420,42160,44261,46039,48286,50329,53646,57637,59376,61857,65062
13079,"Crawford, GA",20904,20347,22043,23114,23630,24686,25486,27257,28898,28786,28726,29899,28473,28897,29987,31826,31998,33713,34227,34749,36870,40673,40710,41184,43664
13081,"Crisp, GA",20193,20280,20908,21549,21921,22699,22858,22993,23230,23108,23973,26226,26363,27154,28231,30135,31259,33387,34593,37185,41989,46336,46317,48969,50481
13083,"Dade, GA",21477,21883,22189,22677,22861,23868,24473,24682,25611,25114,25842,26658,27902,28553,29652,31749,31583,33366,35276,35078,37833,41183,42380,44170,46983
13085,"Dawson, GA",27140,28396,28771,29085,30616,31760,32510,32787,32989,31860,32218,33969,34523,35466,37262,39812,42619,43923,45817,48500,50877,57765,60375,62142,64684
13087,"Decatur, GA",21217,22242,22989,23809,23981,25948,26116,27439,28647,29007,29301,31097,30666,30209,29467,30553,30987,31223,32719,33824,37517,42345,43093,45153,47518
13089,"DeKalb, GA",32583,32373,32559,33383,34095,35164,36292,37189,37430,36441,37059,39504,39112,39345,41601,44106,45251,48699,51261,52591,56207,62426,64793,67969,71376
13091,"Dodge, GA",19098,19646,20481,21023,21349,22281,23093,24409,24649,24379,25059,26499,26357,26405,27121,27901,28639,30016,30689,31842,34609,38051,36364,39726,41609
13093,"Dooly, GA",19567,19670,19103,20068,19195,20032,19075,19117,20984,20605,19780,22517,23878,24226,24299,27595,30576,33059,33906,37944,40629,44643,45204,43937,43718
13095,"Dougherty, GA",22732,22996,24267,25355,25677,26038,26442,27135,27880,28390,29572,31202,30722,30527,31690,32485,33056,33691,34395,36369,41034,46397,45836,47626,50024
13097,"Douglas, GA",26789,26855,27248,27632,28136,28883,29402,30143,30376,29540,29134,30503,30864,30983,32020,32999,33833,34736,35959,37223,40890,43914,43722,45406,47602
13099,"Early, GA",21053,22634,23147,24521,24869,26122,27069,28004,29206,29093,30103,32351,33614,31888,31205,32529,33208,33353,33892,37181,40442,44397,43776,44592,46579
13101,"Echols, GA",18089,18056,18686,18688,18300,19399,19458,19898,20553,20682,20120,21762,23475,24470,25139,26405,25959,28432,29725,29610,33409,35238,33308,34052,36076
13103,"Effingham, GA",22918,23630,24224,25393,27298,29098,30104,32150,33264,32512,32819,34146,35163,35522,36839,38075,38941,40735,42040,42118,44889,48359,48908,50682,53626
13105,"Elbert, GA",21287,21793,22079,22539,23441,24296,24482,26152,27065,27447,27150,27835,29304,29829,31055,32094,32769,34344,35019,35134,38829,41909,43145,44353,46829
13107,"Emanuel, GA",19606,19842,20695,21654,22348,22759,23451,24113,24851,25332,25949,27774,27242,28047,28328,29250,29650,31610,31399,33199,37922,41497,39530,42056,43838
13109,"Evans, GA",20016,22276,22316,22307,23489,24429,24843,26766,26541,26828,26616,27188,28620,29039,30405,32041,32267,32837,33278,33704,37015,41112,40606,42492,45438
13111,"Fannin, GA",21569,22045,22169,22476,23179,24047,24963,25913,26141,25583,25813,26994,28065,28582,30595,32520,33737,36085,37707,40223,43006,47923,51339,54053,58012
13113,"Fayette, GA",37218,37748,38077,39526,41238,42644,44169,48400,46817,44859,45140,47775,49932,49872,52470,55008,57635,59952,63975,64926,68949,74682,73749,77454,81159
13115,"Floyd, GA",23865,25117,25691,26345,27718,27763,28451,29356,29852,29335,30231,31197,31551,31806,33379,34754,35520,36171,37446,38731,40890,44294,44222,46734,48360
13117,"Forsyth, GA",36004,38256,35946,35308,41533,42246,45651,46447,47119,45535,46543,49661,51762,52690,54993,58830,60451,61408,62654,65843,68506,74779,80102,83899,87730
13119,"Franklin, GA",22979,24063,23608,24178,25782,25875,24574,26751,27823,27161,27418,27551,29978,30355,32183,35114,33920,35228,35719,35336,36032,40840,44515,42422,47173
13121,"Fulton, GA",47487,51635,53256,53807,57010,61544,66414,67100,61568,58806,59436,63678,64627,63356,70293,74011,77381,83409,87640,93334,93448,101577,101142,106126,111238
13123,"Gilmer, GA",20496,21397,21514,21749,23183,24190,24181,25669,26764,25989,25997,26158,28810,29636,31610,33166,33017,34563,35713,36881,38464,42924,45937,47114,51256
13125,"Glascock, GA",20033,21094,21045,22208,22978,22336,22186,22755,24518,24045,25121,26668,27025,28409,29704,31144,32793,33029,33889,35356,39034,41255,39926,42636,41976
13127,"Glynn, GA",29866,30165,30787,32346,34970,36620,38553,38878,37432,34958,35966,37487,37625,37928,39497,41400,41833,44117,46798,47897,52777,58283,60005,63862,67614
13129,"Gordon, GA",22339,22853,23147,23797,25472,27215,27941,27953,27257,26260,26458,27387,28247,29785,31176,32612,32801,36082,35246,36443,38209,43145,45305,45972,49001
13131,"Grady, GA",19776,20803,21390,20609,22431,24214,24382,24769,26200,27167,27155,28785,28175,28167,27685,29304,29506,30560,30928,31870,35491,39480,38274,40119,41748
13133,"Greene, GA",23767,25258,25935,27286,27971,29770,31002,32074,34935,36779,38531,40317,42351,41847,44674,48128,50387,54393,58710,60819,64325,73714,80348,83890,87841
13135,"Gwinnett, GA",32255,32536,32047,32494,33300,34059,34577,34266,33990,32126,32067,33969,34341,34898,36327,37880,38520,39632,41176,42765,46129,50167,51627,54220,57291
13137,"Habersham, GA",22584,23520,23743,24149,25004,25401,24995,26011,27455,26558,26857,27041,27497,28966,30282,31104,31793,32824,33980,34865,36987,39454,40453,41188,43929
13139,"Hall, GA",25315,25825,26374,27727,29419,30800,31639,32233,31437,30628,30908,33106,33891,34576,36577,39217,40410,42772,45139,46350,49332,55325,57162,59815,62317
13141,"Hancock, GA",13958,14784,16437,17165,18238,19053,19674,20451,21173,22138,20909,22446,22582,23310,25020,25933,26448,27648,29368,30640,33407,35167,36114,37129,39071
13143,"Haralson, GA",21380,21857,22233,22601,23832,24557,25839,27117,27721,26837,27416,28805,29634,29941,31409,32954,34083,35165,36483,38049,40582,44276,45122,46357,48967
13145,"Harris, GA",30693,30015,30353,30748,32176,32775,33603,35592,37253,36177,36478,38802,39798,40430,41739,43564,45069,46490,48776,50076,53178,56959,57555,60528,63579
13147,"Hart, GA",21105,22436,22190,22619,24210,24623,24634,26792,28070,27003,28190,28607,30169,31001,32859,34312,34264,36504,38266,39089,41305,43981,46306,47457,50804
13149,"Heard, GA",18915,20724,20966,20952,21961,22164,22261,23297,23989,23913,24419,25544,26520,26718,28342,29263,30220,31404,32537,34228,36296,41182,41094,41674,44280
13151,"Henry, GA",27652,28354,27889,28133,28017,28964,30614,31950,32460,31137,30884,32342,32377,33366,34263,35851,36956,37810,39033,39757,43577,46691,47645,49935,52537
13153,"Houston, GA",25523,27065,28561,29872,30143,31629,32938,33823,34835,35262,35964,37142,37027,36662,37665,39104,39394,40513,41636,42824,45524,49488,48495,50609,52696
13155,"Irwin, GA",20140,21037,22499,22842,23001,24186,23330,25071,25204,25485,26050,29307,27490,28007,28275,30630,30216,31120,32128,34311,37313,42767,43839,45524,48144
13157,"Jackson, GA",23534,24872,24811,26069,27486,28784,29389,29877,29967,28726,29239,30487,32354,33269,34551,36443,39388,40975,42792,44010,46626,52235,56286,57332,59952
13159,"Jasper, GA",22540,24018,23170,23274,25749,26498,27618,29188,29335,28173,28174,27704,30194,30114,32263,33386,35100,38585,37018,39410,42285,46261,47111,49117,50974
13161,"Jeff Davis, GA",20584,20951,20841,21630,22116,22612,23370,24421,24024,23738,24487,26476,26925,27966,28785,28994,28542,28710,30233,31906,34990,37977,37471,39001,41336
13163,"Jefferson, GA",18881,19614,20015,20837,21838,22461,23364,24100,25733,25917,25870,27592,27866,27732,28019,29045,30426,32049,32043,33740,38621,42811,42400,45372,46959
13165,"Jenkins, GA",18379,18415,18615,19694,20251,22381,22674,24258,25633,24458,24971,27604,24738,25361,26039,27469,28143,28665,29193,31177,35631,37896,36603,38316,40142
13167,"Johnson, GA",18588,19054,18321,19278,18687,19025,19491,19088,19883,20304,20655,21540,21708,22224,23094,23681,24532,25095,25881,27497,30852,34635,32330,34802,37441
13169,"Jones, GA",23886,23784,23689,23800,25979,26855,27934,29124,29140,29087,29985,31198,31851,32236,33018,34877,35170,36576,37423,38422,40551,44533,44108,46033,48324
13171,"Lamar, GA",21499,22534,23295,23689,24250,24274,25374,26424,26327,26345,26385,27898,29236,28946,29475,30827,31552,32920,34083,35775,38058,43619,44395,45365,48077
13173,"Lanier, GA",18981,19730,20534,20421,20592,20743,20853,20782,20137,20028,21483,23060,23369,23357,24744,25781,26128,27698,29271,30673,33221,35878,34161,35404,36976
13175,"Laurens, GA",22449,23413,23894,24219,25534,26394,27816,28902,29711,29291,29688,30653,30027,30322,31116,32452,33758,34650,36081,36760,40212,43975,43156,46250,48716
13177,"Lee, GA",23633,24588,24757,25302,26402,28216,29172,30969,33980,34673,35285,36666,38642,38667,39684,40358,40787,42017,42712,43484,47221,51653,51620,53060,55402
13179,"Liberty, GA",18362,19215,20640,23843,24251,24607,26882,27066,29054,27912,30314,31258,30633,30494,30629,32398,32376,33484,35476,35185,37909,40991,40111,42545,45546
13181,"Lincoln, GA",19972,20405,21068,22383,23644,24526,24544,25695,26247,27545,28720,29758,31040,31078,32218,34377,35121,36587,37415,40442,44716,47803,46586,48131,49898
13183,"Long, GA",16215,17651,18286,19813,19473,20522,20114,21349,21015,21719,23685,26874,26741,31143,30612,30934,30284,31466,32763,33901,36332,40574,39172,39844,42195
13185,"Lowndes, GA",22254,23265,24538,25590,26401,27511,27853,29009,29886,29491,30426,30966,30432,31197,32399,33525,34443,35446,36823,37709,41465,44360,43910,45775,47701
13187,"Lumpkin, GA",22263,22371,22247,22459,24309,25249,26017,27176,27438,27157,27583,29067,29658,30958,32295,34522,35536,36497,38466,39634,41736,47736,46945,49505,52148
13189,"McDuffie, GA",23131,24067,24575,25863,27488,27964,28247,28302,28388,28195,28541,30270,29368,29923,30822,32277,32998,34404,35034,37320,41372,43705,43153,44479,46600
13191,"McIntosh, GA",18217,18136,18967,19831,20899,21360,21946,22215,22546,22582,23095,24945,26766,27310,29007,31657,33634,35539,38632,40185,44723,47928,49003,51520,53779
13193,"Macon, GA",18461,19363,18880,19293,19957,20608,18895,20183,21764,20843,21300,23349,25582,27393,29260,30350,29625,31954,30831,33074,36194,39931,43861,42137,46899
13195,"Madison, GA",23487,24537,24457,24585,26030,26253,26140,26707,27880,27551,27647,28270,30006,31398,32325,34317,34518,36200,36983,38382,39269,43727,47253,47185,51311
13197,"Marion, GA",19830,20080,19921,20468,21004,21870,20208,20921,22021,20873,20194,22159,23109,25288,25772,27395,28170,30034,31995,32741,35537,40203,38440,39490,40961
13199,"Meriwether, GA",21492,20519,20940,22018,22659,23280,23581,25111,26225,26421,27669,28937,28672,28849,30505,31263,32565,33527,34988,36793,40564,44215,44630,47255,49285
13201,"Miller, GA",22895,23952,25526,26581,27577,28591,28656,28756,30172,30154,30570,34101,33837,34011,33935,35783,35958,37847,41653,44597,47815,52784,52011,53563,56029
13205,"Mitchell, GA",18638,22163,23039,23102,22615,23754,23257,24988,26035,26100,25852,27508,28609,29077,29709,32564,32350,33793,33745,36100,41097,45174,45224,46334,50183
13207,"Monroe, GA",24557,25497,25259,25327,28081,29239,30001,30891,33380,33092,33598,36416,36535,37038,38995,41020,41465,42846,44480,46208,48381,53963,54836,56384,59086
13209,"Montgomery, GA",18574,18720,19500,20150,20559,21287,21923,23006,23952,24242,24948,25548,26343,26505,26832,29214,29882,30049,30191,31021,34978,38727,36634,38088,40626
13211,"Morgan, GA",26533,27726,28085,28726,30601,31792,32848,34836,35196,35401,33596,35435,37417,37593,40183,42666,43939,47257,49170,50821,53578,60740,61557,63341,67463
13213,"Murray, GA",20134,20461,20723,20897,21570,22141,22225,22846,23436,22484,23431,24057,24697,25535,26669,27509,28161,29336,30320,31194,33647,37399,38212,38874,41169
13215,"Muscogee, GA",26623,27957,29416,30847,31252,32421,33342,34578,35118,33536,34784,36621,36409,34997,36135,37996,38733,39941,40994,41394,44146,47939,49466,52722,55517
13217,"Newton, GA",23909,24398,24331,24542,25067,25723,26449,26927,27594,26767,26665,27961,28293,29136,29804,31197,31969,32810,33990,34981,38582,42137,42038,44097,46189
13219,"Oconee, GA",30461,32255,31890,32387,35471,39430,42013,45089,46386,45113,45242,46463,50256,49569,53827,57860,58465,62471,64607,66275,70144,76133,83605,87873,91363
13221,"Oglethorpe, GA",22425,23569,22709,23161,24552,26018,25188,27910,29019,28231,27651,28767,31672,32353,34724,35441,35643,37306,37438,38353,39741,44349,46998,47396,50461
13223,"Paulding, GA",24246,22624,21805,21746,24176,26204,27817,28856,30107,28923,28348,29836,30901,31286,32752,34719,36130,37463,38869,40438,43247,46957,47702,49674,52365
13225,"Peach, GA",22695,23070,23550,24215,25265,26339,27058,28294,28448,28341,28476,30312,30395,31275,32614,34433,35137,36827,36616,38290,41153,44980,44603,46400,48711
13227,"Pickens, GA",26759,28278,28622,28747,31521,32679,33830,35388,35647,34977,35634,37279,37710,38463,39680,41838,44281,45919,47018,49057,51537,58388,60795,63204,66680
13229,"Pierce, GA",20766,21464,21777,22893,22838,23354,24001,25351,27171,28256,28680,29516,29113,29511,30212,32126,33310,34665,35176,36817,40160,42806,41877,43104,44635
13231,"Pike, GA",23083,24064,23565,23880,25454,26805,27782,28749,29653,29259,28633,30785,31450,31970,33496,35043,37650,38558,40314,42223,44569,49174,50746,52786,55389
13233,"Polk, GA",19425,20719,21353,21987,23175,23463,24552,25811,26022,25469,25836,26577,26739,26741,28150,29458,30585,30844,32071,33342,36174,39438,40396,41726,43771
13235,"Pulaski, GA",23706,23895,23754,25234,24087,23830,24131,23992,24086,22286,22824,25505,26461,26805,27318,29092,30413,32656,34073,35017,37464,42694,41022,42077,45174
13237,"Putnam, GA",24062,25504,25599,26046,26816,28960,30693,31889,31551,30999,31246,32549,33502,34310,36299,37704,39153,41272,44139,45147,49094,53550,56574,59821,62928
13239,"Quitman, GA",18907,22002,23857,24986,22282,22034,21490,21665,21541,22808,23235,24153,24285,26056,26657,27769,27930,28881,31237,32584,39964,38526,38358,40610,41806
13241,"Rabun, GA",23458,24214,23569,24685,26994,28660,29211,30032,29990,29284,29748,30718,32162,32707,34204,36698,39107,40998,41014,42770,45659,51554,51860,54655,57966
13243,"Randolph, GA",18337,19475,21413,21797,21648,21956,22917,23868,25741,24772,25472,27350,28594,28982,27241,29265,29657,31559,32877,35438,40546,43610,42733,45965,46575
13245,"Richmond, GA",23182,23978,25436,26533,27618,28030,28722,29600,29597,29784,30491,32099,30947,30818,31935,33599,33801,35347,36368,37599,41205,43722,43773,45376,47141
13247,"Rockdale, GA",28205,28771,28938,29233,29289,29195,29800,30226,30059,29744,29900,31193,30426,30189,31180,32402,32909,33217,34128,35448,39185,42109,41775,43977,46211
13249,"Schley, GA",20410,21658,21883,22609,23314,24632,25263,26249,26458,24380,25229,25817,27155,27474,29200,31285,31141,33063,35637,36518,40095,45102,43967,44419,44927
13251,"Screven, GA",18458,18685,19120,20175,20579,20850,21549,22536,23235,23916,24914,27629,29101,29062,29315,30169,31115,32518,33379,34305,37728,40859,41275,43195,44167
13253,"Seminole, GA",22682,23930,24001,24816,23610,24854,25196,25800,27876,30082,31164,35473,39125,38632,37765,36995,36495,36992,37011,40683,45127,47395,44605,47088,48250
13255,"Spalding, GA",23228,23834,24321,24688,25537,25895,26511,27206,27337,27071,27897,29526,29290,29486,30426,31627,32695,33025,34078,35716,38522,43162,42933,44942,47149
13257,"Stephens, GA",22680,22969,22843,22841,23558,24031,25026,26260,27214,27381,28208,29378,30117,31375,33904,35711,34660,35839,35901,36180,39427,43706,46030,47242,49591
13259,"Stewart, GA",19745,20500,20757,20304,19862,19637,19333,19873,20094,18291,19572,21262,21083,24102,23161,23393,24064,24812,26293,27794,30957,34083,36311,36595,36667
13261,"Sumter, GA",20938,21430,22117,23010,24268,25056,25598,26081,26891,27054,27470,29807,29949,29976,31077,32064,32710,34494,34714,36715,40238,43753,43694,45296,46109
13263,"Talbot, GA",18195,20188,21106,22198,22417,22630,23111,23849,24957,25235,25751,27015,28029,29579,30520,31484,33898,35754,35686,37894,43441,47768,46154,50217,53431
13265,"Taliaferro, GA",16010,17768,17273,18488,18708,18899,17779,20043,22087,23339,23659,25456,26995,28491,30958,32405,30599,32643,32706,37801,38271,41572,43863,43529,46519
13267,"Tattnall, GA",18743,19458,19392,20755,21586,22620,22564,24780,25477,24358,23940,24260,25382,25782,27170,29241,28621,30525,30487,31247,31083,35104,36813,36151,40973
13269,"Taylor, GA",18950,20612,20621,21292,20921,20641,20352,21728,22245,22945,22861,25067,25096,26188,26080,27389,31165,29656,31212,33114,35198,39949,38424,42069,43829
13271,"Telfair, GA",17508,18237,18480,17153,16879,17317,17271,17248,17212,16950,17062,18784,19101,18785,20256,21400,22934,23916,24715,25520,28001,30554,28771,34415,35685
13273,"Terrell, GA",19522,21201,22726,23220,23784,25221,25675,28592,29218,30097,30361,33776,35050,35882,36061,34155,35002,35391,36456,39146,42970,47951,46940,49378,51069
13275,"Thomas, GA",23740,25565,26158,27742,28897,30334,31831,32940,32310,32167,33254,35583,36131,35928,36877,39623,39248,41091,43116,43701,47552,53258,54447,57033,59191
13277,"Tift, GA",22757,23111,23762,24715,25644,26626,27146,27623,28137,28248,29198,30673,30583,30992,32760,35700,34442,35082,36481,37630,41617,45239,45958,47923,49962
13279,"Toombs, GA",20789,20915,21437,22419,23493,23961,25545,26749,27626,28415,29053,30477,30646,31392,31716,32889,33324,33536,34478,35317,39721,42977,42570,44069,46150
13281,"Towns, GA",23408,23658,24715,24435,26147,27846,28643,29228,28343,28372,28927,30573,31401,31255,31358,33452,34655,36103,37431,39870,44496,47777,48395,52251,55900
13283,"Treutlen, GA",15882,16664,17054,18172,18757,20142,21389,22278,23641,23921,24755,25898,25306,26036,25931,27603,28376,30024,30203,31761,34681,38487,39297,42317,41350
13285,"Troup, GA",24825,25203,25788,26200,27026,27585,28318,29121,29839,29128,29974,31687,32148,31935,32980,33888,34416,34693,35618,37351,41271,45041,45384,47460,49905
13287,"Turner, GA",18510,19480,20817,20932,21296,23298,23540,24422,25769,25882,26789,28850,28604,28870,29405,30997,29528,30185,29934,32578,34197,38521,38321,38789,39907
13289,"Twiggs, GA",17937,18530,18970,19338,20640,22258,23273,24630,25492,26340,27597,29262,30820,31755,34265,34380,35789,37545,40698,39129,41336,45124,43836,47778,49516
13291,"Union, GA",21733,22682,23202,23814,25601,27099,27963,29143,29442,28339,29087,30032,30902,30779,31945,34465,35326,36787,37616,39198,41890,44922,45629,48519,50654
13293,"Upson, GA",20576,21184,21907,22673,23382,24044,24948,25860,27039,26925,27300,28924,29334,29030,30036,31142,32205,32430,33477,35274,37452,41426,42204,43761,45901
13295,"Walker, GA",22263,22216,22614,22975,23759,24179,24968,25686,26083,24975,26321,27113,28218,28378,29149,30393,31215,32470,33685,35091,37787,41554,42914,44506,46959
13297,"Walton, GA",23767,24906,24560,25145,28210,29214,30414,30701,30674,29774,30016,30958,32346,32532,33936,36025,37382,39061,40605,43050,46057,50662,52663,53048,55403
13299,"Ware, GA",20132,20877,21697,22254,23388,24373,24788,25567,26157,26698,27296,27910,27600,27966,29119,30476,31173,32143,32631,33225,36429,39721,39161,40047,41778
13301,"Warren, GA",18056,18925,19386,20175,21603,22169,22977,24458,25188,25912,26143,27164,27113,27808,29162,31139,31578,32723,34115,35521,40133,41889,41120,42909,44044
13303,"Washington, GA",20762,19673,20182,20824,22089,24283,24610,25458,26899,25034,25682,28589,30790,30294,31223,31655,32692,34186,34829,35152,39975,42508,42072,45032,47292
13305,"Wayne, GA",20416,20651,21386,22354,23391,24360,25332,26366,26836,26806,27599,28466,27495,27306,28137,29359,28522,29677,31158,32353,34919,39088,38301,39685,41453
13307,"Webster, GA",20510,22001,22865,23030,21588,22306,21010,20913,22108,21657,23030,27150,29254,30401,29563,30729,31983,34027,34592,37789,40239,41360,39344,43431,44321
13309,"Wheeler, GA",15299,14802,15475,16097,16567,15984,15379,15161,14699,14530,14936,16049,17234,17697,17443,18100,18105,18974,19004,19643,22567,23916,23344,24985,26119
13311,"White, GA",23080,23301,22726,22930,24483,24918,25196,26224,27461,26103,26585,27370,29033,29751,32407,34495,35350,37509,38852,40600,43693,48292,48778,50953,53597
13313,"Whitfield, GA",25485,28155,28485,29274,29431,28321,28416,28628,28065,26354,26763,27785,28830,30317,32644,35136,35782,36287,38535,40203,43011,47050,46157,47658,49706
13315,"Wilcox, GA",19202,19430,19578,19986,20176,20967,19758,20850,21578,21365,20131,23342,24222,22919,23432,24643,24785,26456,26180,28096,28793,32581,33778,33389,36531
13317,"Wilkes, GA",20889,21361,21108,21221,22125,23392,23400,24671,25317,26736,27883,29833,31355,32893,34942,36923,38085,40224,40797,41597,42783,48461,52261,52154,58980
13319,"Wilkinson, GA",20518,20972,21701,22514,22069,22328,23412,24475,25675,26035,27285,28804,29426,30399,32383,33280,33522,34068,35194,36043,39597,43169,42232,44222,47204
13321,"Worth, GA",20939,21217,21877,22610,23796,25120,25299,26282,26964,26999,27008,30250,29820,28709,28397,30007,30749,31959,33104,34993,38192,41847,41684,42977,44806
15001,"Hawaii, HI",22003,22832,23791,24560,26441,28300,29654,30984,32264,30594,31212,32105,32488,32959,34635,36641,37736,39720,40743,43040,45481,50504,51102,54728,57694
15003,"Honolulu, HI",31260,32305,33589,34915,36662,38695,40931,43163,44975,44761,44942,46255,46878,46737,48732,50310,51806,53722,54631,56772,60278,63956,66298,70680,74681
15007,"Kauai, HI",24685,25725,26343,27693,29937,31620,33429,35236,36396,34617,34999,35865,36588,37768,39599,41379,42692,44812,47017,50163,53016,56819,59042,63416,67170
15901,"Maui + Kalawao, HI*",25335,26401,27479,28590,30403,32205,34119,35801,36763,34359,35335,36723,38727,38718,40382,42502,43885,46042,47625,51322,52890,60161,61352,64246,67489
16001,"Ada, ID",34680,33761,34393,34900,36820,37535,40355,40364,39494,37857,38393,39715,41139,42490,44542,46561,47325,49395,51798,54277,58300,65672,69187,72387,76921
16003,"Adams, ID",21976,21688,23156,23542,25641,25911,27644,28146,28437,27220,27764,28941,30293,31170,32814,34551,36040,34449,35992,39166,40587,46424,44290,47289,49476
16005,"Bannock, ID",21716,22636,23253,24253,25570,26337,27714,28700,29331,28477,28965,30033,30911,31630,32728,34203,34987,36819,37461,38968,42595,46798,47895,50635,53711
16007,"Bear Lake, ID",17116,18880,18993,20424,21275,22332,23540,26186,27825,27798,28613,29932,32906,32895,34105,34982,35554,36515,38458,40372,44521,46893,47914,50269,52688
16009,"Benewah, ID",20492,22005,22265,22671,24245,24639,25462,27082,27205,26796,28366,29376,30185,31639,32022,34819,34370,34710,36839,38675,42972,45013,43958,45812,47007
16011,"Bingham, ID",19963,20159,21282,21099,22145,22174,25082,26832,27921,27422,27997,30189,30197,30814,30566,32025,32426,32659,34459,37017,41294,46654,48122,50705,50928
16013,"Blaine, ID",47174,48480,47859,49828,55888,60660,68988,70811,75774,64837,60909,66951,76190,77661,82690,89342,91016,99336,105286,117951,124799,166572,174919,193219,202612
16015,"Boise, ID",21788,23517,22812,22219,25704,28222,30208,31171,32010,30083,31129,32359,33323,35018,36570,38023,42795,42364,42195,46817,50911,54072,52100,55773,60093
16017,"Bonner, ID",21129,22306,22600,23288,24958,26874,29247,30508,30373,29555,30182,31984,32713,33006,34387,35766,36884,37820,39745,43316,48623,52669,53298,55873,57706
16019,"Bonneville, ID",25128,26816,27669,28675,30128,32175,34654,35643,35454,33569,34289,35011,37270,36843,37833,41152,44551,48627,53143,56421,60359,63407,57394,55485,58435
16021,"Boundary, ID",18008,18621,19564,20407,21481,21720,22868,23987,25547,25869,27397,29280,30808,31659,33223,33441,33025,34602,37038,38432,41820,47476,45542,47275,49219
16023,"Butte, ID",21724,28611,26178,25346,27666,25830,27176,26282,30952,30332,28704,32035,31403,33390,33191,36945,37238,38228,40306,44066,49919,51007,53655,56070,57063
16025,"Camas, ID",22939,27240,28761,27459,28555,27831,28487,28619,29942,28906,26235,30445,34621,38728,40708,42779,41471,41231,43477,49978,53271,59366,64410,64405,65454
16027,"Canyon, ID",20411,20903,20928,21057,21560,22411,24199,25521,25559,24493,24856,25844,27078,27453,28173,29368,30245,31666,33720,35692,38922,44217,46187,47290,50169
16029,"Caribou, ID",20763,21783,23115,24527,26286,26917,28971,30822,33292,32208,30478,33690,35818,36222,36590,37651,37763,38053,38444,42800,48155,47393,49408,53544,54388
16031,"Cassia, ID",22471,25092,25417,25004,25457,26419,27256,30473,31603,28763,32236,34295,35135,39310,40473,43598,43333,41254,42063,44327,49607,51495,53927,55512,59434
16033,"Clark, ID",22719,27467,25082,25668,24437,22362,19543,21038,26536,24660,25696,33946,31538,37826,36529,37390,38810,43126,44650,42494,47173,43639,50251,52598,52819
16035,"Clearwater, ID",20429,21610,22750,23589,24300,25308,26346,27427,27884,28372,29050,30026,29588,30952,31522,32748,32851,33923,34701,36329,39655,43079,42698,45278,47119
16037,"Custer, ID",21817,25054,23931,25525,25215,27089,29399,33823,34127,33538,34014,35977,38573,40274,40475,40215,41294,40275,41084,42139,46174,50558,50545,54108,57363
16039,"Elmore, ID",22008,23309,25330,26760,27193,27681,28820,28931,29859,28283,28496,29963,30570,32076,33672,35242,35065,34764,34892,36924,39153,42927,44645,46501,49558
16041,"Franklin, ID",18563,19962,19017,19867,21501,21808,22666,24322,25528,24188,25945,26943,28946,29627,31352,33085,32570,33770,34323,36286,40544,44989,45398,46292,47659
16043,"Fremont (includes Yellowstone Park), ID",19138,19044,20953,20049,20764,20958,22812,24011,24750,25925,25549,27716,27795,28517,29317,30636,31953,32344,33891,37388,41216,45839,45667,46768,47561
16045,"Gem, ID",19888,20154,20167,20532,21900,22794,24625,26124,27909,27007,27161,27848,29183,31084,31589,33072,33807,34969,36831,39331,41896,49059,45478,47138,49972
16047,"Gooding, ID",23729,27838,24633,24168,30523,29759,28795,36093,35823,27526,36446,43508,45751,48483,56856,49572,50286,51043,52536,59067,63425,64455,72604,64422,70962
16049,"Idaho, ID",19872,20442,20557,21259,22146,22826,23251,24732,26157,25337,25559,26831,28125,29734,30180,31864,31605,32689,33808,35193,39056,44857,43783,46248,48477
16051,"Jefferson, ID",20078,20282,21324,21054,23130,22835,24679,27181,27929,26828,27162,29624,29158,29288,29433,31004,32468,33223,34075,37468,40066,44985,47582,49016,50258
16053,"Jerome, ID",23049,24333,23074,22872,25066,25220,25718,28523,28714,25403,28723,31061,32591,34195,36778,36321,35994,35003,35427,37946,41703,44123,47340,46830,49185
16055,"Kootenai, ID",23979,25254,25618,26456,27831,29355,30979,32283,32709,31631,32293,33778,35378,36503,38166,39979,40862,42542,44794,47798,51576,58898,59860,63800,66815
16057,"Latah, ID",23197,24014,25084,25655,27037,27372,28654,30209,31450,31273,32716,33241,33979,34686,35638,37490,38196,39135,40203,44237,47648,52270,51663,54722,55988
16059,"Lemhi, ID",20599,20940,20684,21946,23431,24138,25184,27419,29235,28633,29514,31283,33677,34627,36094,37439,38234,39408,40534,43121,47553,53209,53489,56120,59954
16061,"Lewis, ID",24338,25939,24923,26941,27573,27715,27580,35249,40334,37533,43637,45956,45484,46561,43445,47484,45122,46040,48570,52987,58410,59941,59204,56104,57419
16063,"Lincoln, ID",20662,21935,21356,20513,23526,23141,24634,30277,31896,26045,29769,34283,33062,35683,38173,37717,36050,36626,36250,40623,44507,45823,51707,47884,50400
16065,"Madison, ID",14895,14546,15442,14826,15426,15369,16376,17863,18346,18173,18353,18745,19243,19224,19093,20053,19880,19952,21321,22326,24649,27782,27779,28260,29485
16067,"Minidoka, ID",19037,19708,21008,19668,21784,22332,24698,27244,28919,28131,28411,32262,33072,32825,34393,35879,35750,35008,37174,39504,44885,47041,49931,52198,52408
16069,"Nez Perce, ID",26039,27076,27068,27683,28994,29139,30527,32690,34112,33352,34596,35167,35423,36446,37082,38309,39074,40685,42450,43960,47343,52818,53085,56486,59776
16071,"Oneida, ID",17423,18544,18526,20275,22013,22792,24344,27597,30527,27814,27606,28822,29300,29722,31226,33012,33086,33683,34926,37921,42290,46116,47492,49385,50482
16073,"Owyhee, ID",18152,21027,20978,20212,22736,22948,23954,26330,25277,19485,25525,28329,28950,30257,33212,33966,34751,32974,35545,38959,41982,45270,49122,48781,52712
16075,"Payette, ID",19900,21743,22439,23600,25615,26352,27797,29224,29908,28578,30345,31742,33407,34006,34342,35986,35857,36634,38221,40478,43371,47556,48419,50002,52912
16077,"Power, ID",22526,21164,22097,20439,23586,23740,26195,29220,28645,28331,29160,33675,34178,33496,30913,34482,33234,32738,36652,40297,45254,43743,50721,53535,47244
16079,"Shoshone, ID",20557,20071,21083,22664,24569,24959,25137,27105,28736,28189,29657,31290,32428,32172,33451,34684,34213,33054,34301,36458,41757,47526,44653,45190,47101
16081,"Teton, ID",18849,22109,22164,21741,22165,26565,31245,32130,28631,25496,24468,26811,29560,28005,31942,33939,37533,39110,41395,44596,49106,59600,64985,69551,72444
16083,"Twin Falls, ID",22668,24184,24426,24660,26378,27148,28245,29821,30346,28907,29714,31168,32365,33315,34558,35711,36128,37214,38290,39815,43724,48041,50199,50992,53767
16085,"Valley, ID",28894,28571,28943,30183,33024,35324,37123,36707,35441,33936,34670,35387,40706,39874,42449,43987,44840,46455,47615,50878,54464,63539,63321,68129,71881
16087,"Washington, ID",18836,20680,21331,21974,23472,24482,26595,28545,29168,28409,29430,30445,30658,32031,31783,33503,32424,33423,34255,36686,39949,42707,43680,44661,46582
17001,"Adams, IL",25160,26275,27009,28390,29908,29778,31061,32969,35026,34798,36277,37594,38949,39135,40067,41343,42262,43485,45618,46562,51664,55860,56962,60197,62377
17003,"Alexander, IL",17411,17709,18177,19205,20008,20662,21205,22565,24095,25020,26628,26333,26248,29904,29709,31625,32587,34318,36198,39891,45859,49941,49326,53607,54342
17005,"Bond, IL",23674,25246,24943,25294,26464,26230,27124,26790,28490,28426,29561,30580,30552,31369,31187,32565,33628,34126,35841,37657,40410,44667,45054,47466,48500
17007,"Boone, IL",28180,28223,28512,29053,29348,30778,33104,34567,35775,34278,35062,37317,38963,39718,40207,41547,42866,44785,46823,47492,50198,55376,55333,57480,59708
17009,"Brown, IL",16558,18321,17974,19105,21050,19811,20322,21160,21762,23191,24949,26137,27729,29732,28873,30283,32264,33614,36118,37716,42056,44322,46925,48659,49932
17011,"Bureau, IL",25951,27964,28528,28553,30083,29379,30247,32182,34066,32827,33685,37172,37495,41281,38175,37702,37981,38353,39770,41120,46254,52172,51702,53582,54671
17013,"Calhoun, IL",23224,23785,24303,25014,26915,27238,28479,29383,33004,32899,33750,35718,35381,36816,36334,37394,39374,41842,43184,44603,49488,55703,57249,59267,60531
17015,"Carroll, IL",25599,26303,25958,27039,27574,28318,30105,33112,34455,34109,35863,39273,36748,41782,39286,38529,39435,39047,40164,40596,45580,50762,51854,53212,54171
17017,"Cass, IL",24315,24983,24576,25597,27333,26446,27250,28576,31450,32041,33169,34748,33453,36498,35601,35178,35817,36448,37411,38391,44356,49331,50681,51369,51995
17019,"Champaign, IL",26896,28469,28956,29557,30621,30610,31622,33059,35032,36762,37883,39177,39692,41124,42334,43622,42932,43436,44464,46283,50076,54152,55063,58030,59853
17021,"Christian, IL",24516,25918,26175,26842,28303,27302,28281,30643,32837,32714,34326,36759,35630,38000,36704,35935,36899,37281,39075,39576,44010,48773,50287,52452,53948
17023,"Clark, IL",22715,23810,23776,24939,27460,27275,28472,30014,33110,31833,33573,36174,34805,37775,36323,36267,37216,38753,40690,41789,45257,51197,52495,53883,55544
17025,"Clay, IL",22158,22719,22524,23669,26198,26310,27308,28484,31467,31058,32473,33894,34453,35410,34601,35158,35875,38012,39827,39141,43468,49936,50201,53673,54942
17027,"Clinton, IL",26600,28033,28437,29706,30539,30715,32305,33154,35122,35006,36747,38819,38864,39597,40403,41262,42568,45034,46694,49239,52908,58004,59991,62103,64744
17029,"Coles, IL",23507,24614,24794,25355,25967,26455,27242,28375,30217,30315,32162,34301,34418,35753,37345,37953,38768,40571,42208,43354,47815,52285,52366,55410,57854
17031,"Cook, IL",35158,36229,36644,36918,38276,40347,43058,46192,46777,43378,44003,45549,48196,49022,52030,54741,55262,57233,61322,63007,67163,72586,72949,77018,79964
17033,"Crawford, IL",22318,24132,23872,24148,26532,26642,29847,31918,35819,36606,37255,39961,40358,40651,42141,42976,42939,43420,44756,46171,48870,52372,56899,59574,61038
17035,"Cumberland, IL",23895,25368,24814,25480,27141,26588,28096,29849,32134,31461,34133,35651,36153,46597,52715,57770,67433,72316,72155,73151,82288,89987,94219,100536,104890
17037,"DeKalb, IL",26462,27841,28091,28880,29021,29346,30610,31420,31857,30723,31397,34050,34187,36219,36474,37753,38743,40146,41722,43388,46681,50576,50823,53097,55006
17039,"De Witt, IL",26226,27848,28418,28490,30413,29498,30839,33185,35914,36084,37654,40949,42004,49236,47457,42246,43087,44104,46483,46006,51646,57412,59276,60844,61727
17041,"Douglas, IL",25365,28319,28097,29617,31572,30458,32202,34377,36156,36273,38514,42007,40205,45642,43769,43909,44821,46953,49403,49755,54880,61107,68340,68807,70031
17043,"DuPage, IL",47361,46836,46866,48442,50353,50393,53981,54906,54979,51825,53469,55981,58582,59039,61591,65232,65903,68615,72290,75343,78626,86005,89732,94955,98481
17045,"Edgar, IL",25412,25358,23193,25009,27262,26790,28069,29884,33710,31410,32643,34951,33546,37129,35689,35055,38443,39675,40799,41777,48212,55126,57163,57660,58558
17047,"Edwards, IL",21321,22486,23025,23441,26660,25760,27770,28427,30332,29942,31579,34484,35063,37359,35680,36327,36256,39113,40675,41654,45287,50941,50910,52271,53227
17049,"Effingham, IL",25079,26780,27600,28362,29219,29380,31048,32693,34769,35351,38742,40836,40980,40951,41916,42084,44172,46779,48542,49856,55330,60626,64015,68532,72180
17051,"Fayette, IL",19387,19994,19811,21018,23280,22468,23165,24339,26701,26829,28673,30568,29875,31750,30143,30882,32535,33460,35041,36015,40160,45107,45438,47266,49155
17053,"Ford, IL",28385,30361,30280,31283,33020,32310,33458,35138,38977,39167,43024,44697,43735,47769,43186,40807,43548,44798,48497,50838,56778,62281,69110,69177,69422
17055,"Franklin, IL",20456,22134,22666,23438,23957,24481,25464,27033,28124,29279,30812,32559,33272,33015,33664,34179,34627,35787,37169,38153,42109,45879,45836,48659,51381
17057,"Fulton, IL",22328,23393,24274,25301,25848,25825,27003,28727,30870,30474,31374,32572,32858,34075,33572,33981,35020,35944,37436,38472,42756,47052,48431,50911,52445
17059,"Gallatin, IL",20861,20820,21867,22000,23481,23716,25145,27851,30871,31433,33818,37747,35969,43403,37588,34889,37152,37989,39070,41342,45131,54274,55256,58196,57193
17061,"Greene, IL",19708,22003,21806,23698,25450,24592,26396,27690,29357,29110,31515,33562,32118,35789,34284,32270,35126,35161,37261,37731,44526,51757,53745,53675,54758
17063,"Grundy, IL",28808,33583,36893,37801,37334,35557,37019,40896,43285,42017,43594,53521,56370,50557,47052,47086,46391,48525,52968,57718,59009,59613,59222,62236,63824
17065,"Hamilton, IL",19973,21196,21393,21392,24352,25284,26131,27546,30369,30666,33266,35195,34913,37689,36505,37181,38479,40434,42571,43264,46972,54507,53278,55502,56469
17067,"Hancock, IL",24345,24643,24630,25897,28000,26827,28204,30263,34771,33328,35218,37216,37593,42837,41707,39516,40972,40948,42967,43934,50126,56314,57229,59810,60715
17069,"Hardin, IL",18923,19914,20475,21649,21838,21811,22830,24550,25462,27016,28617,30379,32304,34051,34057,34686,36467,38109,37923,39103,41639,45760,51645,53882,55913
17071,"Henderson, IL",23586,23826,23152,25303,26381,25728,26555,29016,32093,31598,31665,36171,36405,44056,40315,37846,40798,40588,42666,41006,47198,55059,58142,56913,55143
17073,"Henry, IL",25859,27122,27545,28828,30148,30188,31565,33517,35420,34811,36592,39373,39337,42406,41255,41193,41925,42785,44267,45567,50367,55554,56612,58665,60048
17075,"Iroquois, IL",24447,25781,26387,27892,29298,28763,31021,33648,36801,34461,35580,38209,37505,41586,39114,38264,40287,40108,42445,43797,49855,55635,57143,58683,59524
17077,"Jackson, IL",22639,24067,25123,25391,25680,25929,26628,27577,29147,30018,31203,32147,32298,32532,33171,34941,35425,36852,38353,39507,42563,46719,46558,49552,50957
17079,"Jasper, IL",22300,22665,22038,22580,26642,25338,26851,28089,32125,32041,34982,38515,38988,41592,38894,36674,38359,40524,41620,42252,49407,56544,56385,56703,59658
17081,"Jefferson, IL",21744,24719,25393,25884,27680,28552,29747,30113,30776,30276,32183,33012,34181,34195,35286,36072,36209,37668,39246,40075,44126,47771,47888,50484,52893
17083,"Jersey, IL",25680,26621,26463,27294,28536,28815,29571,30382,32694,32251,34051,35152,34286,35431,35670,36294,38003,39283,41740,43086,47700,52565,53237,55238,56565
17085,"Jo Daviess, IL",28173,28979,28703,30107,31755,32054,33769,35945,36941,36169,37615,39613,39261,41740,41354,42003,43024,43956,45675,47439,51203,56634,57354,61106,63662
17087,"Johnson, IL",17421,18188,19471,19404,19435,19714,20171,20914,21753,23673,26523,27514,29002,29749,29696,30947,31459,32884,33723,34534,36950,39578,39247,42126,44062
17089,"Kane, IL",30844,32644,32322,32780,33734,35268,37108,38848,39809,38129,39469,41553,43177,43712,45018,46842,48187,50194,52324,54137,57949,62690,64200,67291,69927
17091,"Kankakee, IL",25153,26202,26809,27290,27888,28762,29970,31312,32693,32055,32765,33785,34416,35706,36162,37420,38475,39591,41437,43187,47236,51561,50881,53232,55091
17093,"Kendall, IL",31061,31842,31470,31570,32231,33515,35874,37879,39127,38258,39050,40784,41453,42701,43237,44806,45791,47023,48627,50922,53231,57280,58095,60684,63048
17095,"Knox, IL",24020,25446,25981,26873,27133,27032,28096,30307,32380,32443,33659,35293,35464,36947,36194,36496,36509,36687,38358,38734,43306,47577,47652,50306,51995
17097,"Lake, IL",47375,49384,49439,50458,51830,53846,57420,59626,60225,55842,57177,60824,66096,65027,67720,71189,71550,73091,77289,78646,81230,89831,93358,99641,103546
17099,"LaSalle, IL",26016,26652,26875,27620,29670,30411,32050,33434,34392,33923,34766,37030,36781,38537,38613,39585,40747,41709,43433,44508,48466,52516,53684,56180,57510
17101,"Lawrence, IL",24154,25384,24910,25954,30713,30186,30226,28736,36083,30920,31409,33863,31856,32628,32601,28956,28448,28430,30574,31081,35465,39665,41615,42374,43606
17103,"Lee, IL",23644,24576,25320,26739,27234,27430,28826,31033,31783,31648,32989,36415,35501,39752,38292,37996,38776,38948,40626,42159,46768,51458,51953,54314,55487
17105,"Livingston, IL",26069,27759,27841,29012,30365,29860,30787,32943,36066,33560,35439,37504,37167,40868,38744,38268,41193,41659,44154,45401,51282,56588,58353,59029,59404
17107,"Logan, IL",22979,24199,23890,24168,25438,24832,25741,27842,29598,29614,30194,32780,31226,35708,33503,33507,35013,35192,37003,38007,42357,47564,48522,49864,50572
17109,"McDonough, IL",22103,23077,22872,23367,24568,24294,25734,27161,29700,30615,32114,33759,33714,36935,36721,36355,37611,38498,39834,40238,44579,48346,48836,50603,51383
17111,"McHenry, IL",33637,35961,36474,37150,38261,39805,41994,42918,43693,41690,42329,44595,46021,46859,47952,49982,51213,52864,54535,56451,59411,63755,65707,69211,72162
17113,"McLean, IL",29975,32046,32351,33102,33917,34144,36456,37543,39415,38922,40269,42291,42715,43277,43234,45488,46291,46969,48975,49833,54752,58863,60473,63509,66091
17115,"Macon, IL",27807,30138,30444,30321,31752,32498,34357,36597,38697,38618,39050,41236,41268,42308,43643,43479,43802,44738,47184,47288,51670,56207,57306,59988,61375
17117,"Macoupin, IL",24020,24964,25369,26695,27437,27605,28841,29959,31823,31936,32877,34360,33923,36274,35553,36413,37144,38502,40326,41466,45771,50975,51683,54667,56247
17119,"Madison, IL",26629,28015,28860,29786,30384,31481,32816,33884,36018,35610,36771,37827,38387,38705,40123,41696,42298,43701,45545,47710,51026,55382,56523,60131,62684
17121,"Marion, IL",22915,24654,25267,26124,26777,27525,28689,29368,31571,32195,34096,34937,34837,36150,36487,38006,37544,39283,40596,42063,46823,50081,50917,54344,56066
17123,"Marshall, IL",26291,26900,26972,27785,30358,29506,31139,33278,35927,34590,33991,38102,38225,42793,40669,40089,41466,41693,43927,43852,48718,55520,56543,58289,58087
17125,"Mason, IL",24694,25695,24790,25059,27005,25621,27423,29844,32550,33047,33990,37538,37128,40973,38626,36338,39463,38590,41046,41812,47190,55352,56186,57867,57582
17127,"Massac, IL",21166,22750,22879,23384,24381,24895,25684,27116,28504,29310,30850,31771,32720,32648,32699,33325,33892,35053,36067,37642,41605,45591,45986,49626,51487
17129,"Menard, IL",28234,30448,30248,31161,32526,31247,32110,34156,36108,36423,37332,39440,38030,41678,39852,40549,41636,43031,44819,46001,49982,56907,57457,59875,61789
17131,"Mercer, IL",24517,25821,25816,27550,29483,30077,30936,33197,36271,35336,36833,40190,40731,44758,43253,41450,43202,43625,45150,45371,52171,58799,59758,59606,61164
17133,"Monroe, IL",30312,31447,31485,32470,34702,35671,38751,40534,43993,42451,44281,46016,47469,47944,49914,52271,53543,54471,56357,58146,61137,68035,69659,74332,77807
17135,"Montgomery, IL",22498,23585,23167,23873,25163,24895,25627,26917,28340,28738,30145,31831,30749,33929,31556,31226,32881,33652,34914,35698,39805,43787,43433,45981,56457
17137,"Morgan, IL",23710,25355,25888,27050,27653,26875,27779,29360,31203,32285,33857,35484,35334,36772,36116,36716,37635,38277,39321,40543,44099,48994,49869,52406,53806
17139,"Moultrie, IL",24187,30120,31237,32828,38746,37385,38749,40723,41348,36385,42804,50872,55312,52673,49871,48012,50007,55367,61331,66211,68174,67256,82616,77792,77504
17141,"Ogle, IL",26203,26971,27301,28222,29130,29885,31647,33700,35298,33629,35113,38182,38039,40424,39982,40456,42010,43176,44839,45490,48520,53972,54973,57180,58984
17143,"Peoria, IL",28538,29422,29440,30331,32397,34218,37116,39209,41439,40528,41619,45506,47010,44388,45332,46877,46197,46892,48630,49702,53489,56787,58474,61879,64705
17145,"Perry, IL",18229,20384,20857,21601,22371,22740,23118,23724,25176,26799,29061,31445,31504,31447,31668,32777,33476,34598,36048,37230,40616,43679,45934,48283,49885
17147,"Piatt, IL",30955,31251,31284,31254,33508,33682,34845,37848,41277,41144,42821,45720,45688,49812,48061,46994,48852,50690,52819,52676,57845,66185,68019,70493,70960
17149,"Pike, IL",21018,22066,22056,23650,24399,23815,25183,26331,27223,28482,31235,33877,34250,39687,38439,36839,39495,39338,41037,42420,49430,57698,54926,57021,59267
17151,"Pope, IL",18699,19416,20219,21099,22238,22971,23578,24148,25810,25723,26245,26850,26685,26212,26428,27619,28272,29793,31226,31631,35679,37689,37853,41048,43633
17153,"Pulaski, IL",18098,19124,19949,21192,22494,22969,24505,26179,28963,29392,31665,32774,31217,31917,30973,32121,33029,35981,36282,37619,42010,47043,45358,47853,48723
17155,"Putnam, IL",23866,26272,27591,27672,30997,31325,33965,35647,37108,36101,38437,46693,48892,55449,54923,57340,55944,56359,60106,57652,59647,67004,66871,71254,73151
17157,"Randolph, IL",19763,21425,21870,22540,23706,23758,24926,25897,27949,28190,30323,31475,31288,32174,32553,34232,35125,35871,37207,39354,43547,46781,46618,49285,51003
17159,"Richland, IL",22900,23790,23212,24021,27200,26626,28139,29356,32203,32751,34828,35712,35809,37653,36966,37018,37753,38834,40311,41150,45647,50551,52381,53570,57427
17161,"Rock Island, IL",27339,28109,28636,30103,33097,33570,34886,35290,37676,36797,36972,38601,39213,38932,38759,39859,40500,41810,42951,43471,46862,49177,49671,52200,54067
17163,"St. Clair, IL",25728,27022,28093,29109,30107,31095,32700,33676,35658,35460,36452,37558,37771,38085,39180,41178,41297,42691,44442,46132,50120,54655,55856,59251,61712
17165,"Saline, IL",21092,23152,23618,24601,24954,25792,27075,28718,30159,31116,33112,34259,34707,34936,35054,35058,35282,36920,38309,39245,42087,46344,48435,52606,55721
17167,"Sangamon, IL",31079,32097,32636,32556,32860,33297,34142,35519,36972,37577,39143,40446,40567,41683,42629,43501,44244,45321,47001,48902,52422,57433,57326,60444,63581
17169,"Schuyler, IL",23614,25061,25178,26826,28646,27459,28727,30016,33531,34287,34777,36969,37314,40207,39731,37382,38747,39060,40607,43400,48961,52014,53056,54943,55900
17171,"Scott, IL",21488,20787,20800,21894,25979,24891,25971,28324,31435,30594,32717,36168,34407,40085,37517,34529,37469,37884,41403,40841,45957,53830,54816,54820,54010
17173,"Shelby, IL",22616,23257,22628,23773,26300,25782,27014,29537,32398,31509,32856,35206,33462,36367,34511,34632,36480,37763,40516,41330,46304,52300,52884,54960,56517
17175,"Stark, IL",25405,27734,25817,26645,29040,27558,28960,32446,34349,31647,32022,38679,37547,46621,41334,37963,40353,40446,42567,41320,49306,60984,62104,62304,59494
17177,"Stephenson, IL",26978,27971,28731,29446,29131,29209,30665,32204,32731,31868,33265,35713,36087,36695,36330,37599,38388,39407,41056,42642,46778,51974,52551,55185,57610
17179,"Tazewell, IL",28406,29001,29581,30244,31364,32689,35047,36287,37608,36669,37593,40455,41854,40817,41887,43693,44268,44311,47281,47924,51551,55071,57019,59784,62652
17181,"Union, IL",20752,22727,23538,24310,25298,25744,26711,27851,29524,31452,34870,34697,35048,35688,35853,36928,37261,38762,40400,41601,45321,48625,48416,51465,53748
17183,"Vermilion, IL",22426,23485,24011,25616,26349,26367,27417,28545,30713,30708,32117,33876,33920,35150,35082,35703,36102,37356,38609,39800,44386,49300,49528,51600,52819
17185,"Wabash, IL",22325,23616,24189,25336,28285,27966,30024,31684,33324,33354,35741,37750,38499,39711,39765,38622,39242,40767,41881,42705,46428,51727,52689,55300,57146
17187,"Warren, IL",21901,23000,23270,24296,26364,25358,26272,28306,31407,31052,31713,35055,34773,40429,37833,35390,37816,38063,40315,40329,46062,52487,56194,56780,55441
17189,"Washington, IL",25711,29654,29194,30354,31254,30761,32913,33895,37183,39620,46953,49870,42141,41182,40195,40062,41245,44199,47043,48424,54003,60643,60503,62613,63450
17191,"Wayne, IL",21614,22239,22274,23322,26476,26710,28021,28132,32401,31226,33638,37180,36800,37400,35781,35297,34861,35605,37453,39221,43261,48276,50431,51502,52956
17193,"White, IL",23597,24271,24475,25138,28710,28566,31208,32529,36062,34234,37757,41919,40710,43482,42553,41345,41922,44431,46688,47159,49445,56250,60434,63188,65452
17195,"Whiteside, IL",25055,25371,24964,25873,27660,28330,29978,32130,33836,33503,34986,37830,37583,39639,39385,39504,40001,41218,42336,43511,48158,52124,52664,55473,57536
17197,"Will, IL",30239,31572,31194,30944,31951,35214,37348,38994,41097,39330,40186,42075,43345,44294,45674,48069,48978,50793,52422,54331,57219,62288,64368,67627,70456
17199,"Williamson, IL",23051,25156,26126,26793,27866,29275,30601,31759,33362,34394,36584,37557,38740,38405,39156,40456,40812,41952,43482,45247,48870,52094,52882,56134,58380
17201,"Winnebago, IL",27496,27765,28298,28767,29326,30121,31963,33228,33734,32766,33507,34705,35538,36441,37464,39156,39155,40854,42572,43239,46824,50574,50898,53211,55188
17203,"Woodford, IL",26790,28258,28766,29797,31958,32958,35570,37919,40227,39135,40565,44391,45484,46314,45784,47337,47946,48385,51555,51768,56037,61083,63567,66465,69291
18001,"Adams, IN",23797,24610,24625,25477,27019,26629,27572,28094,28684,27058,28334,31377,33377,34523,35700,35234,35415,37137,38525,39764,42645,47595,49725,51122,53240
18003,"Allen, IN",29917,29628,30109,29810,30907,31687,33769,34744,35371,33742,34668,36735,38240,38045,39960,41810,42526,43508,45677,46877,50172,56379,58206,60362,62717
18005,"Bartholomew, IN",31010,29840,30580,31623,33003,33387,35571,36608,38236,36100,37925,40964,43763,43212,45158,46951,47482,49628,53228,54331,57448,60551,62368,66993,70262
18007,"Benton, IN",25663,27608,27611,26967,29440,28792,30036,32643,36686,33607,33218,38944,36109,44044,38742,33586,37638,38038,40116,41675,47249,54800,54863,56856,54199
18009,"Blackford, IN",22121,23933,23911,24189,25654,26309,27466,28972,30805,29174,30623,31590,32203,33261,33841,34349,34151,34901,36179,37147,39637,44277,45313,47331,47422
18011,"Boone, IN",38193,39605,39216,39792,42322,44529,48773,49868,53714,50108,51700,55776,57866,60575,61662,65300,68469,69151,72393,76687,77405,86306,92062,97481,101485
18013,"Brown, IN",29749,29702,28988,29421,30208,31367,32911,34656,34653,33566,34606,36858,38681,38798,40149,41723,42852,44124,45968,48672,52817,58674,58766,62515,66407
18015,"Carroll, IN",27974,27339,26692,27218,27985,28657,28835,30616,32755,31241,32951,35919,36749,38537,38663,37106,38798,39880,41900,42964,47326,51415,51143,53812,55111
18017,"Cass, IN",25235,25011,25495,25939,26712,26811,28034,29480,30892,28998,29945,31447,32541,33595,34355,34649,35316,36616,37880,39614,42955,47749,47189,49182,51201
18019,"Clark, IN",26791,27935,28315,29355,29493,30343,31966,32513,33885,33151,34305,35961,37958,37422,38139,39827,40654,41733,42868,45082,48445,52275,53672,56343,58451
18021,"Clay, IN",23667,22567,22893,23934,24814,24747,26078,27250,28685,29009,30132,31324,31762,32674,33290,33930,34998,36618,37085,37432,41179,45111,45397,46944,48881
18023,"Clinton, IN",22695,23839,24132,25212,26390,26657,27297,29225,30239,29053,29938,31924,32726,33946,34785,34287,35102,35580,37739,38236,41480,45860,46819,49474,50632
18025,"Crawford, IN",20494,20639,21100,21636,22176,22413,23067,24004,25522,25648,26341,27456,28030,28180,29815,31148,31649,33050,33895,35080,38172,41839,41770,44470,46326
18027,"Daviess, IN",23777,24375,24155,25567,27187,27634,28695,29989,32091,30930,31755,34101,34968,36571,37028,38374,38185,40213,41999,43494,48668,54479,58145,60209,62997
18029,"Dearborn, IN",27622,32646,33909,34731,34513,33648,34523,35214,36615,35271,35693,37277,39127,39708,40910,42850,43022,44461,46743,48861,51689,56926,58067,60786,63515
18031,"Decatur, IN",26421,27338,27544,28418,29049,29427,31088,32008,33643,32106,33427,34565,36145,37299,37823,37987,39121,40619,42182,44983,49291,52622,53286,55671,58061
18033,"DeKalb, IN",25958,26088,26588,26968,28409,29236,30212,31503,32670,30770,31720,34907,36102,36524,37720,39225,40632,42374,44294,45119,48555,55296,55214,57733,59675
18035,"Delaware, IN",25182,25388,25428,25982,26413,26850,27113,27381,28410,27740,28154,29479,30879,31390,32567,33694,34341,35614,36853,38575,41964,45235,45752,47698,49965
18037,"Dubois, IN",31231,31973,32331,33246,35364,35869,37710,38867,41178,37705,40265,44216,45627,45753,49522,50697,49867,52320,53489,54201,58058,63470,65393,69242,72806
18039,"Elkhart, IN",27389,26703,27749,28460,29781,30705,31439,32088,31213,28576,30580,32386,34752,35789,38305,39803,41334,44498,45823,45616,48715,57102,58363,58040,60348
18041,"Fayette, IN",25193,26025,26182,26346,27195,27155,27813,28602,29182,28555,29816,31430,32727,33311,35078,34933,36516,37842,39376,40296,44154,47719,47731,50357,51950
18043,"Floyd, IN",30961,31237,31682,32328,34322,35292,37328,38698,39571,38238,38757,41054,43073,43522,46593,48752,51301,51834,53674,54220,56738,63474,63479,67416,69813
18045,"Fountain, IN",24095,24418,23913,24783,26833,27591,28131,29729,32000,30581,31579,33846,34860,37075,35611,35230,36963,38005,39532,40461,45336,50294,51312,53224,53785
18047,"Franklin, IN",26304,28312,27886,27660,29869,30732,33585,34383,35674,35264,37183,38959,39749,40095,40370,42015,42757,44424,45340,46544,50902,56104,55337,57801,60727
18049,"Fulton, IN",23635,24003,24252,25187,26648,27047,28005,29519,31558,29815,31599,33997,35526,36824,36576,36968,37642,38857,40570,41824,45828,49895,49865,52701,54315
18051,"Gibson, IN",24373,26106,27191,29235,30287,30358,31180,31737,33602,32174,33801,35672,36925,39805,40126,40366,41866,43285,45289,46504,50593,54202,56746,58635,60627
18053,"Grant, IN",23014,24010,24723,25199,25379,25448,26658,27837,29695,29698,30564,31723,33533,33997,35042,36368,36663,37120,39070,38816,42514,47233,47619,49108,51373
18055,"Greene, IN",22122,22646,23073,24030,25094,25956,26880,28496,30478,30384,31167,32791,33641,33796,35445,36099,37138,38729,40254,42317,46072,50401,50986,53310,55238
18057,"Hamilton, IN",45478,46683,45077,44102,46357,47756,51107,53051,55564,52611,54663,57919,60553,61179,64079,66743,68873,71152,74318,76869,79489,90406,93725,99287,104283
18059,"Hancock, IN",34391,33914,33490,33566,35297,36382,37973,38438,39564,37486,39004,40527,42473,42736,43166,45147,46664,48023,50241,51488,54274,59332,62965,65450,68345
18061,"Harrison, IN",26331,27366,27424,27529,30107,30189,32892,33644,34781,33349,33403,34866,36161,36354,37662,38689,40031,41294,42705,45195,48259,53016,55001,58027,60148
18063,"Hendricks, IN",31836,32032,31761,32492,32771,33749,36251,37329,39229,37641,38198,39768,40979,41708,42693,44485,46074,47577,49585,50645,53180,57897,59120,61637,65043
18065,"Henry, IN",25616,25797,26545,27579,27502,27651,28595,29883,30219,29125,28920,30396,31405,32097,32876,33497,34775,35925,37268,38791,42534,46218,46947,48566,50630
18067,"Howard, IN",28266,27669,28272,28945,29885,30307,31424,32909,32452,30568,31200,32962,34306,34864,36391,37532,38100,39084,40952,41680,44027,47605,47672,50097,53185
18069,"Huntington, IN",25948,26599,26503,27360,28737,29128,30534,31365,32543,30936,31969,34023,35181,36074,36760,37617,38128,39421,41104,41655,45335,50661,50903,52929,55118
18071,"Jackson, IN",23871,25266,25183,26057,28020,28816,30394,31709,33577,34024,34460,35661,37052,36798,38057,38682,38311,38877,41372,42012,45353,48553,49739,51538,54272
18073,"Jasper, IN",25907,26380,26087,26739,28645,29539,30912,33610,34935,31694,33764,36900,38231,41252,41553,41214,41966,42135,44108,45968,50887,56557,58154,58837,60209
18075,"Jay, IN",21466,22215,22197,24015,25689,25748,26967,27959,30461,27545,29833,32133,33660,34966,36912,38026,34985,37176,38328,37690,42494,49148,55134,54048,56292
18077,"Jefferson, IN",22300,23938,24372,25653,27418,28267,29359,30546,32302,31118,32916,34508,35503,35504,36316,37936,38077,39080,40857,43314,47185,50545,52680,55148,57391
18079,"Jennings, IN",22288,22521,22506,23132,24551,25199,26521,27428,28447,27532,28507,30164,32251,32695,34215,35182,36021,37457,39297,41056,44696,49116,50202,52046,54501
18081,"Johnson, IN",30686,31418,31529,32049,33036,34156,35655,36800,38076,36429,37546,39125,40954,41330,42369,43908,45104,46211,47991,49887,52743,57421,59090,61395,64637
18083,"Knox, IN",24497,25374,25292,26373,27843,28109,29752,31030,33447,32851,34571,35967,37662,39133,40106,39739,41096,42425,43883,44677,49503,54452,54761,57471,59222
18085,"Kosciusko, IN",27095,27321,28357,29534,31076,31705,32054,33344,34297,32639,34616,36836,38575,40382,41808,45933,42823,44898,46597,48127,52134,56939,57999,59491,60847
18087,"Lagrange, IN",19887,20788,21453,22349,23721,24454,25397,25963,25475,23284,26134,28668,31166,33223,35043,35892,36791,40336,42081,41182,44167,53253,54382,53920,55899
18089,"Lake, IN",27081,27164,27409,28353,29184,30296,31988,33288,34660,33261,34238,35701,37101,37005,38016,39541,40637,41977,44032,45149,48161,52799,53446,56270,58423
18091,"LaPorte, IN",25174,25825,26349,27223,27856,28672,30149,31149,32802,30991,32037,34031,35684,35868,36409,37186,38338,39551,41063,41860,45420,49276,50715,53587,55790
18093,"Lawrence, IN",24307,24316,24739,25325,26343,26973,28501,29479,30727,29743,30862,32329,33332,33374,35190,36390,37653,38950,40750,42887,47262,51751,52224,54599,57129
18095,"Madison, IN",25448,25944,26407,26818,27046,27441,28422,29074,29266,28517,28931,30032,31527,32000,33096,34068,34987,36043,37438,38799,42229,46697,46714,48559,51116
18097,"Marion, IN",32249,32899,33308,33520,34480,35079,36468,36353,38243,39265,41768,44579,45442,44514,45309,47053,48068,48672,51085,54799,59992,66885,68100,71716,75002
18099,"Marshall, IN",24683,24604,25185,26140,27527,27588,29223,30379,31372,29575,31541,33348,34174,35651,36539,37266,38357,40118,41291,42258,46263,51818,53183,53798,55404
18101,"Martin, IN",23750,25342,25087,27163,28086,28825,29679,30827,32272,31284,32669,34527,33245,33296,34534,35998,35787,37432,38854,40545,45310,50251,53082,53818,57214
18103,"Miami, IN",22330,22636,22206,22736,24454,24470,25073,25410,26611,24796,25768,27289,28602,29721,31228,31151,31620,32954,33918,34742,37069,40950,40780,42716,44940
18105,"Monroe, IN",24677,24887,25073,25922,27139,27693,28922,29568,31536,31013,31085,32846,34123,34292,35874,37728,39548,41799,43833,45575,47929,52448,54062,57409,60402
18107,"Montgomery, IN",24856,25836,25607,25878,27946,28181,29543,30771,32606,31670,33493,34524,34665,36653,36794,37731,38249,38000,39514,40742,44577,49481,50145,51979,53534
18109,"Morgan, IN",27265,28145,28365,29084,30736,31324,32784,33545,34504,34024,34829,36397,37051,37452,38147,38941,40362,41498,43055,44727,47487,52485,54458,56824,59692
18111,"Newton, IN",22723,23570,23878,24467,27600,27788,29193,30825,33513,30457,31008,34630,35308,39352,37790,37349,37081,37256,39412,41088,46057,51606,52792,52963,53822
18113,"Noble, IN",23676,23706,23857,24366,25310,25918,26167,27408,28276,27375,28705,31142,32714,33674,35277,35963,36644,38557,40122,40840,44100,49049,50861,52577,54257
18115,"Ohio, IN",24621,43630,42488,39577,40293,41032,37722,42253,44858,47981,51231,38622,34872,33870,35469,37576,37599,38643,39624,41247,48750,54882,52055,51203,54266
18117,"Orange, IN",22022,22042,21744,21985,22981,23404,25109,26668,28637,28097,28827,30036,32042,30681,31304,32843,33922,36246,36896,37542,40783,44442,45742,47830,50046
18119,"Owen, IN",21933,22685,23313,24140,25015,25673,26495,27639,28463,28651,29990,30825,31976,31723,32914,34738,35918,37333,38816,40671,44691,49673,49833,51851,53904
18121,"Parke, IN",21429,22072,21967,22038,23314,23501,23912,25062,26670,26366,27884,29490,29923,31533,31201,32035,33909,35562,36617,38847,43637,48944,49797,52538,54051
18123,"Perry, IN",23083,23959,24272,24928,25692,26019,27024,27596,28690,27881,28457,30118,30581,31397,33522,34345,35392,36503,37180,37424,39706,44519,44801,47470,49159
18125,"Pike, IN",21914,22979,22655,23007,25060,25441,26573,28206,30490,30202,31433,32339,33971,35727,35935,36689,37148,39244,40185,41772,44861,47747,48731,50695,52716
18127,"Porter, IN",31728,31785,31639,32426,34815,35770,37736,39541,41090,38236,39137,42070,44147,44355,45374,46551,47793,50081,52416,54004,56488,61484,63336,66738,69285
18129,"Posey, IN",28183,31918,31246,31090,31604,32115,33973,34944,38092,36551,38285,41693,41442,43592,44383,44059,44334,46357,47791,51336,55329,58544,59121,61601,63772
18131,"Pulaski, IN",23477,23745,23559,23988,27062,27058,28389,30708,33477,30557,33450,36709,37803,40548,39564,38692,40279,40391,41965,44178,49406,54322,55856,59687,60731
18133,"Putnam, IN",22644,22771,22692,22962,24736,24923,25957,26951,27894,27403,28324,29689,30400,31922,32373,33293,35267,36404,37643,39079,42105,46639,46799,48828,51068
18135,"Randolph, IN",23644,24227,24145,25209,26126,25709,25911,27370,29108,28502,29700,32244,32469,34056,35403,37133,36665,36119,36991,38326,43503,51216,52792,55603,57646
18137,"Ripley, IN",24019,26516,27660,27838,29307,30225,31461,33149,35262,32882,33668,35094,35254,36074,37228,36980,37976,39539,40646,41813,46100,50937,50979,53081,55410
18139,"Rush, IN",25776,26646,25813,26971,29135,29414,29831,30588,32582,31653,32505,35212,36390,39469,39210,38290,40709,42783,44052,45410,48936,55269,55546,58397,60209
18141,"St. Joseph, IN",27512,28351,29241,29657,31297,32325,34303,35484,36007,33988,34891,36893,38535,38849,40586,43079,43031,44977,46952,47288,50411,55841,56225,56869,59030
18143,"Scott, IN",22005,22466,22836,23112,24719,25145,25585,26257,27787,27328,27864,29099,30875,31447,33079,33799,34940,35374,36513,37761,40914,44826,45134,47047,49073
18145,"Shelby, IN",27692,28039,27884,29036,30736,30669,31428,32178,33000,31561,33391,35165,36392,38675,38334,38329,40077,41459,43118,44199,47672,51641,53319,55717,58109
18147,"Spencer, IN",24607,24873,25380,26775,28267,28796,30418,31933,34309,32801,33937,35480,36336,38053,38979,39554,40238,42446,43926,46330,49257,54116,54327,56600,58648
18149,"Starke, IN",19620,20460,20447,20901,22259,22535,23941,25084,26291,25883,27512,28737,29829,31204,31508,31869,32450,33094,34016,34658,38098,42300,42278,44149,45783
18151,"Steuben, IN",26348,25130,25428,25612,27158,27926,29265,30283,31313,30012,31230,33541,35363,35799,37238,37559,39334,41473,43757,45147,48004,53816,54795,57128,59084
18153,"Sullivan, IN",20412,21371,21068,22416,23547,23695,24549,25929,27942,27086,28569,29945,30596,31669,31621,31649,32603,33595,34890,36057,39327,43590,43878,44946,46497
18155,"Switzerland, IN",21527,23174,22066,22536,23247,22843,23486,24364,25175,23995,24265,25722,27276,27594,29125,29793,29783,31447,33819,35330,38822,42460,42498,43887,45038
18157,"Tippecanoe, IN",25156,25034,25286,25191,26322,27106,27985,28777,30556,29691,30742,32306,33654,33189,34661,35742,36276,38009,40225,40968,42572,46480,47274,50459,52373
18159,"Tipton, IN",28813,29078,29088,29594,31397,30927,31342,32731,33697,32324,32669,35583,38192,40893,40892,40718,42375,42835,44876,45597,48494,52015,50366,52558,55023
18161,"Union, IN",23600,23552,22736,24784,27482,27282,27346,27125,28824,28148,28846,30137,30782,33814,33969,33450,35370,36348,38430,39268,43460,49131,49442,51789,52843
18163,"Vanderburgh, IN",29067,29652,30392,31038,31756,32828,34588,34370,36117,35790,38497,40834,42164,38964,40619,42041,42178,43744,45136,47343,50836,55806,56859,60048,62998
18165,"Vermillion, IN",24218,24367,24737,25615,26466,27027,28095,29320,30565,30952,31949,32775,33021,33334,33987,34163,34731,36475,36663,37799,41982,46895,46727,48246,49396
18167,"Vigo, IN",23091,24756,25576,26442,27224,27391,28351,28952,30950,30372,31531,32145,32975,33061,34259,34705,35425,36754,37647,38758,42151,45996,46535,48927,51499
18169,"Wabash, IN",25637,25186,25150,25810,27267,27748,28898,30174,31254,30028,31591,33466,36102,36363,37265,38093,38608,39571,41329,42569,46428,52007,53385,57181,59305
18171,"Warren, IN",23704,24931,24852,25766,28964,28883,28632,31599,34964,33412,34713,38319,39857,43798,41246,37227,39585,39691,42054,42547,48499,53599,54227,57025,56864
18173,"Warrick, IN",29356,30903,31548,31986,33509,34867,37617,38296,40653,39696,41431,44119,46156,45716,48303,50060,51288,53608,55504,58519,61506,66925,67827,70849,74288
18175,"Washington, IN",22860,23043,22478,23397,24573,24999,25887,26956,28034,27240,28027,30093,31255,32624,33814,34831,34846,36456,38575,39286,42960,47981,50214,51922,54025
18177,"Wayne, IN",25078,25189,25766,26304,27121,27563,28542,29358,30837,30043,30909,32517,34091,34729,36465,36360,37457,38732,40277,41637,45176,49438,49876,52444,54628
18179,"Wells, IN",26665,26240,26142,26904,28303,28277,29350,30943,32212,31295,32677,34720,36323,38100,38410,38354,38855,39731,41329,42400,46185,51599,51767,53717,55251
18181,"White, IN",24590,24519,24329,24755,26646,27527,29082,31094,33058,31707,33155,35785,36449,38736,38054,37985,39240,39199,41689,43209,47406,52181,53825,56995,58476
18183,"Whitley, IN",26859,27263,27207,27968,29286,30075,31725,33129,33974,33057,33399,35365,37394,38058,38994,39884,41386,42615,44755,46850,49995,53993,55600,58157,60895
19001,"Adair, IA",25560,25998,27089,26722,30837,28709,29810,31820,37435,35588,35020,40260,40864,43050,43329,45382,44289,46466,49434,49477,53926,65295,68112,69958,76983
19003,"Adams, IA",26738,25805,27119,25860,31172,29197,27621,30347,36909,36786,37222,47054,47531,55370,57018,63806,58745,56467,56660,54672,53052,65052,66659,64729,63791
19005,"Allamakee, IA",22502,23651,24362,24765,26752,27701,28769,30501,32169,31568,34513,37785,38328,40323,41426,41456,41915,43425,45117,46425,48836,53589,55950,55561,58705
19007,"Appanoose, IA",20962,21191,22202,22596,24398,24277,25700,26474,29042,29677,29798,31207,32155,32455,32872,34458,35361,37583,38526,39224,43011,47565,47222,47961,50647
19009,"Audubon, IA",25163,25365,26583,26712,32997,32348,33455,35930,40059,36956,39375,48149,44459,46802,43819,43219,42425,44865,48828,49502,51864,64973,71777,66864,67931
19011,"Benton, IA",26764,27333,27494,27385,29690,29982,31648,35019,38457,38678,40332,42704,44230,45751,47018,48402,48715,50313,52021,53627,55627,63490,69469,65279,66113
19013,"Black Hawk, IA",24959,25563,26869,27488,29134,29867,31438,33023,34597,34398,34930,37115,38601,38319,39606,40291,40504,41774,44558,45136,49242,52556,53193,55508,56987
19015,"Boone, IA",27920,28614,30125,31103,32940,32957,35629,37167,38443,39335,39256,42316,43111,44673,44814,44641,44377,44568,46373,47387,49732,53490,54937,57179,58564
19017,"Bremer, IA",26173,26924,27610,27403,30705,31563,32752,35010,37020,36678,38420,41585,43273,42953,43397,44478,45070,46714,48638,49880,52957,57723,59828,61605,62726
19019,"Buchanan, IA",23998,24977,25261,25556,27963,29180,30419,32930,34371,35624,37103,41804,41865,44042,43407,44471,44696,46280,48597,48990,51453,57644,61837,61877,62929
19021,"Buena Vista, IA",24765,25679,26053,25778,28723,28486,29467,32192,36441,34675,37140,41668,43130,43335,43190,43180,37921,40128,42980,41905,44670,49564,54742,54242,57087
19023,"Butler, IA",24076,25400,25904,25663,30270,30652,31555,34837,35586,36132,37912,43723,42408,42749,40475,40938,41441,42988,45491,46298,48111,57491,61479,61254,61312
19025,"Calhoun, IA",23427,24445,25409,26434,30818,31568,32521,37101,41674,38102,39104,45531,45237,48329,45211,43440,43347,43669,46801,47157,48674,59386,66030,62198,63019
19027,"Carroll, IA",26587,27931,28178,28470,32419,32220,34333,36125,39515,37946,40560,44970,45440,47456,47260,48304,47715,49108,52099,51238,54776,60642,67849,66687,69790
19029,"Cass, IA",25543,25276,26230,26193,29458,29508,30397,32205,35717,34514,35070,38644,39303,40680,41540,43300,42287,43633,45894,47364,49884,56977,60638,62322,65270
19031,"Cedar, IA",28505,29095,29563,29846,31628,31577,33723,36393,39061,38657,39375,44530,46611,48671,49018,50166,50137,50570,53185,53500,55641,63325,68023,66683,69212
19033,"Cerro Gordo, IA",26768,27638,28411,30521,33575,35209,35891,37859,39955,38051,38865,41268,44086,45247,49279,51249,49735,47945,49614,49345,52575,61544,75464,77416,80093
19035,"Cherokee, IA",25283,27351,28238,28968,32079,34437,45756,51590,48333,38637,38392,43829,47119,48216,52483,55288,53810,53095,57386,53571,54648,68499,94368,84736,86904
19037,"Chickasaw, IA",24676,23757,24287,24607,27613,28950,30305,33360,35864,35132,38655,43659,44746,47707,50748,53734,52367,52857,56399,54264,56813,73671,102316,95087,96643
19039,"Clarke, IA",21066,21252,21803,22772,24424,26053,27176,28884,31329,30365,31129,32428,33062,34494,35491,37659,36697,38065,39569,39048,43091,46068,49140,49436,53184
19041,"Clay, IA",27360,27496,27465,28781,31060,31310,32530,35554,39365,37221,39341,43936,45545,45785,45931,47558,44636,45478,48090,49052,53886,60462,62562,65137,69323
19043,"Clayton, IA",24009,24812,25224,25837,27967,28200,28979,31605,33960,32533,35338,40289,41949,42521,44066,45157,45167,47661,48766,50574,54470,61051,65960,64759,68155
19045,"Clinton, IA",24552,25636,26567,26721,28266,28799,30397,32318,33873,33981,35204,37690,38461,38795,38861,40690,41113,41733,43730,44915,47592,51724,52408,53543,55587
19047,"Crawford, IA",23047,23567,24003,24470,28038,29182,30908,33650,38768,33806,34875,39254,40548,40710,38831,38873,37564,39262,41408,42210,44531,53745,56912,56134,56214
19049,"Dallas, IA",30295,30880,30938,31452,35054,36764,39339,43854,46229,47270,49170,51263,53306,55042,57402,60327,60470,62492,65276,67300,70079,77851,79169,82661,85124
19051,"Davis, IA",19757,18764,19278,19797,22410,23128,24311,25528,27359,27733,29551,31207,33534,34906,33964,33213,32404,35046,37901,38986,40683,46430,56036,55124,57202
19053,"Decatur, IA",18312,17986,18845,19040,21449,21900,22421,23267,25815,25412,25518,28124,28241,28667,29195,30306,30466,33110,35457,36044,38639,43521,44688,44042,46134
19055,"Delaware, IA",23754,24496,24390,24594,25912,26740,27919,30119,31850,31474,34125,39843,39866,43803,43728,44290,44728,47529,48968,47864,52287,57807,62738,61096,62983
19057,"Des Moines, IA",26569,27677,28131,27688,28796,29460,32819,35294,36988,35839,35454,38362,39721,41539,44953,46913,48664,47394,48256,50148,53805,58664,57372,61828,64329
19059,"Dickinson, IA",30847,32058,33344,34833,36300,36499,39066,41806,42465,41636,43900,47078,48801,50368,52013,55589,53970,55254,57855,59507,62680,71908,76570,79865,84249
19061,"Dubuque, IA",26297,26929,27558,28137,28980,29910,32443,35013,36497,35586,36917,39080,40726,40823,42243,43735,44553,45667,48436,49522,52978,58097,60852,63620,66392
19063,"Emmet, IA",24840,24846,26172,26823,28672,27978,28893,32060,34398,32898,35409,38882,40106,41675,40856,41555,38326,39699,43304,43655,44741,51469,54756,52286,56492
19065,"Fayette, IA",21644,22320,22499,22389,25110,25832,26251,29204,31013,30119,32644,37215,38264,39188,39249,39554,39373,40917,43001,43525,46164,50873,53643,54184,57293
19067,"Floyd, IA",22966,24127,24857,25057,28009,28798,29227,31539,34369,33458,34726,37845,38152,41558,40893,42930,42491,43922,45606,46553,48869,56211,61556,61973,64852
19069,"Franklin, IA",26480,26773,26078,25950,30747,30516,31442,35281,36310,35536,37626,46719,47868,49900,48589,46713,43722,44767,46599,46840,49232,61893,67751,64782,65571
19071,"Fremont, IA",27377,27717,27240,28786,33597,32364,32971,34877,38142,40712,37621,39318,43967,44306,42286,43399,43421,44230,44611,49560,51737,61452,60652,60980,62457
19073,"Greene, IA",23874,24796,26191,27059,31106,30894,31461,35512,39272,39256,38773,46010,46447,48411,46243,45455,44034,44680,46623,47388,51228,60280,62195,60688,61396
19075,"Grundy, IA",26754,28238,28592,29051,33223,33572,34670,37957,42509,41586,42092,46596,49334,49215,47435,48109,47291,48430,50155,51271,54482,62583,65882,65135,64774
19077,"Guthrie, IA",24768,26062,26895,27674,33204,34182,37538,39084,43659,38854,38832,44369,43544,48220,47035,49318,48805,49098,51983,51908,56964,66236,69253,69032,72853
19079,"Hamilton, IA",26638,27386,26988,27673,31559,32347,38848,41834,42612,37277,39062,45488,44050,49947,52522,50324,47166,49045,52795,48949,49692,58940,66952,62512,65171
19081,"Hancock, IA",26997,26923,28171,28427,32662,32071,33005,36445,39173,36500,38546,44301,46989,49790,49485,48561,46042,49165,51122,49770,51166,61689,68906,64513,68162
19083,"Hardin, IA",25305,27411,26811,26430,31594,32448,34038,39591,40908,37538,39422,46052,48034,48675,47902,46866,44350,45643,47428,46878,48994,62664,76866,65798,67117
19085,"Harrison, IA",26162,26380,27629,28180,30549,30174,31115,33806,37724,37070,35733,39190,40213,40380,38510,41378,41349,41183,43289,45934,47929,55865,60000,60740,61419
19087,"Henry, IA",24214,24882,25572,25557,27918,28153,29581,31407,33134,31649,31911,33757,37053,37071,37272,38146,38685,39568,41180,41998,45176,49662,50984,52400,53599
19089,"Howard, IA",24685,23978,25687,25646,28582,30035,29974,33414,34706,32936,36988,41959,43903,47866,44592,44987,42795,43742,47154,46335,49542,60382,65758,65023,66810
19091,"Humboldt, IA",26667,26508,27524,27601,30965,30926,30926,33677,36711,36069,35801,43529,43858,46324,45174,46324,46195,45703,47769,49234,50244,57293,60809,59515,60188
19093,"Ida, IA",25651,27518,27715,29040,33737,33853,35144,39917,44286,39205,40367,44742,45462,43391,42820,44763,45593,46400,49279,51246,54674,69536,74444,69411,69265
19095,"Iowa, IA",30068,30395,31783,32037,34114,33446,35117,37018,40562,39021,39299,43123,46722,47787,47775,47656,47997,49811,51671,52392,55000,60401,61564,61829,63456
19097,"Jackson, IA",22702,23372,24117,24477,26843,27250,28697,30733,32810,32296,34138,37283,37967,37498,38568,40828,41286,42826,43737,44779,48808,54018,56123,57202,59805
19099,"Jasper, IA",26560,28347,29025,28783,29899,29651,31057,33160,34624,33726,33596,36758,37544,38344,38379,38155,39634,40353,41222,42776,45933,50289,51251,52335,53859
19101,"Jefferson, IA",27664,26540,26402,26102,28261,29123,31453,32856,34351,31701,32386,34596,36761,36585,38538,39942,41210,42501,45185,46961,48627,53357,56929,57417,58917
19103,"Johnson, IA",30744,31428,32282,32895,34128,34639,36484,38484,40494,39997,40436,43119,44414,44839,46622,47619,48965,50640,53440,54043,56241,60982,60853,63713,66028
19105,"Jones, IA",22575,23533,23650,23859,25733,26270,28189,30622,33030,33167,34230,36479,37550,38377,38131,40680,41462,41944,43078,44413,47323,52249,54724,55611,56539
19107,"Keokuk, IA",23770,23980,24779,25333,28457,27642,28728,30936,34196,34015,33845,38812,40947,42660,41738,40406,39984,42230,43583,44760,48189,54573,57346,56611,58399
19109,"Kossuth, IA",25997,25064,26182,26911,30825,31946,33062,36809,40504,38979,41007,47635,49370,52245,49618,49761,47556,48573,50511,49624,51283,63650,69505,66601,68674
19111,"Lee, IA",23970,24632,25409,25845,27047,27136,28203,30063,32419,31411,31450,33260,34583,34905,36782,38835,39235,39188,40927,41898,46383,49449,50596,52188,55286
19113,"Linn, IA",31745,32082,32421,32992,34238,35285,36925,39044,41115,40513,41819,43341,45335,44986,46885,48329,49162,49977,51767,52628,55615,59784,60886,63901,66525
19115,"Louisa, IA",23961,24979,25508,25371,27013,27440,27824,29024,30893,30284,31357,34204,37014,37267,37239,37648,38345,40095,42122,43130,45928,51878,54679,53836,55311
19117,"Lucas, IA",21977,22478,22699,23661,25408,25921,27251,28491,31072,31823,32101,33666,34716,35487,36651,36597,37765,38893,40812,41439,44252,48664,49026,49400,53668
19119,"Lyon, IA",24286,25492,24144,25509,29636,30560,31840,33711,38232,34551,39484,47861,51205,54755,56096,56491,51275,55646,56065,54064,57598,65915,74572,69418,75203
19121,"Madison, IA",25434,26753,27650,28165,30632,32113,33630,35539,37991,37869,37529,39694,40459,41672,42433,43343,45140,46929,48674,50055,52869,57517,59639,61507,64051
19123,"Mahaska, IA",25238,24950,24852,25843,28305,28426,29990,32074,34386,32989,32259,35464,36646,37435,37386,37788,38185,39440,43002,42501,45035,50387,53422,55320,57491
19125,"Marion, IA",26833,26221,26456,26819,28876,30370,31398,33710,35519,34202,34944,37731,39552,39430,40378,41679,43168,45542,47769,49943,53067,58077,60504,64526,66929
19127,"Marshall, IA",26041,27276,27918,28126,29061,29561,30899,32199,33449,33239,33753,35816,36948,37376,38112,39928,41018,39758,41388,42788,45661,50037,49056,49362,51945
19129,"Mills, IA",30816,32197,34395,34185,37237,37662,38906,40362,44052,45126,43150,46531,50052,50597,49228,50904,50744,51154,55091,58967,60207,67215,67777,67202,68784
19131,"Mitchell, IA",24634,25527,25686,24987,28005,28654,30134,32767,37593,35476,38428,44466,47705,53228,56686,59525,56485,55540,62006,62264,57729,76282,103776,100315,98211
19133,"Monona, IA",24785,25621,25940,26508,28982,27910,27068,31091,36154,37746,36539,39982,39278,40265,38878,43788,42702,41369,43633,45489,47753,57712,61040,60967,60306
19135,"Monroe, IA",24740,24224,24808,25440,27362,27408,28152,29815,31771,32635,32579,34677,34756,36098,37021,37700,39509,41016,43932,45759,49576,54510,55552,58789,60691
19137,"Montgomery, IA",26496,26814,27048,26648,29895,29356,30631,32421,34868,33968,33879,35746,37292,37541,36336,38315,37199,37382,39882,41118,43771,49227,50952,51718,54103
19139,"Muscatine, IA",26683,27881,28941,29428,32142,32493,34694,36594,37478,35364,36016,38280,39932,39950,41974,42972,43439,44400,45643,47358,50717,53586,55357,57515,60332
19141,"O'Brien, IA",26032,26580,26433,27903,31413,32427,33182,35317,39944,37148,40335,46679,48837,49466,49863,51188,49614,50028,52285,51405,54109,61208,66452,64184,67449
19143,"Osceola, IA",25434,25669,24676,25952,31622,32694,45119,49291,47931,35239,37566,47383,50705,55818,55007,55314,46926,48496,49564,45790,48129,57266,65776,61730,67433
19145,"Page, IA",24277,23505,23632,24814,28190,28477,29288,30634,32473,33366,32823,34195,36820,37782,37720,38214,38972,38937,40520,42536,46227,52325,53759,54699,55807
19147,"Palo Alto, IA",24942,24894,24287,26034,29993,31230,40381,44421,43529,35517,36780,45923,49763,56610,55447,55605,49020,49141,53405,48895,47711,57833,67946,61313,65535
19149,"Plymouth, IA",27256,28016,28255,28549,32863,33672,34418,36919,40629,38852,41695,44920,46530,46732,47507,49768,50962,51346,53913,53344,56516,62988,69463,67875,69887
19151,"Pocahontas, IA",24955,24875,26021,26281,30840,30769,31604,34055,41977,39233,38085,47398,49896,53088,49963,47817,43014,44388,49970,49685,48147,60989,67301,60385,60976
19153,"Polk, IA",33417,34660,35346,36153,38254,39273,41215,42072,43090,41503,42560,43289,45781,44957,47386,49231,50228,51147,52401,53702,57449,61855,63676,67094,69800
19155,"Pottawattamie, IA",26665,27481,28284,28696,29670,30417,32022,32832,34714,34627,34040,35866,38384,38626,39213,41734,41580,42104,44268,44885,47687,51528,55698,58548,62836
19157,"Poweshiek, IA",27374,27993,28454,28460,30662,31135,32868,34363,37066,35405,35378,38912,40428,41937,41629,43155,41252,42090,44055,44724,47985,52985,56395,57135,60476
19159,"Ringgold, IA",21321,20491,20929,20931,25380,24922,25664,26212,29803,31761,32131,36563,37266,41830,41804,42007,41335,43591,46847,47723,49912,58855,59141,56138,61132
19161,"Sac, IA",24620,26558,26863,26266,31882,31310,30913,35197,39896,37835,41043,48393,48638,53954,49992,50120,44573,49755,52691,54329,54838,68732,81000,72466,75296
19163,"Scott, IA",29067,30316,31054,31674,34195,35877,38204,41632,44035,42481,44113,46639,47366,46798,47756,48646,49571,51789,53002,53633,56450,61618,63006,66543,70007
19165,"Shelby, IA",25457,26938,27843,26944,30011,30213,31043,33889,39667,38651,39638,46008,46249,48619,46909,47961,47355,47696,49934,50558,52824,64152,66172,66646,67220
19167,"Sioux, IA",24554,25870,26412,27848,29232,30657,31673,33048,35276,31552,34771,39958,43499,44669,46859,49913,46626,49908,51743,49308,55140,59512,69043,65739,72752
19169,"Story, IA",26487,27141,27529,28569,29833,30741,32398,33935,35248,33423,33418,35304,38735,36249,37463,38489,38768,39644,41865,43140,44996,48382,52645,54662,56392
19171,"Tama, IA",23265,23791,24692,24436,28772,28514,29909,32885,35846,35568,36521,40224,41488,41160,40392,41735,41691,41840,44193,44969,49380,56948,58064,56878,57444
19173,"Taylor, IA",21362,21168,21858,22342,26917,27497,27984,31677,34575,33081,33501,37646,37236,38699,37723,37781,38270,40741,42012,43240,46147,56473,58609,55442,57333
19175,"Union, IA",22581,23126,23569,23402,25876,26350,27793,28901,31690,31503,33248,35742,35403,36274,36609,36639,36403,38008,40359,41005,43683,49393,50639,49849,53805
19177,"Van Buren, IA",20666,20881,21819,23294,25132,24619,25462,26992,29079,29577,29874,31900,33873,35155,35321,35034,35712,37470,39561,40013,41152,47871,50557,48676,50427
19179,"Wapello, IA",22114,23255,24118,24536,26170,26597,28026,29861,31984,31186,30960,31946,32847,33074,33625,34839,35595,37425,38303,38850,42417,45330,46336,46934,48623
19181,"Warren, IA",26266,27588,28418,28764,31491,32435,34204,35763,38267,37689,38070,40015,41565,42006,43383,44804,47251,48826,49686,51616,54126,59507,61761,64229,66638
19183,"Washington, IA",28204,28600,28965,29380,31585,31880,33933,35262,38230,36919,39170,43668,45472,49417,51841,49959,48962,52911,55935,58798,58567,71794,82109,80447,84539
19185,"Wayne, IA",21419,21235,22638,22546,25278,25079,24878,27100,30204,31122,31052,36054,35010,36524,34574,36077,35455,38517,41794,41970,44591,52918,55698,54360,55173
19187,"Webster, IA",24925,25880,27221,27303,28626,29095,31707,33959,36291,34058,34384,37845,38898,40482,41396,41753,42742,41795,43470,45052,46881,51446,53540,54064,55465
19189,"Winnebago, IA",22637,22939,23818,24091,27046,26680,28486,32272,34090,32313,35358,38367,40901,41874,40029,40691,37807,38759,40984,40933,44321,52031,56061,53790,58376
19191,"Winneshiek, IA",24868,25582,26312,27322,30257,30260,31727,33282,35699,33411,35867,39165,40466,41591,41868,42914,43464,45493,48038,49175,54395,59212,61774,63368,66544
19193,"Woodbury, IA",26091,27061,27708,28261,30910,33532,34798,38131,41515,37325,36294,36326,36698,36705,37998,39717,40538,40099,41756,43562,46497,50000,51792,53271,55344
19195,"Worth, IA",22962,22619,23121,23449,27723,27881,41173,44228,41471,34071,35753,40146,41430,47252,43532,45498,41751,39168,39576,41322,44416,54434,57188,57362,58108
19197,"Wright, IA",28831,30346,30650,31785,35469,34749,34853,39178,41168,37534,38063,46508,47543,48658,50719,49986,43499,44939,49990,46405,47424,58184,72689,66865,76026
20001,"Allen, KS",21015,24601,24312,26217,26853,26306,27163,29485,33049,33422,33382,34231,34305,35151,35185,36136,36003,36739,38929,41971,44903,50038,47258,49994,51828
20003,"Anderson, KS",21258,22885,22696,23222,24069,24951,27128,30097,32719,32026,30719,34532,36770,36815,34996,36720,36925,37330,38329,40469,45217,54575,50554,56226,56187
20005,"Atchison, KS",20986,22119,22377,22922,24184,25364,26953,28383,30451,29650,30038,32392,31019,31724,32216,33411,34416,35978,37110,38336,42437,44745,43390,45864,47444
20007,"Barber, KS",21466,24223,24835,29931,28215,30273,32774,32745,39817,34658,39001,44009,47981,49402,49635,40402,38799,39492,43710,44037,50132,54667,54276,60048,57704
20009,"Barton, KS",23919,25310,25971,27122,28016,29993,33490,35406,43661,37983,39637,44369,47160,46984,50115,45647,44015,43943,44466,48606,51410,53255,55824,58743,61145
20011,"Bourbon, KS",20486,24607,26086,26948,29537,30190,32596,31537,32780,32740,32732,33781,35940,36475,37180,38701,39399,40251,44198,41476,44919,48398,46550,48596,49629
20013,"Brown, KS",23744,25979,24465,26926,28689,29900,29907,33837,35399,37310,35337,41225,39635,41424,39802,40012,41367,41740,44724,44367,48240,53520,51445,54320,57431
20015,"Butler, KS",27090,28172,28378,29069,29754,31143,33744,35285,38229,36211,37110,39073,40298,41524,41747,42391,42391,43551,45492,47249,49722,52654,53996,57754,59909
20017,"Chase, KS",27190,25752,23107,25649,30933,35278,36984,35001,31975,33362,31830,41158,49492,52549,42711,42361,43955,44696,50051,52540,60100,63478,59065,67903,66680
20019,"Chautauqua, KS",20514,22658,24616,25530,26117,27462,30662,31029,36512,35342,35734,37604,37855,39269,40173,37175,35980,36500,38686,39223,41457,44403,43180,48241,48845
20021,"Cherokee, KS",20094,20775,20884,22323,22421,23315,24433,26582,29296,28145,30159,31818,33343,33474,32995,34327,35214,37672,40962,42817,47360,52349,54837,53872,55679
20023,"Cheyenne, KS",22659,24702,20828,24440,17278,22957,22601,31262,35072,35113,39803,51641,46111,56465,47664,43939,42662,39150,44969,46669,57659,66026,62925,64131,61331
20025,"Clark, KS",23633,26180,25568,28291,25637,30014,30480,33458,38521,35661,41740,47398,47200,51534,52808,50248,51667,52206,51197,54687,62958,56546,53697,62491,64211
20027,"Clay, KS",24720,24832,24902,28300,29855,31001,33434,36858,41557,39476,40548,40149,38077,38286,37384,36613,37694,39201,41151,43246,47746,53803,49088,53486,54572
20029,"Cloud, KS",20871,23201,22400,24276,25178,25372,26213,28153,31698,30280,30013,33128,32656,33858,33367,33876,33574,34060,36793,39473,44561,48252,45943,53211,53830
20031,"Coffey, KS",25291,27377,27624,29140,29812,32143,33245,34600,41166,41141,42928,49383,50751,54818,54176,52263,49321,47360,51448,51645,57207,60148,56523,58014,58553
20033,"Comanche, KS",24584,25994,25250,33347,28623,31864,31742,34349,39616,34079,38105,38064,37394,41797,36715,35922,35597,37382,41742,41591,46828,50654,50107,61024,56354
20035,"Cowley, KS",22986,24756,24509,25048,25706,26363,28599,29603,31090,30078,31611,33873,34046,34629,35641,36779,35472,36073,37698,39222,41910,44587,44313,46818,48066
20037,"Crawford, KS",21560,23395,23858,24362,24548,25580,27193,28577,31178,30828,31138,32398,34013,35559,34547,34460,36211,40096,42296,41102,42976,45771,44885,47499,49762
20039,"Decatur, KS",24737,28592,24349,26415,22946,30157,28064,35581,39093,37540,40279,45909,42596,48811,47797,46459,48679,40872,42206,43842,57300,58438,69606,65786,66503
20041,"Dickinson, KS",23676,25939,26153,29371,29922,30978,33920,37654,40362,38296,38232,38233,36223,35191,35332,36570,37408,38889,40613,42186,46450,49774,48547,51345,51706
20043,"Doniphan, KS",19968,20847,19751,20869,23819,25734,26013,29865,32381,32928,30737,33749,34402,35969,33803,34864,36725,38452,39187,42225,46263,53252,49008,51435,53873
20045,"Douglas, KS",24863,26598,27017,27566,27822,28943,30595,31928,33819,34053,34241,35737,36445,36932,38169,39669,40426,42519,44506,46123,48920,52199,53318,56058,58698
20047,"Edwards, KS",25862,29427,27985,34933,32427,35811,32115,39400,45040,46037,46581,54788,52990,63862,51633,56434,58344,49821,51496,51177,62800,69773,64806,74353,73173
20049,"Elk, KS",20172,22192,21810,23940,25407,27338,28996,30939,32149,30129,34105,37558,38588,40065,39048,38211,35571,36186,38852,37665,41114,44585,41645,47657,47806
20051,"Ellis, KS",24405,26335,26460,27337,28280,29685,32075,34248,39290,36737,39309,43714,45423,44474,45989,42743,41373,42195,44466,46327,50968,54952,54691,57729,58325
20053,"Ellsworth, KS",21893,23600,23823,25810,26415,27001,27994,30291,33565,31834,32313,34745,37115,38293,39469,35130,35180,38519,41452,43329,45068,48938,46702,51293,50858
20055,"Finney, KS",20790,20904,20903,22631,23474,25077,26757,28974,33305,32404,34982,37021,37631,38638,38170,37965,38900,38974,40479,41211,45875,49370,50214,52290,54867
20057,"Ford, KS",21530,22892,23296,24071,24552,25680,26695,28522,30855,30094,31992,32752,34208,34556,32723,33492,35933,36175,37528,38661,44567,47398,47545,47529,48817
20059,"Franklin, KS",23311,25049,25145,25752,26568,27627,29380,30828,32509,32509,32328,33665,34856,36158,36553,38021,39080,39941,41809,43491,46445,49808,49127,51588,53518
20061,"Geary, KS",25430,26623,28329,30149,32279,33983,37921,42976,42694,43963,41886,44493,42218,41422,41851,41248,41049,43291,44262,45680,48123,51155,51802,54027,56303
20063,"Gove, KS",24896,36659,34366,32427,23478,33197,44076,51561,52476,48306,54601,73367,65530,60597,55288,63527,67741,53138,57098,58057,66583,82751,87163,102149,98901
20065,"Graham, KS",26957,28318,24342,28178,24197,30250,28274,37293,40738,39255,42376,52637,52065,55844,51197,45640,42124,42612,47185,50233,54965,61576,61072,75020,65483
20067,"Grant, KS",22657,24873,23045,25327,24632,30149,29200,31524,35280,35410,39741,42290,43567,52218,50784,44162,47909,41386,44543,41989,50279,46647,42460,56354,64528
20069,"Gray, KS",25785,28785,25495,26923,26713,32650,28974,33876,38418,41219,52998,61159,62244,77799,70408,65587,73781,65003,60933,60296,74379,67318,64598,76445,84604
20071,"Greeley, KS",30200,33829,22556,44723,27635,37485,26923,44546,47310,44424,57158,68183,64359,77249,53822,44686,60258,68355,70455,64721,103852,110087,113233,108230,134780
20073,"Greenwood, KS",20840,22447,22688,24672,25685,27235,30563,31459,35542,32478,34003,34055,36140,37619,39793,38006,38275,38626,40116,40842,46488,48287,46806,53950,54372
20075,"Hamilton, KS",24059,32634,23569,29563,27866,33845,25172,33815,37473,34172,50209,52913,51782,76379,73132,49841,49826,50039,56131,56460,83733,72694,93379,95220,101962
20077,"Harper, KS",23448,24240,25895,30865,29617,33609,37049,37388,42458,36013,37165,43225,48198,46812,46840,42540,42366,41441,45259,51365,56897,61449,59954,65055,62662
20079,"Harvey, KS",25151,26002,26341,26847,27585,28787,30885,32687,35873,34113,34514,36363,36790,37841,38101,38424,39182,39802,42209,44072,47220,50647,51000,54424,56321
20081,"Haskell, KS",29777,31572,29538,33183,32162,41688,33642,37033,41607,48674,58491,76734,63336,88349,74799,64404,68236,63921,61574,54200,76755,75190,68589,89058,89909
20083,"Hodgeman, KS",24718,24348,22852,24965,24109,29711,26624,31848,37846,37378,44466,46448,44866,54853,51715,50727,55596,51633,53562,56476,72132,68301,61027,75039,76736
20085,"Jackson, KS",24912,26386,26145,26902,28652,27728,28271,30561,32933,33098,32961,35463,35950,36592,36268,37556,38268,39773,41534,43284,47219,50529,49670,52885,54826
20087,"Jefferson, KS",23204,25516,25525,26115,26976,28159,28989,31324,33490,34076,34887,36770,37099,38550,38901,40176,41906,44083,45995,46499,50024,53838,54370,58147,60812
20089,"Jewell, KS",21196,25158,22898,29542,27741,27666,29250,32224,39832,37033,35644,51211,43360,51442,42971,43617,42823,41917,47556,48574,56750,62086,52427,68698,62948
20091,"Johnson, KS",43837,41698,42094,41921,41859,44459,51330,54996,59527,55853,54499,55332,58757,59939,62967,66393,68606,71238,74057,76968,78889,83981,96517,91595,95419
20093,"Kearny, KS",20003,23440,21419,27305,26444,30398,27713,32806,36493,38312,45762,49789,50012,59542,50312,46545,48844,46125,47282,48570,61118,63428,60412,69141,64338
20095,"Kingman, KS",22843,23886,24622,27503,27877,29695,33329,33172,37168,34103,34543,38180,40077,40897,40939,38446,38551,38189,40974,43030,48515,53135,53226,59443,58387
20097,"Kiowa, KS",24614,26278,25929,30774,30366,29820,30278,31747,34120,31118,32567,37646,37382,40468,34292,35238,37638,38855,41408,41458,51906,57600,48872,54211,50765
20099,"Labette, KS",21836,23497,24241,24747,26434,27572,29533,31395,33555,32582,33340,35538,35981,36795,37026,37439,38137,39086,40592,42200,45695,48373,49542,51503,53557
20101,"Lane, KS",24978,26753,25341,27703,25974,31223,31174,34647,44797,43880,58000,71344,76806,84026,71040,64360,70448,61251,66222,64320,79165,84057,82008,97288,88578
20103,"Leavenworth, KS",25248,25697,26753,28077,28919,30095,31724,33253,35871,34844,35296,36359,37062,37364,38239,39759,40173,41470,42548,44060,46542,49548,50694,52973,55369
20105,"Lincoln, KS",21256,22362,21339,24197,23358,24452,25587,30049,36091,32467,33333,36884,35520,36294,36236,34420,36033,37186,41988,45435,53358,52885,49173,57384,52199
20107,"Linn, KS",21061,22999,22698,23609,24612,24867,25388,27151,29463,29453,29932,31302,32289,33422,33574,34720,35873,37143,38859,41388,45333,47677,47908,50206,51148
20109,"Logan, KS",22391,26855,24534,29362,26755,32284,29942,37825,40577,39523,44176,51208,50704,56885,48685,43639,42556,41733,44889,48013,60110,66112,66645,69173,69501
20111,"Lyon, KS",21057,22537,22659,23447,24034,24478,25271,26908,28666,28821,30015,30761,30693,31076,33493,34618,35833,37096,38857,39690,44020,47008,47109,49533,50360
20113,"McPherson, KS",25762,27459,28317,29389,31159,32850,36323,36700,40821,37483,40285,43389,45222,44512,45033,46087,43610,44097,47855,52081,55067,57800,59219,63928,65632
20115,"Marion, KS",19851,21801,21891,24260,25957,27172,27278,29438,32212,30945,31516,32587,34417,35592,35381,37219,37107,38017,40704,41657,46569,49245,47139,52378,52566
20117,"Marshall, KS",24694,25795,23320,26970,32091,32651,33249,34675,38651,36514,35607,43324,39813,40589,38105,39113,37751,39318,41293,42709,47962,51038,46828,49713,51044
20119,"Meade, KS",24523,23386,22956,26568,26651,30817,27552,36804,36095,38066,43992,54176,53979,68775,56335,52613,55289,51875,55699,58717,69661,78122,66731,74745,77805
20121,"Miami, KS",26249,27491,27228,27400,30195,31155,32939,34807,37450,36738,36650,39274,39845,40141,41472,43270,44486,46132,48076,49635,53386,58691,60411,62897,65388
20123,"Mitchell, KS",24000,25822,24980,28509,27992,29916,31671,33496,39818,37271,41405,46721,47404,48138,47280,46400,46977,48729,56305,60403,69781,68838,65630,76415,73731
20125,"Montgomery, KS",21399,22406,22738,23573,24898,25946,28512,30478,31353,31076,31712,33251,34339,34130,34684,34451,33234,34805,36558,37113,40356,43623,43949,46366,48328
20127,"Morris, KS",21877,24478,24538,26327,26660,27280,29425,31501,32394,33509,34632,35812,35947,37083,38378,38283,40411,41428,44370,44163,50795,52330,50226,56721,56467
20129,"Morton, KS",25575,25279,21740,26080,29767,36318,31533,33873,38144,36897,39517,39487,40352,48080,41573,31761,34595,38103,41892,42099,52130,58274,51870,63302,66821
20131,"Nemaha, KS",24855,25041,23781,25233,29201,29349,28142,32698,36422,37039,38779,47016,46053,46355,45554,42830,44148,48889,50141,50958,60448,63446,65296,70790,74093
20133,"Neosho, KS",21269,22945,22953,24271,24789,25592,27517,28390,30011,29020,30814,32603,34677,35323,35569,34809,35193,36776,38619,40698,43751,47291,46763,50375,51317
20135,"Ness, KS",28481,28210,27341,33023,29835,32236,31857,38560,47321,41634,44402,46312,52458,54260,52057,46865,42320,44423,49669,53498,60932,68582,65381,77004,70371
20137,"Norton, KS",25108,24346,21870,24181,24054,26514,26031,29638,31323,30093,35202,39558,39158,45269,42855,37959,40403,39905,39657,41012,49946,53827,54975,60642,57539
20139,"Osage, KS",21962,24218,24173,25394,25686,26089,27302,29442,31347,32167,32719,33802,34879,35402,36141,36927,38109,39249,41823,42740,46882,50230,49860,53462,54945
20141,"Osborne, KS",22122,23944,22773,26735,25000,26441,27882,31862,38555,35940,37930,46226,42549,45510,42124,41138,38470,37789,46127,46549,51782,57287,53375,66194,57882
20143,"Ottawa, KS",22667,24480,24514,26866,26605,26848,29148,29914,33460,32660,34562,36609,35976,37308,35624,37540,37943,38821,40902,41662,46396,52217,50929,55234,54471
20145,"Pawnee, KS",23518,25054,23751,25139,25707,27366,27460,29174,33700,32538,34319,37315,39487,43194,40240,38703,41918,38110,39228,42057,47434,50385,45497,51087,52115
20147,"Phillips, KS",25115,27012,24522,28736,26531,29974,31400,34944,36246,35329,37973,48916,50331,54536,52464,54634,49798,47926,50892,53994,58659,67990,61890,72543,72919
20149,"Pottawatomie, KS",23988,25103,24965,26333,28148,29276,32613,36712,41496,42171,44340,47521,47963,47018,47603,49023,50866,50129,51646,52981,56925,61336,60683,63001,65498
20151,"Pratt, KS",25587,25544,25378,29101,29666,29933,32256,33658,38192,35081,37855,44913,45105,47198,45564,43221,44848,43232,46800,48067,53070,56914,55406,59248,59974
20153,"Rawlins, KS",24373,29559,24729,28318,21402,27676,23977,32899,41694,36486,47083,56675,50016,63865,48434,48541,46777,43924,48056,55301,66974,80695,86475,70622,75228
20155,"Reno, KS",24036,24769,25250,26239,26862,27841,29658,30932,33527,32658,33807,34558,35052,35328,35630,36404,36239,38515,39267,41037,45653,47834,47507,50852,53245
20157,"Republic, KS",20975,24747,24651,25714,24092,24908,26055,29196,34501,34663,36401,45129,42165,47158,41962,43064,44047,40930,41353,43201,49766,52989,47913,55739,57540
20159,"Rice, KS",21987,21264,20460,21955,22897,24170,25693,27002,30990,29606,31889,37954,40714,43285,41969,42434,40284,40668,41564,44352,49039,49762,49055,57164,59723
20161,"Riley, KS",23050,24476,25328,26834,27363,27905,30061,32649,35254,35468,38228,39288,37966,37057,38450,39083,39942,41294,41501,42953,45439,49227,50813,53488,55837
20163,"Rooks, KS",22095,24442,22911,25424,24082,26325,28238,31859,38608,33824,34952,41641,38693,42886,40228,37907,34847,34603,38732,39037,46297,49888,45958,54747,50725
20165,"Rush, KS",24859,26598,26237,29142,26849,30057,31214,35637,39047,36938,38161,41842,45124,47774,44958,45021,40774,40214,45398,50081,57963,63461,55528,70418,71514
20167,"Russell, KS",22726,23641,23598,25780,26517,29844,33668,35183,45060,38866,42776,51635,52092,53794,53623,46218,41561,41833,43919,45962,50308,54794,53761,61038,60243
20169,"Saline, KS",27694,27796,28285,29177,30550,31895,34891,35994,38347,36724,37423,39360,40500,40792,41728,43186,44544,46670,48218,50574,51296,55600,56745,59729,62527
20171,"Scott, KS",30951,31944,27115,30493,28151,33870,30669,31685,36713,40880,51574,60535,54917,67191,60100,59899,63949,56439,51314,52592,67353,64480,60040,67265,73097
20173,"Sedgwick, KS",29625,31600,31368,31231,32582,33670,37796,39524,43592,40685,39772,44995,47172,47482,49799,47845,46729,49045,50575,52315,53210,58122,57757,60936,63303
20175,"Seward, KS",22091,21888,21810,22416,23380,24996,26072,27051,28662,27647,29937,33141,32079,36266,36812,35553,34831,34993,35796,36944,42977,46283,46604,47638,48578
20177,"Shawnee, KS",28437,29807,30541,30791,31449,32191,33734,35799,37582,37448,37423,39147,39539,39291,40923,41500,42611,43454,45697,46971,50501,54236,54755,58837,61542
20179,"Sheridan, KS",24062,28318,25521,28994,26915,34558,27942,39553,42922,45071,47416,60087,59571,72891,54261,51801,58108,46977,45895,47238,61771,58783,56753,63951,66737
20181,"Sherman, KS",25495,24486,22669,24892,22801,27302,27287,33939,33995,35361,38755,44728,43000,50783,39451,39810,39169,39828,42058,41544,50129,55529,54800,58415,56980
20183,"Smith, KS",22458,26293,23641,27148,25227,28085,30178,32010,36051,34995,36615,46419,41238,46152,38831,40360,38687,38879,42955,47033,57176,64027,57905,67681,62319
20185,"Stafford, KS",23420,24117,24729,28124,29496,33512,37135,37178,49528,43486,46940,58212,54174,59762,56366,44740,43544,41906,43438,45455,52769,51936,51196,60145,64215
20187,"Stanton, KS",25773,26564,24260,28229,28110,36710,31337,43668,47454,48499,55585,70016,60563,81341,60389,58334,55163,55861,57225,67600,86679,92185,85393,85176,76141
20189,"Stevens, KS",28033,25167,23458,26667,28420,31514,28752,36995,36548,34834,39603,43261,40762,53100,45391,40474,40313,40917,40717,43237,53208,55848,51328,58375,62214
20191,"Sumner, KS",23956,24243,24302,25566,27786,28837,32058,32611,35465,33083,34199,35064,36435,36212,35574,35484,36265,36440,38735,41310,44563,48070,47914,50646,51402
20193,"Thomas, KS",23988,26171,23906,26540,23971,28873,27103,33225,36978,35477,42795,46851,45341,49753,40414,39234,41542,41640,45141,46284,51049,54984,56286,61059,63921
20195,"Trego, KS",21222,22785,23041,24545,22471,25500,26083,32667,38852,36610,40741,41013,43969,47565,44743,42521,41339,42118,47063,48659,56488,60662,60695,69359,59565
20197,"Wabaunsee, KS",27037,30977,30239,31166,32535,33270,34896,36767,38867,38638,39148,41196,43612,44779,45804,46122,46969,48553,50367,50927,54245,57391,56109,60244,62250
20199,"Wallace, KS",24369,25922,20636,30649,24287,29468,25012,38311,44360,35982,47475,55466,57318,67581,50117,40572,42987,41521,49452,51501,62729,64824,63506,61979,69247
20201,"Washington, KS",21968,22887,21606,23267,26274,27019,25646,29746,33986,34564,37553,43723,41445,45221,41870,40074,39900,40119,43204,45029,54292,56208,50230,55524,57933
20203,"Wichita, KS",27171,31344,28471,29943,25810,38082,33516,36984,47438,46403,57921,70240,65803,90315,74767,65874,80706,63191,57333,60108,71380,58891,54011,71212,75354
20205,"Wilson, KS",21072,21811,22315,23612,25954,27142,28724,30744,32503,31193,32094,35173,39407,38823,39783,40752,39836,39926,40040,41136,45036,49734,48132,51985,52577
20207,"Woodson, KS",18250,20204,19764,21497,22692,23640,24323,27125,29573,29261,31782,33217,36299,37521,36566,34158,31722,33233,36187,37912,41876,45707,44198,49730,49140
20209,"Wyandotte, KS",20225,20773,21255,21737,22497,23735,25392,26436,27524,27228,29196,37895,51098,47074,40706,38797,30202,31256,32195,33558,36492,38668,39729,41371,42878
21001,"Adair, KY",17826,18093,17928,17920,19005,19859,20550,21565,22755,23306,24734,25725,26579,26971,28320,29565,29114,30677,32056,33136,37491,41322,41523,43883,46912
21003,"Allen, KY",20647,20494,19954,19937,21345,22214,23135,23746,24717,24393,24790,25856,27388,27501,29379,30824,31303,32757,33026,34485,36843,41696,40949,41037,42837
21005,"Anderson, KY",24623,25477,26112,26422,27576,28954,29768,30949,32072,31322,32377,33234,33962,34525,35212,36017,36599,36905,37756,39304,42083,45586,46038,48735,50855
21007,"Ballard, KY",25223,25407,24319,25069,26445,27870,27546,29126,30605,31636,30975,33913,33150,35928,35239,35487,35687,37031,36867,40095,44099,50600,51890,55205,56514
21009,"Barren, KY",22137,23514,24135,23990,25634,25770,26248,27101,28519,27186,28644,30039,31504,31380,33216,34457,33765,34927,35744,37064,40256,43643,43062,44646,46597
21011,"Bath, KY",19635,19573,20329,20606,21657,22010,22713,23690,24310,24657,25051,26039,27496,27427,28028,28870,28969,29329,29835,31212,34351,38169,38616,40025,42291
21013,"Bell, KY",17116,18358,18490,19101,19962,20607,21680,22780,24396,24848,25535,25780,25871,25442,27208,27841,27899,29394,30616,32088,36985,40728,39908,42847,45728
21015,"Boone, KY",30355,31697,32314,33401,33740,34758,35266,37157,38444,36857,37471,39388,40579,40169,41819,43282,44431,45724,47758,49790,53641,57519,58805,61662,64196
21017,"Bourbon, KY",29874,27895,27918,27567,30592,31096,32062,32404,31951,31373,31498,33347,34359,39120,40844,44193,43858,45866,46167,49104,50179,56366,59068,61745,64704
21019,"Boyd, KY",24502,25697,26838,27443,26658,27001,28822,30023,31584,31798,32949,33477,33329,33376,34358,35372,34989,36032,37766,38935,42343,46244,45845,49188,52228
21021,"Boyle, KY",24355,25342,25880,25917,27144,27437,28348,29234,30096,30166,30824,31549,32448,32363,33480,35061,35395,36158,37073,39262,42440,45499,46951,49244,51266
21023,"Bracken, KY",22163,22710,22708,23828,24929,26080,27736,28733,28684,29976,29145,30154,30239,30694,31644,32701,33452,34882,36388,37918,41582,45651,44665,46012,49234
21025,"Breathitt, KY",16565,18112,18943,19210,19792,20605,21987,23151,24669,25815,26890,27591,27916,27737,30076,29997,29664,30770,31261,31366,34926,39027,39295,42124,45633
21027,"Breckinridge, KY",19834,20629,20828,21029,21894,22532,23094,23981,25227,25724,26707,28140,30590,30377,31450,32026,32052,33245,33442,35269,38178,43252,41387,42527,44420
21029,"Bullitt, KY",24070,24590,24850,25669,26895,28089,29363,30702,31536,31089,32145,33362,34585,34316,35218,37405,38944,39925,41449,43234,46795,50684,51482,54139,56382
21031,"Butler, KY",18944,19434,19398,19541,20886,22866,22944,25093,25577,26280,27274,28905,29679,31417,31661,32206,32850,33850,34723,35599,38475,44256,43321,45340,46975
21033,"Caldwell, KY",21750,22004,22233,22857,24577,26305,26937,27557,28740,27862,28014,29319,29384,30668,30330,31636,31789,32531,33450,35432,40329,45271,44203,46255,47832
21035,"Calloway, KY",24077,23851,23412,24095,25223,26357,27079,27998,29654,29992,30827,31723,31875,32424,33064,34127,34194,35436,36517,38273,41578,44398,43739,45873,47693
21037,"Campbell, KY",26894,27636,28412,29284,30724,31887,33607,34929,36893,35343,36228,37918,39808,39641,41892,43578,44750,46489,48320,50967,54337,60053,63089,66362,69948
21039,"Carlisle, KY",22776,23209,21921,23784,26024,27877,26950,28627,31470,33949,35739,39762,38144,43097,39432,39146,39856,39571,38442,44015,46013,54619,55713,62351,63307
21041,"Carroll, KY",21751,28187,29819,31720,57737,58520,66369,54339,54949,39083,33016,31281,30766,32698,36750,38893,38003,33969,35979,38079,41131,45691,47042,48531,50303
21043,"Carter, KY",17170,18027,18770,19435,19922,20902,21815,23146,25073,25321,25928,26638,26629,26409,27772,29246,28779,29952,30493,31640,35724,39324,38955,41063,43472
21045,"Casey, KY",17957,18087,18290,18420,19411,20282,20309,20976,21774,22861,23866,24830,25764,26838,28054,29568,29107,29854,30624,31893,36504,40635,40231,42608,44575
21047,"Christian, KY",22290,22451,24496,26812,27832,30004,32758,32012,33262,32904,32930,35877,35507,35055,35280,35874,35929,36699,37074,37737,41627,45082,45420,48211,49795
21049,"Clark, KY",26431,26975,27538,28040,28787,29283,30624,31973,33410,31761,32300,34214,34240,34868,35789,36969,37067,38119,38463,40457,43929,48167,48818,51276,53557
21051,"Clay, KY",14530,14994,15376,15897,17000,17570,18412,19540,20569,22379,23996,24783,25037,25410,26923,28064,27935,29006,29295,29877,34720,39025,38244,40683,43063
21053,"Clinton, KY",17087,18788,18807,18944,19881,20008,19962,20835,21980,23523,25008,26657,27674,29052,30745,31964,30579,31962,33614,34553,39937,44065,44407,45161,49059
21055,"Crittenden, KY",19441,20323,20284,20649,21882,24757,25284,25778,27158,28186,28476,30161,30346,31723,31842,32208,31212,32587,34011,35653,38484,42731,42312,44848,46735
21057,"Cumberland, KY",17193,17960,17180,17302,17930,19219,19980,21080,22531,23701,25408,26423,27057,28738,31307,33299,33422,34979,36823,39564,46977,50632,51109,55117,58561
21059,"Daviess, KY",24902,25443,26217,26867,28059,29352,30906,32043,34205,33698,34570,36255,36780,36965,38456,39608,39045,39970,40537,42265,46318,49804,49997,52663,54758
21061,"Edmonson, KY",15996,16662,17177,17647,19116,21221,23417,23636,24683,24573,25221,26159,27654,27628,28798,30446,30949,32217,32977,34459,36990,40545,40330,41505,42848
21063,"Elliott, KY",14154,14392,15141,15370,16082,16454,16491,17335,17914,18099,19165,19390,19561,19991,20606,21689,21232,22079,22560,23190,26816,28765,27551,29749,31817
21065,"Estill, KY",17120,18123,18827,19759,20007,21176,22162,22975,24491,24918,25793,26787,27309,27363,28906,29889,29834,30653,31725,33130,36736,40257,40379,42524,44838
21067,"Fayette, KY",31727,31794,32252,32972,34467,35652,37689,39150,40321,38538,39439,40902,42140,42509,44316,46066,46170,47495,49492,52005,55725,60717,61957,66345,69065
21069,"Fleming, KY",19516,19709,19907,19905,21282,22225,22838,23497,24543,24941,25988,26892,28490,29500,30486,31336,30729,31916,32763,33964,38581,41528,41449,41704,43335
21071,"Floyd, KY",17980,20928,21812,21916,21300,22806,24564,25445,28659,28645,30043,31245,31163,30822,32505,32744,32686,34813,35376,36425,39174,43423,42226,44811,47956
21073,"Franklin, KY",28759,29410,30233,30989,31244,31842,32569,34036,34265,33974,34666,35882,36678,37004,38466,39912,40722,40142,41312,43016,46389,49606,49883,53238,55891
21075,"Fulton, KY",20832,21065,21507,23291,24125,25785,25634,25686,26644,28174,27036,30145,28483,31161,30017,30006,29022,30121,29658,32599,36053,42173,42023,44039,45299
21077,"Gallatin, KY",20817,21549,22236,22056,23379,22520,21793,20966,23474,24347,23148,26053,26569,27212,28986,30162,30226,31986,33355,34913,39102,44295,43927,45687,47218
21079,"Garrard, KY",20839,20946,20917,21122,22120,22608,23417,24181,24804,25215,26460,28140,29397,31144,31957,33142,33499,34815,35649,37109,40368,44290,44136,46154,48533
21081,"Grant, KY",21596,22103,22616,22843,24040,24999,25995,27085,27419,27598,28900,29905,30198,30561,31287,32808,33758,35157,36172,38343,42118,46184,45643,47474,49999
21083,"Graves, KY",21812,22776,22233,22760,24335,25387,25609,26799,28576,29953,30236,31843,31826,34051,34248,35427,35194,36634,37367,39077,42497,48476,50339,51240,53707
21085,"Grayson, KY",18551,19101,19781,20079,21505,22177,22721,23587,24802,25585,26310,27547,28533,28845,30502,31255,31860,32330,33165,35080,39027,42178,41995,44041,46616
21087,"Green, KY",17384,18622,19440,19612,20210,21825,23438,24487,25494,26024,27432,28315,28259,29089,30620,31932,31744,33293,33507,35297,39984,43023,42092,44108,46405
21089,"Greenup, KY",21550,22558,23204,23842,25332,26349,27532,29470,31787,31807,32915,33877,34502,34338,35762,36857,36179,37669,39986,40473,43976,47565,47811,51178,54155
21091,"Hancock, KY",20249,21070,21749,22831,25227,24846,30077,39927,60575,40103,39506,33279,33037,34501,34237,34845,33752,34171,35565,38809,41792,50446,60050,59764,60598
21093,"Hardin, KY",25672,26713,27760,29320,30487,30759,31925,32728,34132,35108,35287,37054,37525,36810,38226,39895,41194,42046,42548,44449,47886,52487,53498,56007,58679
21095,"Harlan, KY",16739,17592,17799,18386,19865,20692,21725,22658,25161,26400,27889,28093,27646,26104,27062,27518,27491,28432,29208,30360,34111,38278,37887,40385,43594
21097,"Harrison, KY",22434,22683,23228,23513,24756,25620,26288,27352,27648,27787,28283,29420,30377,30180,30986,32422,33236,34175,35257,37554,41605,44288,43708,45528,48659
21099,"Hart, KY",17105,18040,18306,18682,20437,20847,21884,23190,24544,24421,25770,26453,26945,26772,28274,29950,29796,30599,32279,34061,37050,41333,42076,44956,46784
21101,"Henderson, KY",24263,25664,26181,27046,28107,29256,30169,30464,32592,31329,31730,33924,34370,35139,35777,36602,36895,38137,39057,40881,45020,50039,53192,56656,58936
21103,"Henry, KY",23674,24220,24460,25304,26580,27022,27743,28830,30148,29857,30957,32568,33732,33730,34405,36236,36322,37689,38755,40871,44344,49732,50237,52875,56028
21105,"Hickman, KY",22590,21856,19269,20678,25791,29422,26042,27352,29026,31999,30883,34723,33374,43347,39844,38298,35139,40368,40768,42107,42016,54178,58749,56543,59100
21107,"Hopkins, KY",22123,22645,22635,23100,24492,26178,27251,28759,30064,30161,31554,33020,34129,34757,36364,37035,36698,38026,38205,39891,42245,46313,47391,49912,52111
21109,"Jackson, KY",15163,15596,16471,17077,18332,18462,18686,18679,20216,20841,22667,23674,24785,25255,26628,27833,27950,28380,29060,30873,35350,38368,37525,39052,41040
21111,"Jefferson, KY",31858,32687,33193,33642,35008,35845,37752,38637,39137,37709,39108,40583,43018,42034,43928,46223,46991,48619,50784,52672,56497,62921,63969,67876,70646
21113,"Jessamine, KY",26238,27126,26799,27131,28133,29240,30538,32054,32470,31560,32682,34824,36165,37147,38714,40893,44482,44058,45118,47856,50865,57209,58726,61821,64325
21115,"Johnson, KY",18847,20335,21268,21589,22941,24214,25297,26747,29525,30124,29848,30314,30108,28935,30206,31017,30578,31268,32195,33595,36250,39670,39129,41752,44314
21117,"Kenton, KY",30887,32372,33409,34136,36209,38326,40864,41143,42231,38808,40821,42802,43280,44404,47717,49937,52942,53701,54880,57656,61254,69155,69447,75111,78130
21119,"Knott, KY",16613,18709,19266,20039,21050,22083,23003,23977,26316,26728,27395,28357,27984,26619,28413,29069,28906,29515,30973,32188,36379,41249,41855,44154,46865
21121,"Knox, KY",16738,16934,17509,17873,18972,19785,20896,21863,22750,23457,24426,25335,25886,25853,27809,28611,28661,28945,29344,30549,35010,38773,37278,39282,41424
21123,"Larue, KY",23557,23106,22818,23567,24667,25894,26515,26989,27011,27419,28106,29105,30354,31888,31644,33023,33897,34551,35653,37401,40967,44538,42311,44044,46184
21125,"Laurel, KY",20367,21033,20966,21374,22349,23655,24500,25871,27762,27720,28510,28987,28943,28297,29509,30747,31306,32273,32768,33398,37373,41380,40424,42201,44825
21127,"Lawrence, KY",15597,17221,17672,18216,19184,20051,21131,22152,24420,25892,27135,28381,28065,28305,29108,29851,28656,29161,30130,31490,34512,38234,38572,41500,44526
21129,"Lee, KY",16287,16856,17149,17436,18428,19088,18812,19358,20851,21576,22797,24057,24665,26329,27991,28980,29252,29237,29304,28791,32546,35007,34340,36046,38144
21131,"Leslie, KY",17131,17456,17821,18274,19804,21181,22951,23876,26823,28449,29053,29907,28799,27644,28407,29084,28972,29816,30681,31809,35739,39606,39491,41574,45322
21133,"Letcher, KY",17879,19727,19994,20012,21845,23359,24746,25100,28293,28906,29321,29695,27540,26258,27494,28449,28217,28849,30282,31325,35506,39716,39815,42300,44848
21135,"Lewis, KY",14601,15976,17218,18132,19091,19698,20436,21271,22713,23149,24148,24997,25387,26407,27358,27052,28649,30117,31251,32016,36204,40215,39540,40714,42705
21137,"Lincoln, KY",18400,19003,19169,19205,20318,21086,21952,23122,24119,24139,25098,26346,27628,27670,28631,29899,30372,31305,31844,33670,37020,40618,40736,42398,44365
21139,"Livingston, KY",21282,22222,22677,23539,24673,26286,27290,28472,30123,30458,31027,32230,32929,34141,33990,34960,35766,36250,37306,39409,43875,46642,46088,49732,52369
21141,"Logan, KY",21164,21625,21466,22418,24200,26110,26926,27037,28263,27911,28637,30300,30732,31783,31571,32479,32487,33886,34662,37071,40201,45701,45420,47202,47923
21143,"Lyon, KY",18805,19674,19913,19926,20945,22023,22809,23685,24772,24859,25961,27141,27897,28547,29744,30526,32058,32293,33809,34648,38699,42657,41502,44284,47096
21145,"McCracken, KY",28012,28900,29566,30336,31146,32701,34170,34941,36886,36433,38020,39450,39385,40152,43564,46880,47074,44432,44480,46279,51559,59365,60793,67945,70969
21147,"McCreary, KY",13893,15189,15310,15578,16456,16507,16671,17190,18151,19141,19936,20533,20847,21398,22728,23817,24030,24977,26132,27136,31236,35708,33738,34949,37875
21149,"McLean, KY",22552,23916,21946,22955,26397,28589,28522,29389,30367,32178,32110,35049,34267,39391,38345,37408,36300,38956,38813,39995,41258,49581,52598,50301,52510
21151,"Madison, KY",20543,21053,21785,22472,23298,24309,25429,26951,28019,28268,29276,30292,31126,31480,32981,33706,34169,34610,35445,37249,40472,44269,45367,47338,49437
21153,"Magoffin, KY",16344,17307,17309,17446,17521,18698,19611,20207,21694,22340,23037,25285,26866,27497,28482,29658,29329,30646,32350,34211,38796,42438,41853,44837,48391
21155,"Marion, KY",19611,20648,21293,22165,22387,23486,24559,25643,26725,25713,26271,27159,27988,28949,31496,32526,33444,34569,35726,37159,40574,44426,44384,46538,49243
21157,"Marshall, KY",24449,24403,24279,24595,26625,27815,28664,30122,31923,31361,32349,34414,34522,35223,36734,38448,38332,38700,39628,42200,45668,48040,49122,52966,56075
21159,"Martin, KY",16575,18382,18628,18609,19012,19319,20492,21425,24058,24764,25546,26071,25608,24407,25520,24971,25755,28548,28783,28186,32721,33011,32047,34812,38274
21161,"Mason, KY",22536,23020,23716,24461,26689,27453,28520,29398,30714,30462,31223,32580,33393,33882,35110,36897,37000,38271,38890,40073,44061,49541,49008,51046,53520
21163,"Meade, KY",20691,21038,20251,20706,21231,22894,24624,26950,28209,29047,30675,30848,32001,31582,32526,35263,36177,37099,37623,39491,42591,47602,47847,50063,52259
21165,"Menifee, KY",14876,15359,16190,17083,18372,19345,19928,21223,22527,23837,24623,25024,26057,27029,28471,29898,29755,30617,31751,33943,37447,41525,41009,42645,44164
21167,"Mercer, KY",23493,23627,23935,23976,25586,26418,27404,28696,29305,29237,30078,30940,31606,32322,33011,33887,34318,35061,35463,36689,39380,43598,45030,47267,49680
21169,"Metcalfe, KY",15927,16511,17353,17422,19104,20048,21436,22168,23410,23483,24163,25239,26261,26426,27675,28617,28377,29339,30068,31246,34283,38308,37432,38414,40444
21171,"Monroe, KY",17337,17998,18755,19421,20932,21155,21879,22857,23847,24459,26176,27399,28607,29580,32020,33241,32263,33684,33840,35194,39785,44283,44523,44933,48281
21173,"Montgomery, KY",20944,21215,21952,22445,23935,25173,26265,27450,28326,27680,28444,29001,30058,30300,32171,33209,33078,33618,34250,35931,39691,42932,43654,45502,47981
21175,"Morgan, KY",14701,15627,15895,16188,16709,17323,17719,18391,19685,20434,21909,22631,23395,23445,24227,24942,24993,25528,25942,27428,30739,33933,32638,34607,38051
21177,"Muhlenberg, KY",20001,20189,20380,21009,22245,22722,24110,25372,26640,26608,27615,29980,30015,30825,31967,32694,31453,32895,33124,34894,36643,40570,40486,42971,45963
21179,"Nelson, KY",24628,25578,26015,26433,27734,28545,29321,30478,31211,30778,31913,33358,34069,36536,36160,37956,40779,40579,42107,43802,48130,52977,53806,56388,58611
21181,"Nicholas, KY",21480,21440,21464,22324,23836,24077,24999,25501,27381,27400,27713,29542,30216,30626,30921,32562,32107,32949,32863,34178,37761,40811,39346,41857,44191
21183,"Ohio, KY",19178,19789,19777,20598,21986,23567,24162,25387,26492,27209,27712,28051,28581,29672,30697,31552,31411,32054,32596,33319,36037,39875,41150,41373,42868
21185,"Oldham, KY",32898,33300,33293,33803,38283,40540,42955,45608,47479,44987,46276,49589,52768,49781,51825,55515,57440,59190,62774,65233,67264,76678,78290,82705,87137
21187,"Owen, KY",19697,19757,20417,21102,22700,23436,24784,26079,27838,28385,29466,30613,30071,30162,30476,31504,31712,32041,32662,33238,36385,40473,39814,41817,43235
21189,"Owsley, KY",17162,17475,17569,17752,18487,18789,19163,19914,21521,23554,24089,24655,25608,26677,28902,31152,31045,32163,33169,34331,40308,46392,47190,49348,52567
21191,"Pendleton, KY",20794,21586,21854,22098,22768,23373,24101,25600,26820,27316,28484,33335,37567,41411,43076,44957,46360,43969,43361,40856,43576,47739,46444,48021,50282
21193,"Perry, KY",19591,21475,22365,22877,24373,25470,26765,27976,30672,31612,32311,33007,33313,31837,33098,33604,32868,33795,34374,35061,39199,43369,43699,46077,49317
21195,"Pike, KY",20057,20963,21449,21627,22590,24366,26381,27745,30833,30209,30673,32425,32150,30862,31885,32593,32568,34440,35509,36713,39844,43068,44599,47630,50689
21197,"Powell, KY",17684,17767,18691,19287,20031,20644,21404,22026,23357,23900,24492,25083,25304,25370,27267,28435,28557,29426,29833,30407,34715,37949,38555,40586,43268
21199,"Pulaski, KY",20972,22183,22745,23383,24249,24942,26269,27772,28943,28885,29843,30388,30686,30641,32543,34340,34474,35211,36875,38619,42674,46909,46927,49513,51943
21201,"Robertson, KY",18753,19207,18786,19106,20378,21437,21117,22980,24114,24279,24893,25990,27619,28284,29879,31559,30998,31553,31803,33372,38764,41475,41095,40695,43041
21203,"Rockcastle, KY",16135,17056,17735,18280,19569,20304,20976,21742,22838,23403,24803,25619,25628,26995,28360,29636,29853,31204,31768,33653,37846,40546,40276,42484,44633
21205,"Rowan, KY",17780,18579,20035,20678,21874,22262,22372,23208,24741,25099,26593,27046,28058,27594,28443,29081,29341,29496,30726,31758,34653,37879,38113,40343,42123
21207,"Russell, KY",17945,18117,18441,19236,20741,21297,22331,23447,25251,25424,28311,29765,29762,29626,30769,31410,30848,32628,35322,36966,41927,47965,54172,57979,61122
21209,"Scott, KY",29999,28693,27410,27507,29619,31352,32823,34575,35047,33449,34016,35675,37549,38099,38820,39849,41728,42593,43563,46194,49174,52136,53829,56549,58861
21211,"Shelby, KY",28920,28992,28879,29255,31043,30969,31649,32935,33939,34832,35168,36695,38141,38003,39075,41250,42601,44885,46075,47845,50769,55828,58318,61581,64459
21213,"Simpson, KY",22917,22411,22029,23446,25337,26965,27082,27718,28728,28185,28863,30741,31954,33811,33641,34679,34507,35385,35504,36866,40531,44781,44984,46542,47253
21215,"Spencer, KY",22555,22869,22559,22952,25797,27513,28886,30720,32093,32632,34728,35748,37322,37241,38896,40465,42074,42806,44113,47014,51224,54879,56071,58940,61267
21217,"Taylor, KY",19750,20608,21116,21689,23009,24004,25034,26075,27142,27306,28113,28670,28941,29203,30251,31750,32035,33018,33531,34959,39093,41426,40320,42748,45058
21219,"Todd, KY",20860,20951,20363,21882,24651,27886,28435,29055,31469,30741,32270,35499,34712,38564,36619,36373,34990,36791,36236,38481,41624,47617,50018,51099,52075
21221,"Trigg, KY",23268,24121,24818,26608,28094,29987,31528,30887,32941,32736,32112,34776,34697,35432,35648,36319,36872,37388,37474,39723,43605,47138,46579,48651,49748
21223,"Trimble, KY",17844,18331,18667,19573,21320,22849,24788,25725,27828,28058,29114,30203,30824,31618,32947,34008,34357,36459,38268,39779,43331,48192,47773,50117,53257
21225,"Union, KY",22688,22661,22652,23368,25747,29190,29434,29550,31734,30982,29108,32187,31160,36241,33449,32168,32782,33705,34744,38110,42721,50536,49633,53588,54276
21227,"Warren, KY",24502,25363,26148,26835,28148,28913,29334,30294,31628,30081,31568,32712,33230,33381,34515,35606,35858,36461,36872,38423,41434,45066,45656,48061,49863
21229,"Washington, KY",20522,21151,21897,22886,25127,26345,28060,29551,31251,29593,30425,30584,30554,30835,32376,34276,34606,36857,37532,38858,42789,46695,45481,48953,50816
21231,"Wayne, KY",16138,17079,17601,17766,19405,20043,20107,21015,21743,22022,23073,23780,24517,25146,26395,27467,27215,28059,29478,30365,34622,38346,36899,37970,40460
21233,"Webster, KY",21169,22302,22419,23186,24953,27422,27470,27104,28927,29882,30214,33052,34050,36578,36989,37117,36559,38172,37919,39185,41119,47794,51206,51773,53393
21235,"Whitley, KY",18706,19950,20290,20550,21501,21961,23032,24136,27034,27527,28448,28544,28883,28392,29611,30750,31271,31869,32705,34745,39249,43182,42199,45036,47869
21237,"Wolfe, KY",15933,16256,16720,16951,17863,17816,18540,19080,20273,21386,22716,23845,25894,26452,29044,30729,31195,32027,32965,33793,39152,45056,44688,46927,50741
21239,"Woodford, KY",37012,35700,37906,36593,38933,39689,41888,41141,37480,37732,37435,40711,43052,46510,46855,47951,47628,49478,49925,52966,55121,60736,63928,66132,69234
22001,"Acadia, LA",19635,21125,21675,22489,22908,24627,26292,28297,32051,31626,32294,33854,35246,37019,38160,36650,35267,36661,39045,39541,43558,46526,46160,49043,51423
22003,"Allen, LA",16707,17216,18035,18876,19960,21559,22268,23425,26116,27221,26993,27659,28966,29708,30282,30881,32139,34186,36961,38691,41565,42898,43291,44541,46100
22005,"Ascension, LA",24133,24631,25313,25840,27601,31113,33593,36414,39597,39281,40762,42113,43722,44435,46520,47856,47959,49228,50307,52223,55105,59708,59695,63075,66285
22007,"Assumption, LA",19671,21868,22454,22941,24178,24820,27174,29677,31874,32428,34746,36779,39519,41915,42513,42329,40948,44535,47918,49616,51922,57910,58116,64428,69639
22009,"Avoyelles, LA",17806,19472,19909,20631,21909,23441,24293,26748,28498,29866,30761,33067,34953,35014,34834,34113,34293,35733,37509,38579,42696,45282,45079,48031,50360
22011,"Beauregard, LA",19760,21057,22089,23626,24991,26619,28347,31550,35601,34474,35569,37710,37772,38091,39230,40057,40016,42087,43335,44084,47739,50584,50639,53035,55690
22013,"Bienville, LA",18275,19599,20106,20988,22147,23589,23880,25142,28413,29324,32260,32488,31774,32631,32535,32575,33030,35559,37875,38616,42527,45744,45022,48280,51482
22015,"Bossier, LA",23635,24770,25687,27071,28436,30452,32091,33765,36058,35952,38021,39698,39542,38999,40786,40886,41170,41434,43396,44729,48325,52308,53365,56486,59143
22017,"Caddo, LA",25841,29355,30061,30641,30918,33895,35785,36081,42525,39192,41407,41602,42750,43410,44979,44393,43539,44644,48010,48653,54615,58189,60867,64666,67649
22019,"Calcasieu, LA",23310,24674,25200,25255,26415,28781,31326,34288,36270,34208,34887,35946,37605,37638,39776,41877,42319,43932,45674,45324,46905,51579,52136,54237,56113
22021,"Caldwell, LA",18164,19421,20294,21069,21827,23413,25186,27831,30825,30159,30363,29845,29931,30462,31197,30745,31315,32218,33443,35240,39057,41660,39706,42589,45207
22023,"Cameron, LA",19372,18976,18191,19224,20641,22244,28128,34398,38278,35852,34425,37175,41467,43835,47645,46117,47364,53512,55380,56107,56780,64312,64150,66318,69929
22025,"Catahoula, LA",18506,18896,17803,20542,20807,23519,23803,25568,23793,26571,29171,31143,32087,32949,31868,29657,30861,32063,33210,35768,41123,44591,43841,47153,48028
22027,"Claiborne, LA",18528,20356,21042,21696,23363,24608,24732,26161,29077,27834,29252,30565,32645,33695,34574,33329,32364,34445,35463,36902,40577,43062,42898,45007,47386
22029,"Concordia, LA",16958,18956,20095,21152,23762,27053,25383,26581,29012,30255,31644,32547,32896,31788,30712,29137,29935,31275,32334,33900,39930,42671,42632,43398,44494
22031,"De Soto, LA",19518,19433,19922,21221,23024,24990,26570,28406,31432,32678,35260,37389,36534,36971,37845,37999,37560,39183,41799,44177,46595,51415,54615,57056,60156
22033,"East Baton Rouge, LA",27543,29045,29860,30963,33096,35354,36262,38636,40720,39663,40280,42443,43539,43850,44537,44760,45866,47058,49417,51099,54794,60374,62473,67319,70775
22035,"East Carroll, LA",15448,16674,16595,20015,20111,19843,21468,24446,25021,26952,28597,32012,36821,38999,33441,28007,31071,31333,30772,30908,34664,39390,35179,36438,36751
22037,"East Feliciana, LA",20319,21382,22763,23457,25588,28342,29173,31831,34071,33165,34096,35035,35451,35936,36240,36789,38265,38631,40168,41570,43700,47519,47189,51062,54192
22039,"Evangeline, LA",16518,18847,19436,20468,22183,22971,24651,27005,30760,30547,30820,30860,31539,30831,30674,31183,31096,32283,33090,34225,38533,40919,40401,43080,44838
22041,"Franklin, LA",17805,18518,18656,19969,20912,22325,23669,25175,25971,27006,27223,28881,29671,30836,28562,29121,29523,30411,30990,32584,37624,40736,39498,42994,43040
22043,"Grant, LA",18542,20162,20880,21377,22364,22266,23019,24574,26309,25943,26300,27295,27327,28156,28200,29229,30103,30425,30848,32434,35375,37277,38045,39412,41206
22045,"Iberia, LA",20502,22314,23203,24241,25480,27850,31047,33280,36432,34578,35969,37673,39728,39240,39468,37165,35880,36932,38437,40273,42950,47093,46766,50440,52567
22047,"Iberville, LA",18837,19887,20603,21317,22694,25367,26204,28887,31692,31589,32922,34940,35629,36067,37132,37736,39208,40904,42804,44453,48301,53757,52709,56590,59552
22049,"Jackson, LA",23040,23187,23829,23892,24377,24821,25054,26697,28678,29122,30687,30770,30687,30867,32100,32764,31963,33204,34207,35327,39009,42443,42740,44558,47417
22051,"Jefferson, LA",28619,33681,34514,32986,31957,33600,38555,43408,44153,41215,42760,43041,44753,44591,45373,46660,46325,47381,48952,50315,55054,61079,59081,62497,65691
22053,"Jefferson Davis, LA",18117,20252,20552,22104,23504,26349,27717,29630,33965,31857,32145,32999,34511,36123,36857,36608,36851,38948,40189,42014,44486,47085,46714,48416,50817
22055,"Lafayette, LA",28013,30417,30303,31126,31702,35837,40023,41413,46349,41604,44299,45467,50866,50121,51792,48731,45694,47726,49089,50053,53890,60422,61868,66633,69524
22057,"Lafourche, LA",23625,24908,25625,26261,26573,29761,34976,38857,42253,40164,41540,40645,42667,43836,45886,44773,41861,42526,42946,44561,45462,52304,52861,61485,64579
22059,"LaSalle, LA",17448,18698,19158,18784,20168,21625,23420,25448,28580,27747,30038,30088,30498,30492,30893,29807,28755,29761,31796,34132,36799,38133,38157,40459,42793
22061,"Lincoln, LA",20617,22780,23506,23015,24786,27523,30473,30310,31653,30300,31262,32055,32235,32745,34212,35580,35518,37165,37989,38845,41886,46755,48452,50986,53652
22063,"Livingston, LA",21654,22057,22580,23293,24527,27076,29230,31530,33537,33113,34011,35875,36826,36907,38252,39417,38523,40091,42228,43556,45488,48746,49107,51202,53590
22065,"Madison, LA",15184,17425,17719,20051,20540,21819,22659,23848,23403,25694,25460,28403,30746,33906,29675,29608,32177,31938,32475,33925,40199,44020,41719,44873,45843
22067,"Morehouse, LA",19561,20264,20685,22420,22827,24304,24848,27874,28753,30267,30367,31987,33601,35137,32977,32539,34518,34982,35493,36699,40862,43973,42789,46230,47460
22069,"Natchitoches, LA",19082,19990,20422,21329,23707,26713,28386,29149,30076,30083,32046,32454,32548,32659,33431,35122,35744,37505,39186,40977,44868,49849,49520,52074,54837
22071,"Orleans, LA",26817,25739,26215,28687,29229,29506,50018,50170,46372,42031,42468,42071,45013,44059,45149,47001,47349,49102,51346,53465,56005,62492,62896,67519,71513
22073,"Ouachita, LA",23737,24389,25362,25561,26472,27921,29642,30927,32316,32790,33455,34434,34688,34791,34846,35945,36757,37449,39102,39540,43523,47030,46999,49657,51953
22075,"Plaquemines, LA",21677,23817,24156,24626,25739,27105,34309,42018,44214,40882,43733,41087,43014,43324,45513,45406,45755,45961,46594,46934,50736,56533,56074,60321,63703
22077,"Pointe Coupee, LA",21866,22455,22940,24238,25837,28903,30253,32997,35238,34768,35884,38170,38931,40147,41869,41923,42624,44648,47429,50170,53567,59439,57550,61925,65840
22079,"Rapides, LA",24019,26294,27180,27426,29303,32134,33141,34619,36546,36022,36400,38274,40115,39955,40428,40962,41512,41964,43748,45444,49598,53521,53454,55947,58789
22081,"Red River, LA",16924,17745,18232,18527,19254,21096,21298,23078,25983,27238,31898,32095,32392,32633,34903,36260,36278,41199,47202,46087,49043,52974,55691,58153,61634
22083,"Richland, LA",18602,19954,20123,21471,23583,25051,27345,29051,28485,29477,30127,30996,32774,33712,33068,33612,34703,35034,36862,38615,42767,44949,44653,47613,49522
22085,"Sabine, LA",18200,19667,19799,20132,22361,23632,23442,24522,27575,27680,29697,30591,31341,32368,33246,33431,33001,35063,36754,38094,41377,45174,47143,48892,52076
22087,"St. Bernard, LA",22460,23949,24357,24783,24919,21803,53251,52143,40171,30870,30864,29727,28792,28353,29347,30437,31368,32342,33722,36107,39036,42961,41436,43885,46043
22089,"St. Charles, LA",24722,26789,27103,28162,30165,32462,35294,38041,41273,40156,40840,43183,44944,44294,45164,46168,46251,48042,48719,49827,52790,57059,57319,60713,64344
22091,"St. Helena, LA",17068,18798,19537,20044,22017,26334,27055,30028,33542,33426,34787,35778,35801,35754,36995,37698,39490,38447,40306,41340,44582,47788,46724,48602,50760
22093,"St. James, LA",18866,19887,21132,22347,23877,26836,29958,32671,37661,36754,39886,40318,42346,42648,44631,43613,43637,46885,51544,54119,57156,70271,65903,73232,77150
22095,"St. John the Baptist, LA",20116,21180,22409,22780,24789,27942,28924,31650,34645,33583,35186,36177,37892,40141,39868,38758,38195,39499,40214,41643,44619,46483,46005,49809,52224
22097,"St. Landry, LA",17842,19938,20742,21404,23549,25941,27882,30132,32456,32485,33779,35012,36447,37261,38334,38429,37504,38121,39384,41496,44912,48216,46490,49059,51290
22099,"St. Martin, LA",17932,20099,20293,20689,21870,24379,27753,29859,32342,31637,32737,34299,37245,38933,39851,37931,36139,36306,38479,39408,42677,46554,46281,50202,52366
22101,"St. Mary, LA",21766,23593,23923,24781,25416,28012,31523,34010,36673,34948,36234,36468,39687,38763,39011,39060,35859,36779,38697,40436,44448,48940,48175,51379,53332
22103,"St. Tammany, LA",30084,32102,32993,33627,35210,37086,39863,45266,47122,45723,47981,46927,50093,52796,64482,58824,55969,58952,63762,67900,65157,74304,73815,78608,82398
22105,"Tangipahoa, LA",19733,21290,21898,22630,24261,26411,28831,30681,32446,32002,33426,34275,34796,34775,35551,35677,36545,37512,38306,40525,43957,47967,47564,49932,52248
22107,"Tensas, LA",18781,18475,18206,22669,23024,25474,26229,29196,27032,33004,29162,37531,37787,43846,38521,30272,34762,37448,37322,40431,44152,52247,46925,50617,52162
22109,"Terrebonne, LA",20929,23883,24544,25099,26071,28976,33432,37558,39980,38243,38799,39287,41817,42663,44350,42263,38889,39611,41003,42866,45648,48306,49729,53532,56037
22111,"Union, LA",20168,21439,22139,21823,24586,25475,26114,27465,29811,30053,29539,31052,32893,34202,34154,36637,36686,38555,41436,41363,44250,47394,48595,50014,53356
22113,"Vermilion, LA",19346,21348,21546,22625,23335,25459,28505,31737,34641,33038,34766,36138,38532,39531,40528,39656,36919,37651,39970,40588,43865,47481,47235,49950,52234
22115,"Vernon, LA",21250,22170,24181,26121,27479,29462,30708,31963,35734,35268,36336,37962,37118,36462,36355,37133,36694,38457,39845,41157,44196,48158,49002,51434,53923
22117,"Washington, LA",18430,19729,20167,20446,21962,22807,24880,27065,28811,28585,29163,30384,30093,30875,31170,31265,31568,32398,33470,35650,38324,41919,42037,44245,46292
22119,"Webster, LA",20999,22355,22796,23432,25076,26718,28250,30150,32296,31729,33681,34286,35358,35705,35852,36766,37347,38698,40332,41707,46097,49846,50954,54500,57370
22121,"West Baton Rouge, LA",23250,24243,25061,24950,26007,29745,32174,34210,37406,37632,38768,40743,40499,40845,43243,44150,44905,44963,46115,47411,50889,55381,53772,57140,60268
22123,"West Carroll, LA",17240,19112,19316,19949,20224,21974,23677,23538,23228,25133,26243,27556,29567,31554,30267,30413,33174,34497,36748,34731,41651,43518,42525,46282,48350
22125,"West Feliciana, LA",16901,17377,17808,18343,20219,21564,24075,25938,27765,27973,28579,30241,31964,32733,33609,33784,35902,36613,38206,39626,42318,44725,44600,48000,51097
22127,"Winn, LA",15613,17653,18186,18731,20179,21859,22851,24647,27188,27609,28737,30604,32779,33014,33271,33139,32596,33922,35751,38504,43501,47086,46741,46477,48228
23001,"Androscoggin, ME",25411,26130,27307,28441,29001,29479,30697,32171,33461,33805,34164,34958,35326,34739,35453,37199,37347,38551,39824,41671,46103,48484,50842,53635,56487
23003,"Aroostook, ME",22155,23395,24521,25582,26522,28080,28900,30018,31258,32307,32882,33685,34273,34275,35012,36555,37412,39157,40763,42319,46831,50239,51604,54738,58192
23005,"Cumberland, ME",33573,35205,35774,37599,39622,40086,42711,43964,45639,44530,46119,48354,49359,48876,50498,52966,55101,57941,60493,63768,68492,75849,79361,85544,90142
23007,"Franklin, ME",22786,23382,24049,25146,26456,26672,27247,28457,29980,30468,30869,33731,33439,33621,34594,35514,36081,36914,39010,40029,43713,46245,47962,50466,52725
23009,"Hancock, ME",29602,31807,32128,32712,34392,34282,35725,35992,37731,38349,39939,41142,41465,41343,43916,46340,47165,48590,49672,52611,55701,62003,64226,68972,72341
23011,"Kennebec, ME",27234,27938,29009,30036,30886,31584,33233,34995,36604,36823,37583,38302,38228,38637,39538,40650,41326,42334,43947,45897,49778,54545,55572,57748,61181
23013,"Knox, ME",28673,32328,33549,34990,35714,35725,36886,36709,37833,37214,38070,40146,41507,40110,41704,44324,45967,48509,48423,52069,55931,62253,63526,68500,71509
23015,"Lincoln, ME",28493,30273,30833,31979,34080,33913,35508,37067,39041,38565,40168,41857,42240,41967,43555,45514,46610,48039,48698,51725,54810,60086,62829,67355,71007
23017,"Oxford, ME",22451,23452,24163,25420,25834,26430,27342,28751,30347,30275,31035,32558,32071,31738,32495,33902,34831,35916,37653,38858,42843,46329,47722,50252,52819
23019,"Penobscot, ME",24925,25690,26583,27188,28199,29123,29840,31000,32431,33348,33455,34633,34860,35152,35927,37304,38375,39494,41170,42732,47306,51086,52005,53935,56593
23021,"Piscataquis, ME",22098,22884,23325,24113,25002,25770,26171,27339,29266,30910,31269,32806,32854,32871,33328,34669,35249,36454,38802,39472,45707,49685,52722,52060,54143
23023,"Sagadahoc, ME",27693,28843,29572,30921,32758,33446,35056,36854,38427,38448,39901,41440,42653,42325,43879,45979,47380,48742,49504,50808,55096,60572,62863,67421,71499
23025,"Somerset, ME",22271,23291,23769,24932,26001,26810,27458,28350,30651,31919,32223,33712,32527,31970,33339,34760,35650,36297,37358,38576,43393,47161,48245,50671,53415
23027,"Waldo, ME",23489,24959,25237,26165,27505,27788,28742,29781,31610,32023,32672,34111,34553,34480,36139,37054,37732,39242,41203,44556,47939,52571,55230,57329,59514
23029,"Washington, ME",22451,24088,24593,25697,26293,27069,27500,28070,29451,30551,31850,33123,33803,33917,35264,37130,37771,38186,39783,41417,46261,50075,50007,53372,55990
23031,"York, ME",28928,30502,30942,32058,33937,34507,36272,37680,39050,39355,40374,41716,42537,43237,43940,45563,47435,49099,51396,53487,57851,63396,66461,70945,74683
24001,"Allegany, MD",21303,25496,26764,27991,28696,27767,26997,27346,29418,29954,31128,32103,32856,33016,34737,35735,37543,38611,40148,41571,45215,47524,46861,49414,52707
24003,"Anne Arundel, MD",38149,40450,41771,43521,45663,47486,49945,51780,53152,52011,53109,55774,56697,56782,58373,60218,61682,63365,65335,67559,71647,77427,78361,83442,87614
24005,"Baltimore, MD",37070,38584,39389,40122,41885,43457,45849,47993,49284,47816,48584,49502,50554,50250,51564,53015,53879,55660,57485,60582,63890,67405,70027,75259,78953
24009,"Calvert, MD",31528,34074,35428,36948,38867,41240,43531,46058,48717,48961,50053,52252,53059,52722,54068,56506,57792,59320,61033,63417,66869,68935,71046,75203,79588
24011,"Caroline, MD",22822,24151,24798,26729,28942,29520,30015,31610,33286,33413,34110,36266,37900,38942,39990,40862,41923,43941,44842,46260,47924,54221,56216,56456,59692
24013,"Carroll, MD",32891,35051,36520,37761,38272,40558,43110,44945,46965,46643,47935,50022,51025,51272,53024,55188,56624,58634,59746,61822,64914,69773,70418,74641,78696
24015,"Cecil, MD",28611,29408,30129,30997,32479,33322,34885,36008,37151,37350,37899,39275,39699,40395,41097,42636,43755,45088,47064,48917,52262,55683,56194,58610,61236
24017,"Charles, MD",31477,33626,35044,36628,38090,39824,41757,43890,46404,47225,47908,49709,49768,49513,50150,51727,52973,54093,54906,56364,60002,62108,62650,66412,70211
24019,"Dorchester, MD",24421,25882,26517,27695,29977,30722,31242,33221,34914,34936,35230,37420,37750,38622,39520,40637,41165,42843,44049,46023,49278,55740,55660,57062,60255
24021,"Frederick, MD",32846,35364,36099,37638,39835,41882,44142,46209,48100,48110,49083,50740,51137,50989,52272,53682,55768,57638,59721,61849,64822,69918,71200,75211,78929
24023,"Garrett, MD",23235,23448,24212,25837,27567,28795,30231,31290,32569,32345,33640,34787,35545,36032,38740,39409,40478,41265,43620,45891,49034,53494,53915,58060,62692
24025,"Harford, MD",31965,33439,34710,36145,37615,39442,41472,43554,45322,45037,46463,48190,48720,48375,50029,51583,53245,55084,56659,58971,62340,66580,67040,71139,74919
24027,"Howard, MD",45109,47221,48036,49068,51927,54987,58545,60406,62907,62971,63991,67815,69021,67175,68125,69526,71004,73059,74499,77372,81210,86737,89462,94893,99767
24029,"Kent, MD",31183,35023,36171,36862,40164,41600,45696,45935,46386,45519,44927,46637,46865,47591,49877,51710,53188,56045,58230,59063,63199,69724,71928,77170,80878
24031,"Montgomery, MD",51431,53949,54653,56569,61039,63669,65773,66983,70638,68365,70705,74808,75769,72300,73015,76996,80241,82192,83807,84823,85573,91145,93487,100454,104882
24033,"Prince George's, MD",30239,30843,31950,33050,34379,35456,36666,37978,39419,40186,40656,41797,41703,41389,41811,42666,43536,44550,45856,47061,50913,53362,53980,56713,59684
24035,"Queen Anne's, MD",35314,38264,38934,39871,41548,42593,44361,46301,48522,47829,48966,51403,52773,53034,54755,56459,59463,62066,63680,67897,70547,77734,78849,82403,86365
24037,"St. Mary's, MD",30228,30656,32497,34379,36014,37593,39499,41690,44140,45355,46968,49051,49283,49206,50377,52210,53265,54180,56253,58433,61938,65075,66056,69728,73314
24039,"Somerset, MD",19828,20558,20157,20910,22179,22163,22426,23375,24588,24647,25339,26209,26193,27469,28919,30066,29534,30812,30878,31318,32949,36964,39672,38184,41421
24041,"Talbot, MD",39470,42988,43741,45359,50274,52330,55351,58104,59248,57287,56010,58524,58703,59525,61465,63746,65372,66459,68622,74027,78523,85586,91345,97931,102548
24043,"Washington, MD",25143,27502,27987,28876,30724,31928,33625,35227,36064,35545,36531,37920,38649,38705,40035,41111,42056,42946,44589,45813,49076,53183,53244,56523,59536
24045,"Wicomico, MD",25017,26546,27103,27829,29785,31223,31799,33203,34641,33245,33863,34628,34340,35218,37100,38463,38474,39692,40086,40223,43344,46725,47638,48917,51806
24047,"Worcester, MD",29514,30960,31581,32793,36031,37918,39346,40632,42904,41731,43279,45271,46696,47115,48659,52994,52638,54623,55303,56366,59485,64521,66279,69230,73572
24510,"Baltimore (Independent City), MD",25966,25089,26000,26996,28746,30632,32400,34591,36116,35843,36801,38692,39058,39918,41973,43910,45286,46805,49081,49887,53978,58887,60489,66282,69564
25001,"Barnstable, MA",36181,39586,39577,40602,43676,44058,46188,47930,49634,49744,51521,53322,55241,55454,57927,60365,62353,64157,67040,72787,78487,84776,85891,91823,96768
25003,"Berkshire, MA",30307,31320,31904,31992,34263,35452,37170,38774,40779,40187,41041,43109,44426,44364,46626,49419,50723,52140,54239,56190,60698,64337,65325,69675,72172
25005,"Bristol, MA",28717,30571,31225,32042,33200,34484,36745,38224,40372,39256,40565,41934,43111,43545,44803,47049,48141,50097,51922,54853,60870,64387,64254,66492,69073
25007,"Dukes, MA",35532,46301,46888,48030,51203,51768,55451,55387,57248,59053,59819,62670,63315,61133,62011,65009,67675,69686,74292,78578,84897,86895,89786,98549,102176
25009,"Essex, MA",37955,39117,38659,39606,41242,42802,46068,48754,50292,49398,51121,53281,54150,53721,55538,58775,60269,62750,65319,67979,72565,78835,79578,83581,86852
25011,"Franklin, MA",28766,31012,31521,32230,33920,34777,35767,37373,39181,39690,40851,42499,43642,44512,45745,48975,49808,51379,53472,55766,60594,63403,63382,67834,70392
25013,"Hampden, MA",27850,29333,29998,30841,31865,33086,34545,36256,38042,38292,39157,40774,42343,42921,44038,46505,47599,48717,50805,52885,57708,61301,60870,64026,66238
25015,"Hampshire, MA",27944,29917,30315,31044,32154,33100,34638,36087,37460,37940,38796,40926,43558,43156,44634,47207,48176,49866,51637,54304,63021,59064,59187,62818,65432
25017,"Middlesex, MA",46965,47275,46566,47073,49284,51598,55467,58743,61207,58964,60260,63466,65628,65409,68350,72653,74158,77367,81524,86160,90536,100364,102212,107588,112011
25019,"Nantucket, MA",45736,61536,61792,61556,62601,64472,70626,71177,68967,68701,69517,76264,81036,78126,80197,81376,82888,83367,87928,91342,93629,103382,110732,122575,129250
25021,"Norfolk, MA",48286,49888,48527,49433,52889,55856,61214,64470,66354,62830,65312,68370,70985,71032,74644,78866,81411,84241,88500,92079,95599,105107,108484,115096,119680
25023,"Plymouth, MA",34778,35408,35864,36858,39129,40695,43651,45780,48033,46754,47969,50466,52510,53345,55199,58428,60078,62447,65290,69176,74794,79442,80493,84290,87818
25025,"Suffolk, MA",39722,42701,42310,42812,45485,48174,52754,54123,54872,58570,64435,63433,62399,61025,61859,66273,71155,75949,80281,81383,87987,98693,100309,105596,109447
25027,"Worcester, MA",32885,33444,33125,34135,35884,37099,39239,41288,43015,42196,43556,45434,46897,46434,47585,49667,50991,52214,53966,56394,61617,64827,66178,69159,71909
26001,"Alcona, MI",21248,21361,21820,22347,22776,23294,23515,24725,26477,26459,28451,30143,31527,32471,33263,34900,35266,37414,39609,41371,45779,50126,48609,49916,52130
26003,"Alger, MI",19512,21376,21548,21630,22614,22291,22108,22226,23377,24657,25025,26281,27069,27506,29228,30468,31347,32260,33739,34523,38425,42183,42060,44315,46833
26005,"Allegan, MI",27497,27204,26509,26938,28274,29622,30621,31741,33008,32263,33626,36136,36445,37504,37910,39719,40759,42201,44272,45182,50199,54689,55332,58460,60514
26007,"Alpena, MI",24861,25028,25399,26169,26604,27576,28073,29382,31320,30796,32060,33326,33780,33941,34650,36616,37236,38598,39276,40432,45054,48773,48865,51327,54180
26009,"Antrim, MI",25017,25753,25414,25622,26070,27120,27884,29318,31010,30783,32377,34419,36211,37749,39808,42173,43149,44460,46058,48036,52015,56996,56240,59869,63131
26011,"Arenac, MI",21378,21018,21248,21874,22275,22633,23001,24389,26887,26986,28308,29686,30585,30961,31876,33099,34419,35486,37042,39633,44603,47811,46676,49193,51950
26013,"Baraga, MI",20094,20244,20251,21113,21949,22367,23382,24281,26515,26050,26648,27312,29660,29822,29939,30436,30705,31396,32365,34121,39293,41977,41374,43543,45699
26015,"Barry, MI",29035,28889,28407,28549,29134,29547,30676,31237,33016,31178,33089,35580,36803,37466,38768,40410,41420,42188,44008,45549,49118,53495,56813,58327,60378
26017,"Bay, MI",26451,27020,26955,27662,28277,28638,29746,30819,32227,32265,33587,34792,35302,35450,36356,37962,39028,39432,41691,42643,46699,50700,49910,53207,55627
26019,"Benzie, MI",24486,25118,24524,23548,26597,26593,27245,28403,30229,30120,31625,33228,34074,34851,36876,39267,39955,41876,43383,45656,52268,54925,56921,60919,63595
26021,"Berrien, MI",26962,28127,28477,29130,30422,30682,32498,34115,36016,34387,36265,37661,37634,38222,39752,42298,43671,44636,46880,49237,53919,60589,60293,61513,64094
26023,"Branch, MI",21640,21941,21975,22740,23037,23526,23966,24515,25560,25871,27599,29829,29723,30526,30809,32144,32803,34234,35214,36033,40200,43347,43743,44934,47018
26025,"Calhoun, MI",25146,25649,26498,27012,27609,28324,28860,29974,31402,31078,32068,32986,33996,34216,34984,36868,37369,37988,38846,40009,43949,45832,46136,47815,50199
26027,"Cass, MI",25492,25845,26143,27028,28165,28945,29771,30660,31030,29521,31877,34442,34886,35973,36875,38839,41042,42493,44345,45116,50513,55157,57092,57530,59552
26029,"Charlevoix, MI",27216,28318,29403,30134,32517,33380,35460,35652,37654,35743,37824,40160,40582,40316,42805,45954,47134,49057,51804,52941,58405,65532,67830,72354,76513
26031,"Cheboygan, MI",22237,23055,22885,23729,24341,24854,25215,26192,27817,27731,28768,30512,31457,32481,33414,34955,35922,37300,38238,40023,45556,49520,48075,51212,54043
26033,"Chippewa, MI",20127,20982,21054,21865,22729,23077,23428,24439,26068,26812,28224,28308,29618,30412,29441,30833,31414,32345,33578,34978,39656,43961,43675,46268,48932
26035,"Clare, MI",19875,20236,20184,21053,21736,22313,22512,23265,25167,25929,26982,27891,28230,29201,29679,31284,32147,33092,34230,35058,39614,41502,41203,43685,45627
26037,"Clinton, MI",29492,29934,28154,27557,28422,29889,31633,33325,34253,33568,35273,37008,37497,38206,39724,41010,43161,44382,45955,47581,51034,56091,57392,60359,63057
26039,"Crawford, MI",20610,20393,20421,20543,20952,21049,21501,22284,23337,24226,25881,27164,28281,29007,30660,31651,33057,34146,36530,37043,41715,43636,41434,42960,45310
26041,"Delta, MI",23889,24259,24500,25578,26253,26927,27409,28692,30503,31028,32318,32970,33307,32914,34326,35299,36130,37071,38167,39536,43623,46610,45539,47573,50325
26043,"Dickinson, MI",26051,27632,28131,28892,29439,29965,30990,32474,34550,35036,36067,38171,38729,38990,40291,41697,42844,44807,46712,46241,50514,56365,54357,56747,59204
26045,"Eaton, MI",27729,29416,29630,29457,29983,29700,30733,31915,33079,32608,33470,34392,34754,35630,36665,38533,39766,40911,42262,43544,47705,51055,51378,53979,56293
26047,"Emmet, MI",28701,29434,30546,31508,33910,34842,36060,38145,40594,38868,40492,42177,43855,44513,46593,48925,51001,52452,54693,57291,62279,69422,71040,75830,80004
26049,"Genesee, MI",26768,26555,26681,27410,27853,28248,29168,29704,30455,29610,30592,32099,33206,33835,34939,36764,37703,38727,40154,41652,45435,48440,48709,52844,53595
26051,"Gladwin, MI",20287,21414,21807,22590,23276,23659,23841,25955,29028,27133,28148,28872,29769,30039,30562,32450,33520,35064,36458,38406,41805,44437,44108,46546,48540
26053,"Gogebic, MI",21478,21528,21842,22479,23703,24140,24776,25939,27846,28383,29138,30355,31662,31759,33466,35602,36597,35898,38203,41758,45696,48675,48497,50941,53587
26055,"Grand Traverse, MI",29893,28858,28897,29686,30359,31296,33472,33946,35665,34374,36432,37641,39634,40182,42407,44388,45070,47465,49310,51335,55918,61175,63643,68103,71687
26057,"Gratiot, MI",21002,21658,21579,21754,23441,24350,24564,25411,27158,27585,28767,31145,31482,31569,31840,33211,33628,34381,35631,36084,41331,44198,44047,45600,46618
26059,"Hillsdale, MI",23343,23481,23731,24229,25226,25483,25800,26687,27766,27085,28261,29385,29493,30015,30617,32166,33188,33699,35147,35696,39706,43020,42742,44598,46827
26061,"Houghton, MI",20895,22703,22328,22936,23931,24213,25388,26403,27422,28319,28813,29562,30264,30511,31318,32929,33404,33717,35265,36627,39701,43374,42495,44972,47874
26063,"Huron, MI",25331,25428,25961,26577,28248,29444,30035,31778,35240,33011,36050,39536,39218,39360,40252,40933,41273,42421,43829,44614,51796,57265,57094,61841,63026
26065,"Ingham, MI",27653,28004,28012,28731,29195,29545,30219,30954,32362,31722,33480,33988,34427,34216,35555,36824,37712,38742,40298,41903,46334,51919,50089,51842,54120
26067,"Ionia, MI",21666,22775,22792,23399,23875,24198,23990,24962,25989,25506,26746,27971,28074,28792,29551,30661,31065,32106,33645,34325,37997,41026,41060,43745,45022
26069,"Iosco, MI",20798,21326,21299,21919,23100,23783,24312,25346,27006,27283,28119,29208,30387,30841,31647,33298,33934,35146,36434,39126,43777,46692,46391,48875,52230
26071,"Iron, MI",21781,23142,23076,24022,25105,25877,26707,27656,29520,30445,32261,33535,34847,35176,36575,39232,40163,40995,41898,43816,46555,49090,48200,50587,53507
26073,"Isabella, MI",21756,22208,22284,22423,23141,24277,24744,25216,26856,26191,27303,28506,29424,30638,31918,33392,34038,35159,37044,38905,43326,45882,45613,48156,49936
26075,"Jackson, MI",25412,25769,25829,26080,26919,27379,27904,28609,30162,29525,30471,31556,32178,32508,33611,35070,36529,37151,38587,39474,43472,47197,46600,49267,51569
26077,"Kalamazoo, MI",28609,30247,30597,31057,31751,32233,33793,34723,36861,35958,36590,38762,39910,40618,41574,43991,45491,46452,48369,50162,54938,59436,60953,62983,65811
26079,"Kalkaska, MI",18727,19216,20156,20578,20813,21866,22930,24384,26591,25761,26740,28242,29442,30088,32200,33040,33221,33703,34923,36149,40587,43573,43645,45949,48253
26081,"Kent, MI",31731,31717,31372,32324,34575,35276,37232,38529,41024,37011,39094,42643,45491,44949,46535,49090,49872,50042,52061,53810,59064,66277,67750,70795,73492
26083,"Keweenaw, MI",22661,25146,25112,25687,25810,27272,27975,30113,32005,34090,34519,37001,38441,37804,38767,42610,43637,45700,47583,50205,54708,58225,56726,58161,62316
26085,"Lake, MI",19411,19605,20206,20427,20821,20591,20770,21611,23828,24554,25786,26833,26872,26902,27994,28504,29305,29848,31814,32870,37845,39135,36352,38467,39505
26087,"Lapeer, MI",28206,27949,27620,28072,28770,29709,30217,30788,31632,30037,31318,33279,35093,35754,36933,38617,39171,41141,42922,44078,48794,51143,50846,54232,56585
26089,"Leelanau, MI",28490,31507,33074,34589,37091,38251,38954,39444,42381,40007,41628,44702,51166,53708,59300,58340,59424,60968,64518,68012,73162,80508,80646,87677,92189
26091,"Lenawee, MI",26120,26510,26769,27589,28062,28836,29359,29634,30204,29163,30552,32183,33034,32633,33713,35564,36489,37030,38923,40119,44165,47826,48526,51181,53030
26093,"Livingston, MI",35654,36862,36161,36049,36184,37432,38375,39919,41007,39009,40388,43501,45732,46245,48177,50883,53641,55662,57127,58639,62024,67553,68737,72771,75839
26095,"Luce, MI",18431,19327,19561,20336,20728,20121,20997,21646,22939,24029,25235,25928,26822,26940,28399,30343,31480,32620,33955,35055,33553,39010,36137,36434,39680
26097,"Mackinac, MI",26240,26553,25919,26393,27498,27409,27636,28904,31074,31745,32995,34272,35746,36293,36956,38798,40402,41492,42705,44018,49504,53479,53398,57083,59779
26099,"Macomb, MI",32982,32582,32399,33248,33577,34568,34925,35892,36206,34048,34805,36829,38142,38511,39938,42209,42977,44008,45748,46884,51137,53968,55509,58467,60760
26101,"Manistee, MI",23107,23883,23882,24492,25242,25937,26384,27803,30014,29932,31645,32016,32460,31829,33374,35984,36038,37154,38613,39592,43400,46340,46333,49244,51847
26103,"Marquette, MI",24187,24253,24390,25641,26270,27001,28106,29895,31915,31381,32366,33006,34260,33866,34775,36056,36920,37525,38900,40114,43826,47944,46533,48786,51849
26105,"Mason, MI",23682,24265,24441,25206,25964,26134,27067,28717,30481,30139,31923,32877,33781,34300,35838,37316,37780,38742,40271,41208,45659,48742,48179,50829,53069
26107,"Mecosta, MI",19354,20141,19886,20125,20964,21628,22366,23392,24403,24784,26019,27510,27963,28951,30227,31561,32997,34812,35881,36991,40174,43674,42208,44730,46058
26109,"Menominee, MI",23476,23553,23667,24225,25722,26625,27518,29057,31228,30059,32357,34588,35167,34741,36973,37798,37963,39806,41209,41075,44365,48553,48176,49768,51492
26111,"Midland, MI",31715,33456,33299,34427,37132,36978,38595,39826,43279,42024,42939,45774,46762,46133,49046,41395,50979,57226,53013,54138,57486,60671,60647,64387,67162
26113,"Missaukee, MI",20172,20000,20165,20074,21929,22455,23217,24328,25394,24666,27354,29262,28578,30330,31910,31991,32049,34022,34726,36405,41240,44538,43328,45121,47035
26115,"Monroe, MI",29521,30293,30262,31060,32123,32778,33578,34553,35289,33600,34664,36476,37558,37938,39554,41853,42761,44445,45989,47316,49935,52962,56678,59816,61697
26117,"Montcalm, MI",19692,20906,22255,23267,22855,23312,23386,24137,25650,24955,26209,27618,28542,28583,29201,30621,31124,32022,32879,34263,37919,41381,41179,42315,43449
26119,"Montmorency, MI",18979,19623,20089,20958,21116,21951,22917,24027,25485,25821,26973,28728,28650,30868,31369,33815,35089,35668,37224,38027,42578,43828,42119,43682,45102
26121,"Muskegon, MI",23987,24257,24380,24877,25337,25996,26903,27924,28500,27831,29052,30832,31750,31682,33267,34745,35355,36360,37621,39247,44355,46639,47491,49309,51283
26123,"Newaygo, MI",21882,21775,21849,22458,23715,24310,25367,26033,27012,26652,28039,29443,30296,30819,32326,33708,35342,36138,36473,37512,41782,44951,44565,46442,48142
26125,"Oakland, MI",48091,49542,48981,49288,50117,50750,51158,52761,53269,48954,50149,54464,57645,57533,60282,64253,65284,67610,70153,71797,76051,82548,85455,90428,93579
26127,"Oceana, MI",19856,20845,21390,22516,23061,24329,25232,25657,26479,26617,28328,30219,30871,31523,32657,33936,34885,35692,37422,38736,42998,46456,46180,49423,50878
26129,"Ogemaw, MI",18992,19702,19960,20319,21342,21798,22144,23561,25018,25170,26924,27803,28066,28974,30272,31874,31720,32887,34710,34591,39412,42576,41175,43475,45525
26131,"Ontonagon, MI",21965,22429,22407,23361,24980,25275,25728,27276,28805,30072,31140,30697,31815,32587,33572,35367,36649,37045,38066,40097,44658,47347,46746,49621,51710
26133,"Osceola, MI",20154,20838,21403,21667,22559,23097,24103,24053,25073,25003,26804,28679,29534,29784,32089,33382,34176,34786,36643,39018,43013,45415,46626,48970,51435
26135,"Oscoda, MI",16672,17537,18282,19008,20633,21717,23403,24341,25610,24687,26716,28503,28834,29648,30530,31445,31474,32706,33934,34650,37492,41251,44241,42634,44109
26137,"Otsego, MI",25033,24805,24613,24967,25695,26809,27016,27626,29691,29321,31498,33764,34452,35088,35748,36664,36768,37760,39460,40877,45783,49890,48374,51027,52732
26139,"Ottawa, MI",28717,29932,29822,30011,30961,31935,33189,33375,34681,33142,34944,37036,38879,39173,41114,43242,44576,46452,47833,49165,53620,59734,60379,63838,66678
26141,"Presque Isle, MI",21026,22006,22372,23032,23598,24031,24258,25543,28292,28100,29700,31008,31418,32722,32801,34584,35448,36701,38850,39625,44482,47451,46700,49305,51752
26143,"Roscommon, MI",20474,21472,22060,22319,23236,23413,23803,25167,26936,27641,29240,30018,30833,31314,31889,33803,34392,35144,36534,37833,42700,45532,43900,47748,50345
26145,"Saginaw, MI",25800,25657,25291,25839,26734,26945,27624,28587,29467,29344,30545,31900,32229,32924,33796,35382,36312,37042,39519,40848,45641,49032,48072,50789,52699
26147,"St. Clair, MI",28064,28494,28787,29449,30039,31137,31311,32295,33011,31335,32610,34503,36099,36369,37622,39403,40448,41819,43654,45132,50029,52719,52795,55470,57943
26149,"St. Joseph, MI",23625,23273,24194,24688,26520,26535,27477,28607,28616,27816,29383,30722,31407,31933,32422,34330,35084,36997,37668,38401,42903,47553,47829,50074,51660
26151,"Sanilac, MI",23421,23407,23888,24059,24911,25370,25426,26258,27710,26632,28297,30990,31649,32745,33060,34493,34798,36048,37452,37954,43941,47317,47311,50031,51754
26153,"Schoolcraft, MI",21071,22146,22300,23129,24274,24394,24808,26576,30160,29979,31107,31491,31791,32299,34758,35441,36725,38175,39764,40455,45292,47988,45463,48567,52654
26155,"Shiawassee, MI",23815,24541,25713,26715,26352,26797,27457,28161,29439,28832,29992,31654,32173,32792,33494,35450,36285,37475,38999,40539,44645,47919,48040,50485,52873
26157,"Tuscola, MI",21707,21655,22134,22327,23575,23849,25126,26186,27271,26832,27586,30257,30104,32265,32612,35029,34467,35002,36043,37214,41730,44854,44574,47562,49841
26159,"Van Buren, MI",22998,23806,24981,26225,27432,28216,28833,30659,32019,31474,33027,34110,33883,34606,35235,37333,38271,39004,40430,41570,45644,49887,50247,52658,54912
26161,"Washtenaw, MI",36150,37327,38243,39614,39670,40041,41199,42295,44688,41633,45725,45081,47595,47345,49121,51521,53257,55491,57765,60743,63328,71134,72906,77085,79736
26163,"Wayne, MI",27931,27859,27423,28323,29094,29809,30438,31605,32271,31441,32564,34196,34668,34643,36040,38063,38986,39321,41425,42842,46924,49326,50121,53255,55715
26165,"Wexford, MI",22760,22943,23592,23739,24710,25109,25965,26548,27985,27667,28651,30179,30439,30892,31750,32988,33876,34937,35904,37563,41648,45011,44118,45870,48149
27001,"Aitkin, MN",21885,22644,23256,23827,24202,24102,25065,26373,28190,28307,30006,30723,31126,31672,33869,35049,36371,37941,40276,41815,46927,50852,48881,51820,53713
27003,"Anoka, MN",30778,31925,32597,33754,35109,34995,35929,37547,38899,37756,38774,40823,41963,42416,44529,46268,47106,48819,50432,52548,55740,59339,60202,62338,64906
27005,"Becker, MN",24274,24894,25664,26956,27618,28280,29635,31252,32809,33078,35157,37399,40076,40104,40846,42350,43030,44132,45671,47508,51442,56761,57328,60512,63369
27007,"Beltrami, MN",21792,22751,23211,24302,24836,24817,26008,27297,28722,30217,30924,32113,33509,33912,36099,37681,38721,39731,42030,42687,46921,51346,51054,53389,56194
27009,"Benton, MN",25753,27571,28452,29930,31214,31070,32073,32941,34311,32533,33728,35066,37084,37620,38806,39786,40746,42588,43460,45321,49014,53794,54471,56693,58371
27011,"Big Stone, MN",23347,23688,24745,25798,29443,29547,30440,31893,37534,36773,39185,40941,49326,49897,46571,49554,47145,49066,49796,49650,57847,66322,69521,67901,70271
27013,"Blue Earth, MN",26260,28553,29687,30501,31264,31545,33564,33985,34201,32467,33635,36401,38481,38814,40515,41859,41061,41862,44028,45039,48431,52629,53707,54276,56864
27015,"Brown, MN",25755,27291,28034,30275,31246,32277,33680,35715,39013,36922,38327,42249,44807,43608,44701,46638,46792,48067,50093,52091,56940,62832,62583,64248,66759
27017,"Carlton, MN",24368,25131,25930,26301,26613,26699,28078,30269,31955,31959,33074,34097,34150,35295,36519,38283,39006,40518,42193,43231,46104,50259,50619,52550,55497
27019,"Carver, MN",38953,40568,39901,39774,42126,44554,46738,51107,53786,50043,51892,55603,58976,59150,61890,64431,64864,68125,70880,73328,75169,83664,88026,92461,96114
27021,"Cass, MN",24973,25240,26322,28020,29093,28843,29412,31691,32905,33317,34479,36314,38369,37608,38878,41545,42963,44543,46273,47003,50496,58292,55150,57906,60994
27023,"Chippewa, MN",26302,27378,28245,29423,30279,31323,32257,34604,37759,37766,38481,42418,46126,44618,41472,42119,41485,42931,43989,44042,48586,54448,56334,57944,58539
27025,"Chisago, MN",28349,29924,29750,30018,30272,33922,33485,34938,36432,35141,35605,38217,38953,39996,41767,43793,44768,46816,48587,50842,53472,58221,59491,61524,64153
27027,"Clay, MN",22941,24270,25139,26960,27028,27427,29083,30735,33259,32677,33791,35429,37649,38299,38851,40260,39791,40242,41896,43298,46909,51122,52445,53675,55518
27029,"Clearwater, MN",21265,21351,22117,22664,23369,23549,24449,25469,27843,28985,30685,32864,34356,35237,37668,39168,39906,41992,45260,45701,52051,55968,52498,55040,58083
27031,"Cook, MN",27453,29785,30656,30803,32404,33407,33162,34458,35297,37961,40263,42819,44998,44009,44925,47041,47636,48882,51848,51615,55144,59363,59316,65293,69271
27033,"Cottonwood, MN",24258,24281,25302,27243,30658,30336,30834,32628,35927,34705,36323,40625,44126,43233,42339,42898,39919,43318,45458,44333,54575,58760,63147,59604,60231
27035,"Crow Wing, MN",23797,26148,26720,27459,28699,29102,30524,31794,32771,32611,33937,35070,36130,36730,38980,40373,41311,42546,43743,45865,49204,55209,54187,57246,60191
27037,"Dakota, MN",36554,38362,39013,40487,41971,42211,43148,45129,46400,43982,44971,48259,49300,49983,51960,53744,55075,57074,59196,60894,63883,68311,71457,75018,77886
27039,"Dodge, MN",26246,27582,29334,30620,31085,31239,32319,34529,36487,35371,37108,40984,44259,43904,41449,42238,41798,43826,45823,46582,52023,58598,59561,60767,62663
27041,"Douglas, MN",25685,26682,27755,29373,30922,30796,32663,35803,39326,39997,43254,45282,49627,48495,46184,49137,50108,49196,50131,51249,55851,61839,63595,66559,69260
27043,"Faribault, MN",24206,25660,27170,28281,31330,32081,32607,35212,37079,35381,36627,41391,44621,43288,39188,39791,36746,38684,40040,42307,47992,54414,57129,55594,57682
27045,"Fillmore, MN",23377,25653,25993,27230,29772,29753,31301,33352,36549,35163,35795,39007,40721,41549,41544,43797,42427,42794,43475,43429,49200,54536,55679,57160,58652
27047,"Freeborn, MN",24258,24811,25341,26267,27947,28283,29360,31077,33363,33377,34935,37674,38872,40457,39596,40858,40139,42389,43524,44553,48938,54539,55338,56828,59108
27049,"Goodhue, MN",27694,29625,30555,31769,34617,34250,35678,37247,39575,38346,39746,42244,44607,44532,46931,48626,48112,49664,51842,53634,56535,61566,63740,67840,70391
27051,"Grant, MN",25711,25121,25304,27088,28666,27611,28264,31382,38371,36807,38427,40774,51781,50553,46339,47165,43664,44951,45643,45060,54226,58487,63222,60247,61403
27053,"Hennepin, MN",43850,43897,43978,45681,48782,50352,53361,55987,56981,52544,54544,57336,61297,60145,63367,66259,67233,69335,73272,75791,77971,87773,90852,96394,100352
27055,"Houston, MN",26580,27933,28249,30399,32119,32527,33817,34876,36936,36847,38739,40650,43639,43072,44770,45524,46782,48088,49838,51037,55285,58993,61359,64305,67879
27057,"Hubbard, MN",21331,24637,26319,30343,40246,37194,32049,29435,29798,30073,31086,32309,34539,34600,35784,39022,42051,44811,48487,53058,56259,60527,54700,59356,61342
27059,"Isanti, MN",26786,26602,27033,27330,28929,29183,30357,31747,33194,32517,33868,35681,35718,36858,38059,39748,41276,42151,44458,46212,48956,52458,52832,54352,56741
27061,"Itasca, MN",22868,23886,24526,25215,26186,26279,27550,28779,30568,31000,32353,33938,35151,35340,37095,40032,39735,40870,43855,44448,48390,52918,52211,54147,57669
27063,"Jackson, MN",23713,24714,24838,27321,31046,32963,31843,33655,38558,38828,40920,46036,49517,48411,46477,47240,45287,47893,49794,51348,58426,62435,64157,61548,63364
27065,"Kanabec, MN",22016,23103,24035,24284,25619,25161,25733,26737,27974,28480,30076,31759,33259,34316,36766,38761,40520,41383,42336,43896,49183,51866,50074,51094,54003
27067,"Kandiyohi, MN",26794,27856,28791,29849,31554,32575,33784,35679,39352,38127,39743,41991,44035,43620,44413,48419,48353,51180,51150,50484,53954,58464,60448,63686,66147
27069,"Kittson, MN",25573,22039,24949,33223,28422,27774,30483,35450,47758,35415,40636,42125,51826,51526,45232,47034,46350,47921,49120,46453,62364,67750,71839,67059,63321
27071,"Koochiching, MN",24754,26280,26844,28385,29690,29223,28838,30961,32112,32883,34721,35431,35489,35603,35528,36465,37157,38179,42149,44541,47462,50890,53450,55185,57605
27073,"Lac qui Parle, MN",23580,23906,24241,24824,29421,31622,32064,33544,37716,40850,44340,46213,52249,49948,44163,46388,45449,46701,47567,49400,56991,64437,69952,68183,68276
27075,"Lake, MN",25637,25729,27445,28854,29520,30425,30561,32027,34110,34544,36094,38381,39672,40088,41979,43350,42175,44104,47087,46732,49101,54018,54427,57296,60682
27077,"Lake of the Woods, MN",20523,20737,22379,26500,26617,27376,27131,29746,35155,35478,37330,38080,39492,39954,43517,48115,47828,52339,54429,52762,56830,60560,59564,63619,65442
27079,"Le Sueur, MN",27796,28122,28701,29747,30179,30445,31406,33178,36073,35206,35205,38158,40464,40721,42627,43899,45464,46481,48817,49672,53949,60078,61183,62710,64366
27081,"Lincoln, MN",22854,23171,22902,24635,27538,29172,28947,31164,35181,34268,36410,41400,43322,42067,40951,41859,40160,44041,43434,45842,51179,57434,62393,60801,60508
27083,"Lyon, MN",26256,26924,27649,29135,31816,32854,33422,35233,37346,35801,37435,40539,42250,43216,43782,45470,44098,47195,48170,48790,53818,58757,61189,61260,62366
27085,"McLeod, MN",26707,27564,28414,30029,31355,31930,32575,33755,35624,34672,35442,38254,40385,40522,42710,43301,43763,44597,46947,47439,51663,57534,59413,61028,63908
27087,"Mahnomen, MN",21006,21497,20537,23515,22853,23197,24280,25855,28529,26279,27918,30134,33220,32825,31653,32871,32911,33085,35062,34729,41315,48434,49444,48502,51616
27089,"Marshall, MN",26363,23756,25347,31122,26267,27556,29176,33093,42660,33936,38462,43051,50684,50584,47235,48359,49322,49362,53247,52789,65008,73333,79724,71200,70172
27091,"Martin, MN",26545,27071,27550,29272,32567,33632,34072,34943,38599,37164,40094,42988,46231,44631,45700,46614,44614,46841,49678,50715,54395,61816,64456,61546,65079
27093,"Meeker, MN",23466,24523,24887,26034,28238,28792,29729,31499,33550,31608,33573,35201,37099,36597,38081,40142,39594,42048,43667,44108,48878,53364,55709,57291,59767
27095,"Mille Lacs, MN",22091,24087,24886,25487,27192,26970,28228,29695,30923,30298,31573,33067,34315,35237,36818,37903,38641,39745,41383,43258,47125,51724,51019,52895,55146
27097,"Morrison, MN",21809,22295,22852,24365,26581,26652,27389,29102,31557,30471,32245,34299,35818,35928,37764,38424,38128,39895,41376,41587,47215,51149,53155,53478,55116
27099,"Mower, MN",25416,27021,28383,29148,30204,30399,31088,32962,34880,35502,36603,39505,40939,42241,41287,44343,43527,44689,45456,45498,49895,55023,54905,57084,57577
27101,"Murray, MN",25290,26201,26348,28380,31569,33689,33727,37843,43071,41593,43989,49665,50284,48432,47562,49508,44780,47421,50254,51895,61788,64253,71204,68571,69933
27103,"Nicollet, MN",26741,28400,28103,29641,31866,33098,34577,34858,37054,35491,36919,39593,42405,42592,42667,44736,44262,46759,48266,49950,53186,56950,59134,61282,63673
27105,"Nobles, MN",24145,25063,25689,27269,30516,30565,30397,32424,34978,33804,36168,39659,40144,39216,41243,42738,38930,41355,42216,43093,51611,54833,59359,60362,61203
27107,"Norman, MN",25999,25250,24304,30936,28339,30177,31918,34378,42050,32126,35786,38110,43499,40705,33719,34599,33886,35323,36789,37492,50092,60218,62331,55271,54965
27109,"Olmsted, MN",32241,34302,35095,37154,37829,37891,39784,41574,42782,42385,45265,45796,47579,47562,49029,50860,52105,54059,56635,58038,61774,66398,68280,71570,74873
27111,"Otter Tail, MN",23152,24368,24833,26316,27718,27761,28348,30189,33640,33028,34830,37867,39430,40274,42653,42992,42909,44748,45823,46952,53161,56681,57931,59791,62053
27113,"Pennington, MN",26782,27477,27789,30507,30046,31096,31088,33699,37754,36535,39336,41881,45536,46016,46559,47456,48442,50510,55012,53788,59308,71346,66824,67852,71610
27115,"Pine, MN",21174,22491,22597,23311,24168,23889,24347,25603,26972,26969,28404,29573,30297,31145,32598,33812,35132,36290,37523,39016,42938,45883,45258,46425,48677
27117,"Pipestone, MN",24689,25501,24563,26736,30510,32191,31395,32736,38029,37594,41735,45284,47107,45906,49227,48402,45028,50452,51903,51639,56997,64474,71333,71965,75271
27119,"Polk, MN",23689,23868,24209,27617,27404,28309,30208,32143,37556,34624,36497,39200,42743,44158,41801,42584,42834,43728,45605,46413,53650,59579,61274,61134,62060
27121,"Pope, MN",23714,25566,26380,28599,29385,29708,29101,31260,35066,33473,35682,39038,43640,44611,45131,46145,45094,47388,49233,49573,56597,64219,63650,65819,66989
27123,"Ramsey, MN",33495,35009,35605,36587,38607,39436,40851,42299,42551,40271,41335,43330,44669,44778,46849,48933,49918,51230,53073,54064,57807,64496,66022,69102,71769
27125,"Red Lake, MN",22550,21615,21745,25764,24665,25715,27886,30430,35544,32162,35622,38757,43627,43874,42854,44170,44460,47842,50698,50067,56943,68362,71920,67760,70258
27127,"Redwood, MN",25085,25889,25370,27026,29653,31173,31657,34045,39309,39633,41357,43896,46147,46991,49304,51087,46369,44961,47350,51425,60577,70994,75500,80953,82908
27129,"Renville, MN",23993,25294,26954,28318,30060,31394,32815,35029,41648,37749,40643,43201,48760,49448,46411,48740,45516,47188,48399,46921,55805,63212,66598,64532,65878
27131,"Rice, MN",23978,25871,26486,27042,28642,29453,30945,32572,33722,32661,33565,35293,36873,37094,38592,39869,40064,41817,43492,44425,47639,53158,53519,55040,57160
27133,"Rock, MN",25048,27287,27698,28023,30574,33855,34895,36437,39601,35328,38980,44829,46907,44615,47943,48258,44212,47575,48408,47734,56765,58048,64262,63104,66397
27135,"Roseau, MN",27071,27226,27300,31280,30974,32854,33380,34382,38149,33412,36020,40199,43485,41265,41085,43585,42921,44571,48286,47022,53714,61226,61536,62385,63246
27137,"St. Louis, MN",26609,26905,28090,28873,29982,30092,31667,33350,35605,35110,37551,39907,40575,40065,41449,42431,42141,43561,46363,47753,50734,56050,56554,58794,61867
27139,"Scott, MN",33624,34382,33687,34535,36449,38251,39973,42722,45201,43467,44722,47608,49575,49686,52095,53679,55748,57911,61137,62453,65193,72385,76583,81373,84901
27141,"Sherburne, MN",25746,27703,27892,28934,29918,30871,32245,34358,35251,34281,35126,37722,38811,39922,41038,43030,44094,46293,47159,49257,52084,56265,56903,58827,61662
27143,"Sibley, MN",22983,24685,25385,26554,29620,30804,31632,33217,36154,34935,36753,39956,42191,41727,42021,43264,42247,44221,45622,46871,52873,58330,60625,60794,62578
27145,"Stearns, MN",25184,26687,27599,28507,29732,30293,31360,32955,34671,33492,34578,37472,39082,40145,42346,43052,42975,44962,46731,48501,53463,58940,60580,62452,64935
27147,"Steele, MN",27356,28381,28656,29012,31100,31389,32743,33913,36544,35623,36648,38539,39979,41038,40665,41465,41532,44101,45057,46199,50172,55935,56035,57807,61040
27149,"Stevens, MN",25268,27812,29336,31195,33332,33887,34343,37150,41179,36821,40340,45844,57714,52918,52484,47320,44370,45638,45609,46600,55484,61124,64457,57161,60874
27151,"Swift, MN",20531,24728,26540,25592,28644,30471,32230,31912,35265,33084,36377,40990,46218,44667,46470,51166,45477,44722,45246,45125,52759,59930,70176,74136,74868
27153,"Todd, MN",19876,20048,20863,22143,23941,24489,25655,27540,31149,31282,32711,33677,35818,35284,37072,36902,36170,39825,41161,42505,43750,55712,58680,62887,64541
27155,"Traverse, MN",23620,23607,25413,26848,28472,28670,30099,33934,39840,37619,41126,43635,64953,62834,49643,53962,49019,50304,50314,48778,65683,74633,87727,82711,82108
27157,"Wabasha, MN",26370,29066,29779,31073,32968,31751,30825,33566,35982,34867,36513,39559,41916,41813,43389,43746,44068,46188,47781,49963,55849,60086,60798,62080,65696
27159,"Wadena, MN",19343,20932,22202,23755,24434,23949,24364,25190,27308,28135,29462,31272,32552,33315,34682,35848,36208,37170,38508,39326,43675,47743,47978,50293,52596
27161,"Waseca, MN",23778,25166,25444,26479,28193,28974,29761,31344,35085,35051,37682,39976,41935,42333,42912,44639,41340,41443,41032,41459,46957,54253,59697,64304,68308
27163,"Washington, MN",36436,38769,39127,40395,43181,43477,45202,47259,48631,46664,47974,51471,52841,54372,57502,60235,61529,64370,66344,68897,71178,77172,79112,83169,86217
27165,"Watonwan, MN",23523,24512,24410,25763,29263,29722,29340,30324,33364,32670,34669,38674,40257,39206,37800,37937,38482,40287,41744,44011,49677,55771,57385,55809,56598
27167,"Wilkin, MN",23798,28501,29656,32603,31486,31604,34956,37259,44045,37070,44148,46744,54682,54522,46509,48243,47651,48756,49885,48247,58373,68636,75425,75960,73320
27169,"Winona, MN",24615,25469,26284,27496,29038,29673,31236,32119,34820,33033,35018,38631,42620,40536,43414,44845,45933,46883,47438,48505,54784,58235,57044,58543,60968
27171,"Wright, MN",27666,29319,29738,30594,31862,32628,33527,35860,37817,36303,37178,39765,41181,41881,43722,45209,46374,47845,50007,51902,55338,60852,61989,64440,66574
27173,"Yellow Medicine, MN",23705,24167,24517,26905,30814,32611,33648,35658,39263,37650,39642,46123,47238,45441,44998,51390,46927,47769,50381,55399,61373,65779,72441,77250,78156
28001,"Adams, MS",21564,22089,23074,22530,23309,24799,26701,27730,30334,28687,29314,30928,32471,33090,33730,32604,32159,32497,34196,36052,39540,46795,43787,46370,48640
28003,"Alcorn, MS",20017,20893,20916,21255,22448,23092,23786,24590,25996,26387,27662,29273,30843,31408,32198,33338,33992,35672,37742,38560,41719,44759,44836,47928,48741
28005,"Amite, MS",17908,18978,19046,19424,20872,21840,22322,23856,25791,25328,25845,26124,27181,28473,30002,30145,30532,32718,33739,33358,35326,38907,39340,42248,45249
28007,"Attala, MS",17936,18870,22328,21503,21516,22203,23807,25251,26984,27268,28101,30601,30457,30797,31169,31642,32046,32615,33040,34920,39489,43381,40715,42869,44371
28009,"Benton, MS",15692,17455,17803,18935,19889,20212,20918,21380,22685,22655,23056,24664,25848,26730,27815,29395,29649,31452,33034,34869,38572,42739,42245,45256,46176
28011,"Bolivar, MS",17723,20609,19809,21472,22988,23765,25065,27519,27651,28312,29540,31168,31953,33459,32836,33301,35047,36113,37201,37310,41867,48591,47065,51558,51666
28013,"Calhoun, MS",19018,20222,20071,20932,21791,22586,22166,23531,23780,23392,25854,28125,27877,29475,29010,29800,31160,32268,33819,35190,39897,43259,40809,42758,44156
28015,"Carroll, MS",18761,20639,20248,20395,21529,22520,23703,25251,25609,26132,27776,30508,31314,33338,32464,33375,34463,36026,37003,37932,40863,45674,42929,45476,48341
28017,"Chickasaw, MS",18486,20028,20379,21229,21935,23140,24162,25393,27187,26941,28271,29578,29925,29971,30918,30437,31298,33455,32902,34410,38343,42600,39128,40074,40677
28019,"Choctaw, MS",14764,15728,16055,17369,19179,20145,20396,21899,23154,23366,24198,26089,26885,27887,28056,29471,31074,31569,32234,34018,37531,41609,40393,42400,43892
28021,"Claiborne, MS",16023,17295,18064,19051,19807,20912,21845,24271,25666,26819,28005,27757,28674,28875,28165,28466,28433,29743,30027,31384,34612,38901,37204,40195,42985
28023,"Clarke, MS",17969,18997,19592,19525,21274,23794,25554,27583,29183,28779,29818,30930,33281,35267,35725,34765,35008,35554,36963,37896,41676,43415,43748,46643,50092
28025,"Clay, MS",19693,20546,20605,21651,23988,25369,27511,28177,29236,28247,29866,31967,33629,33150,33336,32497,33719,35378,36375,39109,43176,48880,48544,51878,54186
28027,"Coahoma, MS",20252,21931,20735,22497,23431,24702,25311,26389,26444,28057,29023,31390,29588,32857,31435,31375,33492,34304,34915,37030,41212,46377,44761,48095,49673
28029,"Copiah, MS",17020,18782,19647,20491,21240,22505,23599,24790,26757,26847,27738,29080,29982,30366,30752,31389,31056,31812,32506,33549,36627,39824,39801,41805,44171
28031,"Covington, MS",17359,19048,19246,19888,22310,24089,24058,25602,28164,27579,27805,28042,29278,32226,33877,33010,32102,36041,37534,38304,39626,44577,47343,47626,52277
28033,"DeSoto, MS",26525,26947,27255,27703,28247,29707,30728,32292,33443,32124,32460,34013,35455,35683,36237,37709,38922,40301,41831,43856,47077,52231,52752,55084,57305
28035,"Forrest, MS",22358,23426,24645,24842,25992,27288,28561,29135,30331,30390,31684,32585,33952,33775,34731,35519,35586,36083,36843,36470,39968,44119,42940,45741,47943
28037,"Franklin, MS",15924,17337,18273,18662,20074,21301,22714,23752,25692,26616,28111,29295,30476,31126,31932,33072,32749,33090,33702,36160,38865,41162,40733,43034,46415
28039,"George, MS",19045,20007,20459,21409,22237,25134,25202,26179,28214,27974,28283,29034,30311,30516,31830,32012,31708,32195,33632,34191,37795,39915,39539,41084,42638
28041,"Greene, MS",14133,14556,14817,15415,16521,17480,18486,18872,20707,21054,22389,24003,24308,26107,26657,28488,28020,27806,27927,28619,31711,33544,33776,33657,35700
28043,"Grenada, MS",20445,22034,22780,23922,25544,26358,27652,28120,29395,28559,29769,31515,30919,30208,30602,31552,32508,33070,34135,35449,38810,43536,42253,44409,46619
28045,"Hancock, MS",21979,22488,22755,23282,24327,26821,29370,38890,33370,32860,33699,32094,32419,32231,33583,32932,33636,34472,35685,37898,40600,45161,45472,48269,50489
28047,"Harrison, MS",25607,25442,26151,27227,27116,28964,31320,34465,34095,34150,35081,34446,34649,34197,34608,34942,35576,36149,36689,38060,41712,46616,45764,48945,50986
28049,"Hinds, MS",25603,26645,27394,28169,28812,30503,32108,32561,35080,33198,34567,36972,36895,36652,37738,37866,37494,37363,38355,40117,44458,47720,48589,51876,54448
28051,"Holmes, MS",13645,15293,15164,17194,18979,19717,20282,22036,22564,23068,24406,25864,25609,26340,25601,25784,27083,27278,28023,29464,33006,37350,35336,38530,40609
28053,"Humphreys, MS",18372,20001,17564,20750,22946,21969,21735,23935,22462,23229,27181,29680,26620,30437,28573,27551,30252,31782,31938,34334,39298,44141,41242,44359,44425
28055,"Issaquena, MS",13027,18823,13161,18265,20265,24699,20675,28643,19012,21875,21672,24341,23842,30592,20060,14197,20427,18905,20570,25070,30411,36528,32815,35975,27264
28057,"Itawamba, MS",19840,20847,21769,22364,23557,24164,25375,26548,27434,26874,28150,29207,30585,30038,31038,31295,32149,33055,34592,35450,38912,41913,41029,42609,44473
28059,"Jackson, MS",23338,23912,24000,25168,25941,28650,29233,34324,34224,33799,34396,35085,34692,34571,34989,35213,35988,36472,37094,38526,41526,46091,45306,48268,50536
28061,"Jasper, MS",17212,18891,19449,20244,22171,24019,25004,26538,28798,28676,29555,29083,31973,33851,35659,35495,34266,37622,39275,41010,41544,45755,46777,46297,50873
28063,"Jefferson, MS",12518,14615,15155,16122,18050,20062,21125,22820,24922,25462,26648,28194,28317,30638,30290,30094,30699,31688,33411,33842,36852,39911,39403,42179,45002
28065,"Jefferson Davis, MS",15635,17029,17348,18061,19925,21188,21049,22671,25810,25096,24974,25350,25675,26587,26724,27202,27325,29155,29664,30029,33096,36962,37959,39439,42660
28067,"Jones, MS",21604,22850,23454,24367,25956,27431,28689,30201,32320,31844,32943,33539,34536,35225,37606,36790,35833,36982,37895,38860,40914,45029,47982,49007,51824
28069,"Kemper, MS",16885,18164,18165,18264,19064,19199,19242,19382,21356,22524,23054,24174,25961,28126,27375,27312,28905,28926,30623,31988,36075,38668,37198,39321,41684
28071,"Lafayette, MS",21993,22834,23655,24060,25877,28295,29631,30535,31432,30881,31089,32879,34155,33521,34804,36556,38396,39428,41174,42595,45806,48987,49141,52663,55457
28073,"Lamar, MS",21049,22768,23199,23553,24802,26010,28180,29627,30946,30928,31599,32863,34270,34802,36121,38043,37957,38945,39262,41279,43788,48568,49644,51784,54455
28075,"Lauderdale, MS",23114,23974,24877,25777,26630,27463,28987,29818,31677,30720,30933,31951,34402,34826,34946,35399,37034,37059,37893,40185,43854,47404,47206,50830,53272
28077,"Lawrence, MS",21146,21459,21080,21711,23385,24978,24827,25640,27640,27615,28345,27996,30285,32420,32791,32923,31698,34395,35950,36688,38232,43355,44844,46694,51006
28079,"Leake, MS",18446,19612,19304,19532,21401,21482,20217,20602,22721,22918,24068,23660,25649,28380,30867,30881,29584,33001,33595,34108,34821,40433,41853,41202,44888
28081,"Lee, MS",25745,26860,27722,27860,28772,29289,29901,31070,32165,31255,32390,34148,34868,35306,36612,37825,39277,40823,41691,44117,47124,52875,51917,53910,56315
28083,"Leflore, MS",18325,20239,20400,22338,23762,24852,25580,26844,26284,27105,28673,30605,32653,33357,31921,32145,33924,35282,36245,38184,42171,50067,48537,51813,52765
28085,"Lincoln, MS",20233,23062,22816,23558,25096,26645,27694,28783,30923,29551,30806,32039,33603,34080,34950,35416,35530,36706,37565,38938,41497,44626,45351,48015,50714
28087,"Lowndes, MS",22008,22826,23507,24139,25114,26723,28634,30241,31353,30514,31623,33563,35523,35253,34922,34992,35864,36659,37685,40193,43522,48117,48381,51188,54109
28089,"Madison, MS",32913,34591,35231,36503,39730,42447,45780,46637,51607,47717,49653,51671,54603,56053,57692,58316,59165,60435,61996,64546,68742,78010,80425,86326,90668
28091,"Marion, MS",17507,19710,20023,20373,21074,22376,22826,23580,24870,24680,25815,26101,27832,29448,29251,30356,29905,32406,37575,38098,39395,41338,40708,43187,46545
28093,"Marshall, MS",17760,18921,19159,19592,21463,22582,23495,24210,25367,24873,25497,27011,27826,28718,29209,30359,31128,32282,34260,36514,40234,45084,44114,46355,48141
28095,"Monroe, MS",19571,20709,20765,21547,23434,24366,24988,26220,26904,26394,27420,29326,30238,30635,31814,32531,32899,33972,35526,37179,40718,44679,43161,44737,46700
28097,"Montgomery, MS",18092,19000,19139,20332,21907,22719,23509,24677,26593,26441,27059,28659,28482,28688,29883,30835,31254,32434,33140,34575,38211,42578,41406,43513,45706
28099,"Neshoba, MS",21946,24374,25067,26483,28286,28974,28261,28741,30801,31270,32244,32351,34059,33605,33725,33433,33092,35219,35753,37848,40073,45296,46586,46850,49561
28101,"Newton, MS",19229,20494,21143,22231,23780,24388,24311,25719,27769,28179,28749,28957,30419,31872,33088,32529,32090,33549,34493,35404,36823,41806,40943,41769,44194
28103,"Noxubee, MS",16932,18778,18073,18971,20557,21142,21469,22814,23645,23520,25452,27449,28900,33541,30380,29773,30644,31432,31204,34506,37575,45141,42937,45638,47881
28105,"Oktibbeha, MS",19766,20581,21476,21843,23317,24428,25517,26256,27783,26697,27577,29128,29126,29423,30062,30435,31404,31798,33072,34014,36635,40122,39632,42361,44064
28107,"Panola, MS",17578,19406,19098,19827,20806,22267,23314,24683,25349,25258,26593,28375,29638,30836,30304,30800,31336,32234,33149,34268,38767,42621,41373,43189,45138
28109,"Pearl River, MS",18779,19967,20731,21741,22897,25027,26493,28361,30085,30228,31893,32847,32917,32656,33190,34177,34372,34977,35992,37931,39851,43804,43828,46595,49050
28111,"Perry, MS",15049,17086,17549,17880,19731,21892,23640,24627,25381,25738,25986,26674,27730,29049,29473,30434,30854,32252,33566,33310,35718,38044,37116,40720,43179
28113,"Pike, MS",18901,20206,20893,21463,22130,23607,24171,25011,27024,26267,27226,27389,28385,28707,29443,29475,29192,29465,29875,31357,34037,38237,36981,39771,42327
28115,"Pontotoc, MS",18795,19822,20759,21427,22730,23688,24193,24908,25898,25835,26742,29245,29627,29336,29695,31194,31941,32644,33750,35127,38575,43091,41885,42699,44345
28117,"Prentiss, MS",16892,18221,19239,19619,20494,21129,22163,23449,24734,24388,25418,26120,27139,26943,27836,28559,29039,29932,30256,32048,35310,38466,37799,39550,41034
28119,"Quitman, MS",15080,19804,16836,19066,20726,22107,21163,23474,23997,23315,24723,27519,24909,28705,26515,25804,28295,28745,30670,31711,35708,42854,41967,44692,42946
28121,"Rankin, MS",27055,27952,28184,29051,30581,32215,34318,35606,37332,36572,37068,38583,40046,40533,42324,42912,42820,43447,44069,45156,48246,53135,53768,56989,59953
28123,"Scott, MS",18064,19255,19136,19610,21616,22603,21708,22807,24522,25112,25764,25380,26124,27518,29315,29255,28706,30886,31322,31790,33271,38332,38390,39447,41946
28125,"Sharkey, MS",15965,19888,16566,20569,22649,23248,22273,26383,21762,22118,27177,29880,31576,36712,31038,29372,32707,35574,35548,36660,43490,53773,53591,58725,55707
28127,"Simpson, MS",18662,21130,21163,22141,25129,25575,25249,26970,28935,28871,29832,29747,32175,33783,35478,34894,34540,36776,37680,38502,40645,44998,46050,48139,51041
28129,"Smith, MS",20229,22608,22025,22788,25575,26171,23519,24291,26197,27040,28209,26549,29146,33079,35139,34135,32900,36838,38985,39700,40417,45415,48238,47768,52922
28131,"Stone, MS",19825,19813,21817,23539,25062,26639,25539,26694,27069,27665,27984,29445,29292,29795,30385,30177,30722,31141,33113,34480,36994,39502,39642,41889,43435
28133,"Sunflower, MS",16276,17189,16091,16985,18731,20065,20768,22591,22552,23390,24439,24879,26392,27274,26291,25995,27795,28679,28906,29601,33944,39130,37660,40658,41489
28135,"Tallahatchie, MS",15639,18455,16782,18972,20937,21377,20342,22020,22132,21804,21766,24418,26308,29225,26812,26398,29075,30519,30707,31869,35930,44424,43054,46476,50077
28137,"Tate, MS",21404,22191,22634,23445,24739,25516,26282,27193,28095,27985,27920,29418,30507,31324,31501,32342,33825,34317,35774,37984,41018,45129,44670,47273,48572
28139,"Tippah, MS",19556,20426,20577,21057,22326,22984,23428,24235,25448,25373,26405,28197,28876,28712,29349,30341,31099,34644,36451,37946,42464,44754,43075,46275,48157
28141,"Tishomingo, MS",18590,19422,20034,19861,20366,21153,22162,23370,24906,24838,25931,27008,28263,28427,29351,30467,31347,31797,34185,35865,39119,42080,42281,45640,47200
28143,"Tunica, MS",17167,21634,17889,20674,23327,23959,24066,26153,27418,27000,26951,28861,29188,32296,29887,28751,30929,31212,31051,33514,38879,43560,45810,47633,47310
28145,"Union, MS",20026,22126,22699,22413,22741,23131,23778,24979,25537,25332,25888,27919,29164,29563,29480,30351,31241,31934,32824,35262,38000,41802,41233,42402,44305
28147,"Walthall, MS",16336,17310,17138,17697,19974,21290,21127,21988,23672,23473,24728,25180,27471,29450,30055,30927,30140,32330,32330,33122,34872,38878,38107,39302,42077
28149,"Warren, MS",25620,27017,27945,29097,29480,30857,31433,32007,33850,32758,33414,35031,35550,35359,35575,36687,37705,38134,39720,40838,45004,49017,49373,51995,54294
28151,"Washington, MS",19043,19973,19929,21644,23633,24233,24927,27261,28573,28475,30042,31082,33123,33485,32620,32966,33892,34283,35358,36556,41188,46008,45448,48488,50860
28153,"Wayne, MS",17083,18472,18539,19330,21538,23250,23555,25134,27173,27146,28273,29195,31579,33180,35223,33268,31862,34546,35714,36961,38067,43196,45305,44754,48666
28155,"Webster, MS",18805,20443,19502,20905,23042,24550,25138,26698,27665,28760,29609,31214,31537,33283,31458,33878,35531,36598,36850,38763,41751,45333,44285,46813,48459
28157,"Wilkinson, MS",14807,16801,17202,17362,18773,19614,19982,21182,23043,23887,25100,26364,26845,26597,27014,27016,27234,28211,28837,30209,34201,37165,35463,39292,41354
28159,"Winston, MS",18632,18800,19499,20656,22354,23517,25016,26027,28388,25895,26749,27701,29271,30517,31978,31870,32377,34311,34934,36263,39087,43798,43394,46025,48812
28161,"Yalobusha, MS",18825,20437,20514,21141,22128,22534,23438,23970,25007,25159,27728,30337,31550,32359,32667,32997,33253,34223,35626,36946,40350,43121,41921,44188,45161
28163,"Yazoo, MS",17901,20320,19394,21312,22174,22449,22285,23501,23197,23860,24584,26836,26982,28888,27543,28335,28725,27886,28013,28715,33918,39568,38350,41569,45407
29001,"Adair, MO",20346,20900,20874,21095,22234,23109,24105,25410,26662,27935,27258,28319,28563,29256,29875,30911,31048,31112,31944,32991,35771,37967,37154,39985,41212
29003,"Andrew, MO",25861,25777,25511,25923,28230,28809,30413,33055,36155,36215,35407,37176,37552,38757,39536,39827,40690,41850,41600,44035,47463,50785,52012,54459,56586
29005,"Atchison, MO",25735,25877,24890,26933,30546,29309,30211,32596,39056,42598,41733,43744,42505,52174,49842,36614,41011,40516,36765,44630,49782,54117,56885,56844,53911
29007,"Audrain, MO",23067,23536,22961,23726,27422,26699,28046,30262,30821,31547,32492,33582,32986,34698,35739,37306,36962,36839,36312,37802,41256,43957,46011,48966,49041
29009,"Barry, MO",20745,21385,21860,22127,24341,25196,25788,27173,29186,28338,29285,29531,28827,30627,33087,35059,34356,34296,36418,36167,38730,42164,45003,45686,47374
29011,"Barton, MO",20001,21675,21505,22986,24864,24965,25387,26636,29474,30044,30369,31635,33090,34342,33892,32354,32727,34188,34410,35912,41082,42957,45706,47297,47739
29013,"Bates, MO",21640,22167,21280,22522,25217,25304,25931,27495,30406,30655,30399,31466,33425,35286,35302,34777,36180,38011,38374,40576,44772,47677,48561,52153,52804
29015,"Benton, MO",19517,20036,20239,20414,22388,22511,23688,24780,26549,27825,29026,29901,30374,31720,33152,34774,33893,35416,37274,39000,41104,43514,44220,46448,48570
29017,"Bollinger, MO",18572,18838,19447,20303,21832,22359,22554,23250,25242,25835,26253,27856,29602,29924,30481,31329,33361,34253,36018,37885,42326,45360,46190,48783,49617
29019,"Boone, MO",28061,29089,29485,30363,32037,32557,33791,34670,37107,38319,37622,38820,40473,41093,41861,43471,43868,45180,45888,48595,50822,54731,56139,59152,62123
29021,"Buchanan, MO",24635,25059,25942,26651,27870,28496,29794,30455,32206,31606,31663,33468,34852,35399,36085,36809,37115,38207,38801,40520,43834,46894,48876,52450,54306
29023,"Butler, MO",22762,23529,24039,26110,27067,27170,27250,28436,30431,30420,31150,31919,32724,32839,33718,33410,34149,34487,35165,36046,40797,43553,43274,46160,47775
29025,"Caldwell, MO",24919,24290,22370,22508,25576,25527,25679,26611,28596,28624,28176,30432,30095,31926,33734,33945,35281,36641,37852,39722,42727,45469,46050,47815,48766
29027,"Callaway, MO",21333,21942,22285,23603,25983,26331,27453,29272,30519,30877,31422,32168,32677,33519,34212,34732,35414,36868,37335,40067,43451,45573,46934,50433,52873
29029,"Camden, MO",25089,24914,25100,26097,27056,27992,29219,29591,30826,30061,29298,31272,32222,32732,34897,36644,37019,38881,39954,42005,46110,54805,50912,55024,58128
29031,"Cape Girardeau, MO",25766,26683,27623,28777,30414,31223,32654,34789,35211,34524,35028,36315,38485,38460,38778,40232,40911,41827,43317,43303,46318,48750,50393,53810,55279
29033,"Carroll, MO",22074,23547,23891,25575,29301,28883,31258,34827,38957,37176,34860,37962,38052,41465,44076,41366,44325,43280,42125,47121,50921,57188,60534,63184,62123
29035,"Carter, MO",18296,18829,20385,21638,23583,24074,24784,24720,26402,27474,27700,28241,29006,28288,29699,31714,32884,33621,34977,38801,42920,45954,47047,50248,52549
29037,"Cass, MO",26918,28327,28589,29600,30088,30561,32337,33943,35916,35541,36212,37409,38277,39214,40437,42094,44252,44930,46151,48531,51447,54467,56575,60278,62709
29039,"Cedar, MO",18037,18828,18865,19797,21406,21662,22798,24089,25667,26154,26524,26819,27110,27653,28858,29660,29146,29738,30872,31849,34568,36764,37091,40602,42259
29041,"Chariton, MO",23600,24205,23762,24965,27900,27452,28718,31786,35560,36858,35484,39439,37879,41543,42147,38118,39972,40689,40592,44204,48184,52174,52010,55950,55848
29043,"Christian, MO",23543,24011,24356,25198,26388,27358,28290,29295,30713,30513,30721,31815,33318,33787,35136,36747,38160,39165,40796,42582,45335,48738,49775,53327,56118
29045,"Clark, MO",20801,19788,20255,22063,23880,23331,24262,26415,28175,28693,27776,30613,32144,35753,35954,33580,36052,35926,34215,36855,41070,44006,44984,47130,46744
29047,"Clay, MO",30507,33971,34824,35737,34689,34623,35511,37543,39758,39716,39933,39935,40403,41584,43153,45289,45614,46374,47465,49112,52801,55861,56764,59761,62130
29049,"Clinton, MO",24428,25265,25230,25479,27510,27841,29015,30495,32796,33010,32694,35171,34298,36111,37961,37828,38952,39685,40434,42559,46099,48148,50283,52803,54672
29051,"Cole, MO",29181,30192,30531,31785,33084,33735,35709,36989,39219,38036,38233,39040,41123,41189,41549,42405,43132,44630,45259,48120,52279,55221,57022,61041,64594
29053,"Cooper, MO",21079,21468,21923,23067,25423,25181,26311,28258,30056,29369,30143,31380,31999,33104,34095,34399,35632,37238,38276,40153,45788,49987,51419,54403,55627
29055,"Crawford, MO",21181,22047,22098,22231,23293,24036,24202,24360,25412,26210,27525,28236,28845,29553,29914,32519,33901,34475,35958,36946,40005,43881,45008,48857,50563
29057,"Dade, MO",18917,19891,20009,22628,24744,24128,24354,25177,26977,26361,26283,26536,29880,31083,33498,31445,31389,31964,33640,35465,38248,41882,44419,46516,47998
29059,"Dallas, MO",19510,19492,20158,20794,22251,22876,22888,23120,24509,24066,25267,26031,27307,27490,29690,30471,31240,31688,32862,33939,36175,39178,40386,41984,44136
29061,"Daviess, MO",21633,21548,20787,21456,24396,24186,24723,26895,29147,29037,27912,30816,30166,31661,33026,29711,30563,30807,31357,33172,37010,38321,38603,41732,44071
29063,"DeKalb, MO",14644,15540,15502,16064,19344,19667,20542,22009,23161,23226,22980,25025,23456,24677,25067,24809,25614,26603,27570,33601,34379,35927,37993,45084,46449
29065,"Dent, MO",19632,19591,20105,20552,21822,22995,24087,24796,26035,26979,26820,27843,28576,28720,29805,31349,32118,33025,34537,35874,39720,41741,42323,45052,46477
29067,"Douglas, MO",16955,17471,17187,17976,19203,19870,20303,20783,21474,21441,21647,22980,23698,24347,25886,26964,27567,29131,30308,32296,35647,38173,37828,38843,40515
29069,"Dunklin, MO",19898,20858,21059,23763,25074,24834,26099,26971,29310,29144,30056,32329,30202,32554,31638,31864,32235,33124,34584,36223,38711,44047,44231,47286,50914
29071,"Franklin, MO",25793,27338,28044,28282,29794,30924,32722,34064,35567,34113,34320,35334,36173,36919,37887,39696,40798,42670,43816,45953,49005,52438,53473,56740,59071
29073,"Gasconade, MO",22610,23503,23428,24065,26392,26570,28034,29392,30638,30552,30946,31807,32610,33415,34264,35579,36020,37913,38791,40668,43897,46474,47193,50444,52392
29075,"Gentry, MO",22160,22958,22276,23531,25898,27102,28596,31086,32860,35198,34853,37057,37092,39726,41848,37977,37905,40374,42082,45825,49316,50982,48815,53063,54580
29077,"Greene, MO",25961,28209,29058,30481,31599,32631,33426,34211,35682,34152,34413,35169,36410,36104,37282,39348,39785,41628,43031,44825,47912,51452,52534,55372,58023
29079,"Grundy, MO",21137,22228,22572,22364,24393,24195,25472,27157,28849,29933,29884,30925,30579,31455,32762,31660,32273,33224,33250,34841,38795,41337,41142,44475,45161
29081,"Harrison, MO",20699,23089,23460,23994,27428,27700,28063,28535,29745,30890,31762,33662,31991,34375,34827,31907,33227,34238,35033,37198,41401,44013,44357,46833,46803
29083,"Henry, MO",22164,23591,23874,25465,26784,27747,28875,30648,32732,33549,33095,33177,34085,35779,37434,38526,38745,40472,40818,41637,45317,48761,49801,52809,55500
29085,"Hickory, MO",16744,17407,17567,17782,19088,18978,19650,20003,21046,21488,21954,22532,24593,25637,26757,29376,28761,30952,32464,33306,37227,39646,39707,42696,44968
29087,"Holt, MO",24679,27692,27627,27683,29441,29698,33764,36099,38633,37936,32086,36809,39862,46917,44044,38745,44374,45456,43681,49724,56859,58231,62460,65948,64008
29089,"Howard, MO",22411,23768,24072,24216,27437,27042,28022,30762,30511,30738,31026,32584,32423,34713,35602,34664,36974,37448,37953,40561,43988,48334,49728,52890,54398
29091,"Howell, MO",18803,20391,20732,21738,23447,24215,25609,25708,26515,26217,27062,27870,28511,28950,30433,31490,31399,32512,34014,35465,38419,40588,41224,44236,45995
29093,"Iron, MO",19083,19585,20179,20927,21750,22583,23390,25124,27065,25813,26186,27536,28519,28984,30550,32706,31878,32856,34300,35359,38398,41178,41775,44826,47085
29095,"Jackson, MO",29956,29149,29409,29869,30852,31926,33672,35300,36823,36476,36834,38770,38901,39128,40213,42105,42764,43881,45306,46208,49485,52656,54148,57870,60129
29097,"Jasper, MO",23449,24878,25337,25970,27103,26795,27837,28809,30395,30339,30402,32773,34596,33654,34719,36206,37115,37906,40073,39452,41172,43761,44934,47425,49427
29099,"Jefferson, MO",24801,25821,26614,27478,28225,29446,31068,32296,34328,33678,33167,34459,35377,36052,37270,38558,39612,40661,41985,43868,46287,50019,51770,54725,56907
29101,"Johnson, MO",20490,21307,22479,23201,24357,25017,25962,27032,28518,28276,29177,30200,30610,31060,32206,33627,34293,35477,36641,37349,39874,46886,44308,46611,48420
29103,"Knox, MO",20709,22678,21043,23289,27265,24329,26257,28284,30479,31881,29525,28239,32700,35161,35363,30230,31534,32999,33757,37756,41819,44259,45427,50066,48985
29105,"Laclede, MO",20046,21076,21876,23038,24576,24981,24656,25535,26166,26475,27164,28585,29401,29718,30946,31932,32179,34395,35490,35985,39116,42797,45246,47941,49529
29107,"Lafayette, MO",24703,25830,25323,25776,28576,28478,29166,31229,32961,32642,32520,33979,34282,36134,36710,36992,39386,40414,41413,42703,45999,49884,51664,54207,55390
29109,"Lawrence, MO",18823,20739,20749,21158,22293,22768,23482,24558,25812,25733,26638,27410,28451,29836,31395,32440,31862,33027,34088,34906,37118,40244,40725,42231,44004
29111,"Lewis, MO",18825,19385,19144,20916,23555,22799,23670,25688,27748,28144,27920,29476,30465,32967,32330,30201,29999,32332,33664,35117,38529,41382,42882,45101,46049
29113,"Lincoln, MO",22689,23487,24011,25233,26721,27715,28999,29926,31562,30926,31152,31592,32719,33325,34602,36162,37824,39283,40196,42361,44426,48676,49727,52323,54071
29115,"Linn, MO",21601,22315,22102,23344,25566,26120,27878,28941,30632,32149,31560,33128,33869,34450,35638,35621,35786,36833,37963,39496,43161,45856,45835,49844,50769
29117,"Livingston, MO",24562,24555,23815,23752,26407,25767,26371,27837,29138,29996,30050,32173,32935,34931,35401,35186,35717,36693,37194,39308,45725,48248,48922,51269,51635
29119,"McDonald, MO",18168,20213,19895,19913,21457,21583,21007,21316,22790,22038,22730,23211,23533,25194,26931,27961,26971,27850,28366,29005,31693,35470,38539,38574,41951
29121,"Macon, MO",21707,22895,23345,23483,25943,25982,27789,31133,33667,33637,31534,33822,33040,34781,35795,38167,40259,40196,40457,40928,44709,48240,52737,52000,52966
29123,"Madison, MO",17775,19343,20082,21150,22716,23830,24565,25486,27423,28057,28349,29735,30532,31754,32550,33399,33130,33492,34213,35903,39485,41099,42112,45133,46657
29125,"Maries, MO",19830,20662,20705,21507,22499,22808,23042,24470,25442,26169,26607,27833,28323,29920,30616,31424,31672,32372,33325,35964,39007,41499,41645,44794,47162
29127,"Marion, MO",22809,23804,24164,24908,26590,26764,28550,30310,32066,32667,33103,34474,35456,35933,36001,36222,37266,38420,39710,40935,44664,48078,49429,52659,54254
29129,"Mercer, MO",19514,18991,17214,18899,22599,23306,23829,24671,26545,27015,27639,28375,30355,31488,35731,28510,29676,31064,30891,32398,37282,39950,38457,42803,44616
29131,"Miller, MO",19015,20100,20175,21433,22410,22940,23304,24168,25557,25731,26805,28434,29924,30674,32643,33928,33888,34740,36416,37556,41165,43979,43750,47381,49799
29133,"Mississippi, MO",19189,20195,19745,22646,23569,22288,23127,24385,27433,26926,25632,27074,28308,30752,29771,27270,30246,30025,29991,32042,38069,41722,42421,43475,42983
29135,"Moniteau, MO",20867,21710,20845,21874,25038,24982,25733,27510,29633,28931,29960,29983,31126,30752,33465,34185,33450,34784,35560,38392,44196,45816,49210,51328,54284
29137,"Monroe, MO",22012,22228,21663,22751,26520,24550,27095,29210,31485,32313,33528,34641,33366,38055,37027,36342,38949,38812,38715,41119,44052,48314,49606,56061,54457
29139,"Montgomery, MO",22467,23241,23112,24067,25948,25182,26800,26977,28721,28204,30549,30541,31947,33484,34505,35325,37058,38814,39382,41791,45744,49856,50961,55662,56036
29141,"Morgan, MO",19039,21144,21910,22828,26441,26072,26646,27022,30333,30988,29952,32645,36293,34312,37017,38497,37919,39196,40213,40863,44846,46924,48093,50215,50957
29143,"New Madrid, MO",21008,21825,21690,24348,25013,25099,26181,27653,29620,28198,28786,31999,29204,34994,33618,30397,32793,33254,33543,37258,42271,49665,51905,52395,54259
29145,"Newton, MO",22454,23437,23401,23600,25488,26749,27614,28582,30996,30519,31402,33181,33902,34035,35065,36167,36066,37205,38178,39328,41787,45279,46883,48420,50200
29147,"Nodaway, MO",19859,20468,20148,21336,23763,23640,23655,25273,25995,27629,26568,27522,27516,29407,28856,27678,28907,29828,31226,33196,38225,40234,41801,44220,45161
29149,"Oregon, MO",16015,17510,17804,18378,19722,20538,20891,20783,21653,22099,22827,24616,26233,27055,28971,29610,29956,31840,34021,36412,40309,43571,43646,47065,48844
29151,"Osage, MO",23893,25118,25124,25688,28906,30937,30533,31616,33750,33156,34125,35437,34728,37451,41058,43079,41767,42634,44152,45562,48552,52616,53535,56775,59475
29153,"Ozark, MO",16479,18738,19426,19543,20592,20679,20581,21168,21957,22350,23791,25667,24009,26842,28396,28621,29403,29996,32288,33261,37363,40126,40581,42648,43798
29155,"Pemiscot, MO",19887,20860,21335,23411,23807,24263,25685,26770,29850,28835,28900,31971,30705,33466,32552,29549,31886,32028,33884,35979,40140,46589,47086,50448,53894
29157,"Perry, MO",22191,23246,23544,24464,25997,26440,27206,28237,29065,29407,30987,31843,34163,35000,36160,37177,37955,39906,41200,42169,45840,48621,49658,53317,55392
29159,"Pettis, MO",23380,23849,24237,24949,26212,26107,26490,28024,30151,30481,31219,32335,32205,33242,34255,35165,35316,35822,36454,37544,40494,43862,45366,47450,48930
29161,"Phelps, MO",22369,23461,24051,24811,26292,26402,26941,27418,28233,28962,29688,31222,31792,32490,33288,35017,35935,36857,38595,39189,42305,44127,44660,47434,49505
29163,"Pike, MO",19423,19653,19756,20644,22559,21786,23277,24248,26752,26290,27786,28635,28917,30222,31046,31126,32207,32724,33032,36748,39693,41514,42068,44692,45370
29165,"Platte, MO",33558,35785,35970,36086,37843,38375,40729,42896,46419,45874,45752,46996,48806,49114,51372,54042,54641,55981,56720,58079,60819,66352,68613,72430,75607
29167,"Polk, MO",17942,19268,19564,20040,21807,22987,23523,23931,25409,25081,25414,26634,28228,28966,30978,31634,31767,33234,34624,36041,38536,41836,43282,45382,47173
29169,"Pulaski, MO",24170,22942,24904,27186,28543,31170,33967,36073,39462,40287,39468,41255,39762,38515,37158,37712,37288,38396,38989,41021,43889,45379,44520,47787,50340
29171,"Putnam, MO",17392,17982,17277,18550,22115,21722,22702,24145,25905,26692,26828,29624,29741,32869,37776,33177,31570,32743,34260,36792,40498,43970,43490,49212,50694
29173,"Ralls, MO",23242,25317,24209,25839,30049,26950,29544,31132,32824,33063,33770,34720,34640,36051,35248,35359,36627,37313,37789,39772,44481,47237,47993,51925,51680
29175,"Randolph, MO",20529,21334,22558,23788,26760,27481,29179,28872,29153,29123,29714,30803,33110,33800,34754,35007,36280,37465,38164,38729,44129,48384,51557,54385,56731
29177,"Ray, MO",23868,24437,24563,24972,27635,28020,28525,30355,31745,31348,31846,33242,33865,35088,36576,38324,39730,40501,41262,42517,45241,48228,49062,51852,53809
29179,"Reynolds, MO",18552,19754,19914,19858,21125,21829,21608,22023,22789,24254,25352,27226,29692,29346,30158,31567,31249,32446,34027,35101,38386,41743,40471,42580,43576
29181,"Ripley, MO",16605,18153,19018,20046,21686,22432,22717,23401,24975,26122,26716,28119,29035,29993,30685,32367,32898,34464,35777,38086,42402,45371,45378,48032,50061
29183,"St. Charles, MO",30058,30826,31585,32746,34348,35760,38504,39435,41801,40160,40647,42695,44790,45606,46544,48417,49730,51078,53212,55296,58068,62849,64724,68985,71954
29185,"St. Clair, MO",17707,19582,19418,20272,22015,21764,22204,22689,24577,25310,25628,25863,26985,26967,28550,28180,28404,28955,29799,31284,34266,37364,37298,41139,40999
29186,"Ste. Genevieve, MO",22595,23341,23315,23996,25058,25697,27101,28965,31892,31767,31900,32981,35163,33053,34777,35222,35076,36781,39739,40815,44075,47276,47458,51169,54731
29187,"St. Francois, MO",20491,21078,21893,22863,23170,23378,24302,25471,26963,27122,27266,27951,28932,29124,30191,30950,31474,32343,33735,35044,38187,41478,42482,45638,47116
29189,"St. Louis, MO",40842,41409,42354,43739,45233,47273,50140,52100,54183,51067,53783,55064,60305,57450,60006,61583,64786,64835,69893,71946,78956,89911,93142,100798,104775
29195,"Saline, MO",23526,24170,24368,25396,27794,27284,28741,30104,32552,33019,32753,36815,35101,37991,37808,35215,36099,36155,35286,37435,41844,45325,48459,51323,51364
29197,"Schuyler, MO",18437,20970,20279,21456,21103,21058,21662,22726,24121,25363,26252,28754,27104,30672,31314,29325,29473,31371,32313,32847,37553,40649,41537,45521,47087
29199,"Scotland, MO",20456,20076,20250,22047,25246,24292,25820,28157,28903,30628,29611,31588,33679,36617,37932,31741,31470,32820,33174,36599,41865,47935,51388,55249,54845
29201,"Scott, MO",22777,23472,24168,25132,27657,27469,30324,31305,35768,32266,32954,34538,36228,36758,37724,36918,37817,38683,39812,41007,44708,49096,50224,53096,54217
29203,"Shannon, MO",16459,16881,17272,18034,19425,19776,19655,19275,19658,20831,21991,23684,25846,27524,28233,29330,30571,31583,33806,34982,39213,41567,40361,43684,45728
29205,"Shelby, MO",24269,23877,22049,24203,28069,24889,27679,30362,32293,33748,33676,36121,34891,38559,38302,34777,34937,36815,36531,38901,43803,49279,49852,53775,53410
29207,"Stoddard, MO",20661,21848,21947,24633,26387,27091,27881,29225,32316,30894,31454,35090,33619,36500,34808,34531,36200,36032,34805,37468,40200,45955,47260,48226,49889
29209,"Stone, MO",22626,21980,22075,22336,23544,24429,25210,26369,27385,27523,27423,27949,29456,31229,33638,34968,36757,38051,39696,41200,43788,47493,48675,52177,55320
29211,"Sullivan, MO",20448,19990,19021,19614,23029,25086,26278,28883,32052,32521,32838,35187,34819,37813,42264,34788,34696,36223,36676,39750,46007,46527,45030,51929,52864
29213,"Taney, MO",23287,23729,23644,24253,25041,25448,26625,28076,28251,28587,29599,30614,31438,31809,32967,33635,34541,34539,35807,37494,39819,44760,45663,49176,51959
29215,"Texas, MO",16783,18094,17895,18740,19744,20262,19969,20798,22025,22338,22807,24198,24880,25316,26229,26315,26060,27593,28535,30376,34556,36914,36817,39085,41160
29217,"Vernon, MO",21600,22006,21776,22859,24342,24251,24264,25463,28066,28471,29528,31012,32705,34711,36093,33795,33472,34820,34953,36110,40236,43204,44498,47876,48003
29219,"Warren, MO",23916,24579,24595,25147,27045,28086,29804,30956,32767,31559,31827,33246,34179,34992,35708,37475,39101,40188,42242,44490,46364,50234,51198,54295,56344
29221,"Washington, MO",16746,17334,17805,18284,19290,20050,20621,21755,22999,23360,23783,24979,26016,26194,26852,28399,28328,29258,30630,31947,34915,37641,37930,40396,42203
29223,"Wayne, MO",16662,17537,18113,18156,20349,20991,21431,22201,23847,24322,24399,25642,26271,26968,27531,29719,31157,31584,32947,35287,39431,42046,42075,45912,48370
29225,"Webster, MO",18307,19675,20078,20925,22764,23493,24620,25174,26369,26186,27100,28041,28966,29058,30656,30511,30931,31649,32675,34406,37297,41568,41862,44137,46598
29227,"Worth, MO",18970,20726,20414,21816,24842,24391,24486,24275,27409,30064,30593,31096,32973,35392,38230,34164,32918,32705,33381,37375,42184,42640,42741,48763,49216
29229,"Wright, MO",17032,18503,18333,18723,19804,20310,20615,21037,22144,22938,24458,26180,27481,28694,30203,30157,30077,30884,32058,32781,36199,39122,38778,40518,42813
29510,"St. Louis (Independent City), MO",25517,26437,27212,27458,28586,29217,31245,32636,35381,34702,35250,37157,37622,38889,38997,40817,41586,42978,45142,48128,51312,55078,59103,63640,66606
30001,"Beaverhead, MT",20985,22721,22839,24414,26018,27175,26767,29508,31230,31165,32085,35228,36372,37633,40509,42984,42553,42722,45027,48210,52986,58385,58781,60782,62086
30003,"Big Horn, MT",16290,16977,16849,19248,20360,21922,21222,22972,24499,23929,24576,25838,26226,25776,26254,27444,28126,28440,29616,31375,35785,36597,38252,39028,39918
30005,"Blaine, MT",16187,16907,15671,17516,20257,21330,19995,23036,24720,25607,26606,27813,27141,29006,27391,28089,26886,27531,28201,28807,32726,33896,38108,39071,37554
30007,"Broadwater, MT",19463,19789,20139,21356,23435,24258,24581,27734,33201,31253,31022,33110,31905,36083,36245,36448,37726,38408,40367,43859,47038,51025,52237,55626,57021
30009,"Carbon, MT",23513,24907,24905,26614,30504,31682,32617,33571,34841,33018,35201,38566,41888,41934,45364,47213,47878,49291,52501,55139,58323,64991,64832,69251,71349
30011,"Carter, MT",19189,22507,17528,21678,23512,27197,22141,29259,32746,27366,28814,32755,44611,44456,48477,47891,41559,35029,35735,35341,41780,40323,45694,45821,53344
30013,"Cascade, MT",24512,25591,26829,28044,29519,30794,33291,34856,36276,36725,38443,39305,40046,39188,40668,41792,42445,43977,45746,46852,50405,55094,57467,60281,63865
30015,"Chouteau, MT",19185,18611,20294,23381,24391,24656,23863,27708,32595,26947,29825,34244,34573,36259,31226,31949,30984,28802,36810,39095,45980,40174,56331,58059,51888
30017,"Custer, MT",21840,23557,23458,25935,26653,27754,29591,31804,33141,31663,35174,35861,38080,38928,40151,40840,39602,40970,42317,44677,47890,50371,53904,54808,58945
30019,"Daniels, MT",27421,26360,26595,27406,30988,30543,26130,36556,32238,37686,50667,42852,60654,55487,46800,46255,43528,47676,47491,48930,57301,59092,64957,60502,61349
30021,"Dawson, MT",20306,22212,22207,24016,23894,25920,27220,30040,33563,32044,34332,37240,41288,41144,44158,40838,38790,41865,45193,44577,46403,48854,51407,52932,55246
30023,"Deer Lodge, MT",20177,20663,21182,22814,23547,24090,25683,27278,28745,29241,30582,31453,32315,32675,34058,34906,35904,37070,37917,40155,43548,47191,48686,51695,53613
30025,"Fallon, MT",20763,24470,23046,25809,27287,33251,33592,37399,41405,41466,44598,47380,54965,54018,53586,49933,44197,45162,45623,46310,48427,50300,51584,55580,58363
30027,"Fergus, MT",21042,22779,22478,24239,25812,27350,28089,31808,33399,31696,33720,35263,37362,37151,36966,37429,38018,37886,40493,43847,45622,49148,53797,55542,56801
30029,"Flathead, MT",23990,25698,26176,27096,29105,30966,33809,35102,35499,33180,35491,36318,38669,39021,40872,43294,44658,46438,48113,50614,55536,62038,65526,69824,73843
30031,"Gallatin, MT",25246,23957,24550,27665,31697,34241,36978,38454,38433,36107,38038,40331,43096,43528,46470,48410,49202,52176,55019,59028,63954,75994,82724,89821,94573
30033,"Garfield, MT",18829,23257,19781,24513,24045,28296,22727,26172,27813,23987,30029,32836,35293,35200,34615,36972,32247,32189,36191,34870,42146,37574,51024,49833,45475
30035,"Glacier, MT",16486,17911,18452,19896,22589,24193,25780,26130,28672,28830,29569,30685,31091,30619,30659,30892,32039,31752,34097,37170,41132,41698,46291,49283,49371
30037,"Golden Valley, MT",18030,21065,18491,22127,23613,27021,27890,32215,40906,33142,36519,42804,46397,45639,47145,53739,49217,45485,48675,49825,56259,66875,55235,58882,59238
30039,"Granite, MT",19070,19601,20444,21988,22733,24115,25275,27330,30491,30151,32091,35067,38250,38350,38569,41092,40633,42128,43277,45885,51368,60857,52121,55090,58258
30041,"Hill, MT",22331,23216,24524,27914,29302,30737,31322,33156,35166,33953,35511,39452,40065,39326,38882,41400,40723,41906,45102,45677,49292,51856,54697,57151,57147
30043,"Jefferson, MT",24757,25057,25783,27227,28348,29809,31790,33951,36533,35653,38240,41095,42305,42179,43735,44801,45462,47600,48137,50793,53931,59338,60487,64809,68296
30045,"Judith Basin, MT",18312,19698,17497,19837,22735,24001,20713,25916,30784,29051,33314,37751,41981,39696,41451,47539,44727,41896,45668,47742,53003,47520,59808,59996,59113
30047,"Lake, MT",18755,19107,19751,20940,22508,23595,25402,27337,27877,27093,28609,29548,31300,30891,33576,34081,35058,37856,38590,39921,43428,47920,47405,50868,53778
30049,"Lewis and Clark, MT",25740,27312,28481,28917,30122,33327,36980,38537,39485,38073,40082,41339,42007,41579,43640,44148,45135,46895,47595,49967,53781,58746,59370,63782,67391
30051,"Liberty, MT",18963,17962,19582,22118,20478,23247,23466,26008,30613,29071,33363,36353,36942,44194,40244,43701,38130,37195,44266,55785,63030,57512,70344,76142,68039
30053,"Lincoln, MT",17745,18386,19232,20365,21082,21849,23984,25575,26751,26577,27538,28380,29212,29654,32178,33664,34043,35095,36828,38604,41954,45353,45741,47544,50196
30055,"McCone, MT",19939,20252,18127,22328,23560,24271,21068,26806,28879,26964,34717,30736,37795,43773,40100,38036,35938,36609,35366,37817,43573,53843,54422,50333,45628
30057,"Madison, MT",19665,23007,22747,24868,28303,30543,32894,34624,36433,35903,34569,39598,38538,40719,43245,44841,46247,50965,51751,65882,67956,79969,71901,76608,78911
30059,"Meagher, MT",19390,20282,20317,22068,24253,26942,26382,28161,30027,31413,33999,39298,38042,36781,38501,41013,37790,37471,41014,43490,47942,48903,54853,58603,60748
30061,"Mineral, MT",16995,19179,20219,21295,21922,22617,23939,26763,28565,28886,29022,30006,32349,32743,33859,35377,36441,38299,39178,41061,44159,47050,44674,48363,50972
30063,"Missoula, MT",24854,25126,26139,27560,29111,30175,32327,33759,35560,36041,34914,37102,39368,38979,41548,45442,45264,48579,50009,53150,57773,62444,64877,70381,74223
30065,"Musselshell, MT",15471,17931,18453,20098,21756,23636,24217,26472,29732,30709,32667,33498,36104,36172,38711,39527,37362,40630,42887,44222,47593,49892,49164,50175,52084
30067,"Park, MT",20807,23525,23871,25424,27429,28844,31045,32460,35565,33220,34735,38723,38889,38177,40614,42531,44052,46059,48155,50603,53432,61125,62777,68889,71155
30069,"Petroleum, MT",14684,16459,13032,18781,18584,21545,19360,23526,33960,31322,27446,35845,40921,46964,47213,43769,35447,29390,31214,34004,37448,32958,40588,40392,42202
30071,"Phillips, MT",18684,20274,19966,22655,25683,26019,25386,28743,30504,30175,31783,34702,36404,34372,32524,34127,33702,34651,37064,38652,42429,43957,46662,47013,46151
30073,"Pondera, MT",19866,20091,21326,22851,25636,27689,29044,30765,35981,34384,36522,40666,38529,39279,38860,38540,38953,38366,42446,49141,56394,54407,62256,68237,66020
30075,"Powder River, MT",17919,20512,17227,20481,20627,22439,19538,22582,22372,22609,26207,27689,31809,34548,35115,37236,33666,31397,31925,33564,40905,39134,45667,46368,51522
30077,"Powell, MT",17568,18995,19265,20648,21067,21335,22142,23006,24745,24416,26854,28410,30130,31595,34874,38323,38722,39013,40453,45042,50432,52857,49323,54914,56516
30079,"Prairie, MT",20310,24061,21348,25953,26454,30152,27040,32097,32040,29762,31462,34861,39272,39404,42850,46765,43974,44596,47042,46320,50762,50627,56547,57896,61586
30081,"Ravalli, MT",20304,21459,21995,23376,25241,26879,28684,30805,31775,31259,32545,34288,36354,36257,37949,39717,40927,43879,45143,49399,51960,58482,59678,65018,68354
30083,"Richland, MT",20737,23251,22814,25207,28443,31580,33915,37652,43920,40233,46669,54655,63681,66784,70857,60662,53130,53988,56995,59151,58840,61962,68197,72767,76508
30085,"Roosevelt, MT",18216,18429,19303,21164,22018,21819,21063,24806,27047,27679,30922,30733,35266,36334,34926,31417,31551,36059,37254,36529,39488,43206,44443,45402,46258
30087,"Rosebud, MT",21906,23768,23732,26359,27591,28980,29558,30390,32231,32401,34103,36046,37690,37836,40126,41933,42320,43897,45596,47377,51146,53513,54157,55367,58043
30089,"Sanders, MT",17181,17766,18760,19805,20529,21180,23374,24735,26345,25591,26558,27148,28068,28405,29778,31996,32283,33871,34720,36822,40807,44823,43437,47036,49189
30091,"Sheridan, MT",23613,23046,22940,27636,29333,28547,27625,36865,46632,46966,48981,49509,55091,54681,47089,43047,38760,43584,43714,46740,53307,56911,54548,54774,57210
30093,"Silver Bow, MT",23105,24166,25115,26176,28912,34325,39328,40965,45185,41720,43446,50639,51073,48280,46173,43897,44241,46391,46658,47941,50069,55218,57675,59722,62254
30095,"Stillwater, MT",26841,25774,25369,26730,27933,28840,29994,32191,35884,34350,36013,40664,43653,43839,47203,49146,50493,54197,56692,58617,62314,68566,65372,69569,71714
30097,"Sweet Grass, MT",19648,26765,25941,27153,29230,30553,32436,35591,36176,30793,32277,34832,37678,37154,40874,41920,41520,43974,45848,50734,53638,58451,57142,63589,66533
30099,"Teton, MT",20224,21713,22424,23998,27540,29617,30394,33221,36654,36193,36887,43905,44644,41468,40860,42963,41875,39221,45213,48223,52921,53123,59818,61599,60585
30101,"Toole, MT",20689,21284,22912,26000,26887,29074,29988,31372,36906,34378,36001,43517,44724,45444,41816,39991,40179,40529,47009,49443,55903,52689,61245,66589,63456
30103,"Treasure, MT",17239,17632,17241,19828,22716,25786,23557,31909,38825,41906,38888,45684,45526,51419,52439,48931,46947,40215,45175,51431,58045,48292,56895,60089,62413
30105,"Valley, MT",24003,25031,25443,28605,30368,30517,28666,31412,34173,31662,35290,36894,41965,44075,42243,41637,40739,44557,44183,45647,49716,59671,61484,60304,59938
30107,"Wheatland, MT",15779,17713,15690,17477,19809,22062,21761,22475,24960,22592,26727,32266,33561,34347,36373,37219,35429,33862,35900,39461,45108,49856,51843,54643,54956
30109,"Wibaux, MT",18430,21930,20010,23647,22892,25481,23705,28435,31571,30194,34304,36740,44016,39771,40354,39641,35404,37891,37032,41208,44485,50104,47904,47577,50865
30111,"Yellowstone, MT",26061,26915,27438,28710,30824,32645,34723,37236,39229,37980,39445,41583,44644,44298,46667,47383,47011,49240,51250,52393,55681,61882,65839,69792,72985
31001,"Adams, NE",25717,27348,27894,29517,29473,30973,31996,35124,36333,36125,36869,41094,43050,44098,45637,46254,45417,45333,47570,50114,53085,59441,63095,68176,69000
31003,"Antelope, NE",25171,25385,24558,29911,30646,31033,28618,34276,36036,36112,40479,53871,51419,57050,55302,54635,54469,48018,50582,58218,70681,77729,70558,75773,67936
31005,"Arthur, NE",17602,19929,22292,26492,26873,27077,27084,26392,26576,25548,28244,37909,25811,32441,56234,54529,45709,47220,44185,49704,54602,58303,54241,75024,71520
31007,"Banner, NE",19076,23762,22802,36043,32280,39877,29106,32480,38947,33770,44782,74456,57795,73161,84989,80948,81602,54647,55035,60666,65341,74295,72247,80999,69174
31009,"Blaine, NE",17196,28005,31617,34268,30771,32089,28414,32730,36208,33300,33375,53556,37210,46098,70091,68098,59127,55882,58675,60089,71409,64043,57931,82348,78081
31011,"Boone, NE",24629,27203,25719,30122,29957,32822,27179,31582,36090,37456,43086,59912,50204,57929,57908,55270,52679,44723,49472,58125,63833,77197,66367,82073,71845
31013,"Box Butte, NE",24847,24868,24759,27018,28099,30546,31506,33601,36912,34129,34877,41861,41997,42668,44644,44075,42884,45335,47463,49035,52654,57044,57033,59685,60772
31015,"Boyd, NE",20242,23100,21692,26651,25229,27508,26320,28621,32224,33247,38192,48194,41446,40392,46639,48797,47650,49531,52300,58322,61428,77933,78522,77355,72329
31017,"Brown, NE",21222,22011,22016,25276,25495,30280,27899,29177,30362,30593,35470,44625,44187,51059,62433,64281,62900,50627,51049,58115,65790,68310,61177,72396,66288
31019,"Buffalo, NE",24199,26212,26830,28977,29866,30670,31850,34578,38718,39599,38150,42458,48088,43958,46650,49594,49204,50512,54680,55453,61416,77875,68468,73290,72681
31021,"Burt, NE",24879,25825,25554,28567,28341,28960,28925,32374,34786,36220,37054,43815,41563,44832,43281,45812,42762,42657,43462,47300,50952,58780,55047,61966,61483
31023,"Butler, NE",24501,25658,23904,27214,29422,28784,27797,33523,36573,35861,36855,45200,41593,44737,43535,46039,41666,42796,45146,49070,53515,63711,66507,71379,70817
31025,"Cass, NE",28873,30391,30813,32143,34070,34226,34485,36171,38934,39471,39249,43677,42245,43933,43253,45643,46555,48298,50352,52919,56807,63252,63577,66753,68296
31027,"Cedar, NE",24909,25812,24410,28110,29874,30317,27530,32243,34431,34232,39591,51825,45594,45570,44678,46484,44897,44657,48213,51074,56831,69144,65141,72187,66441
31029,"Chase, NE",27208,28391,27135,31766,31016,32905,30084,36086,38838,31228,39760,45748,60628,65812,61421,61348,66169,54407,52428,59803,70943,74955,73936,80701,75006
31031,"Cherry, NE",22390,23648,24693,29085,28547,29149,28262,28477,30922,30267,33266,41198,40565,42128,57005,51610,44958,44213,44328,47161,54389,57997,56904,68490,68685
31033,"Cheyenne, NE",25928,27740,27417,31538,31680,32732,34463,38381,40429,38792,40452,45497,46142,48568,48835,48069,46132,46894,46593,48167,49614,54364,51118,53843,55224
31035,"Clay, NE",27277,27513,26313,30945,30337,31716,28775,33103,38043,36214,38421,48983,46870,54822,51319,51160,50422,47359,48508,53417,58850,68768,63435,70224,66993
31037,"Colfax, NE",25615,27226,26344,28358,27703,28760,29526,31691,32537,31729,32943,38336,36347,39094,38556,39983,40811,40071,41408,44108,50180,58522,56331,59093,57157
31039,"Cuming, NE",31072,31739,30712,35164,33479,37741,36074,39656,40074,41291,48180,61146,53103,64411,70437,75922,72656,59030,56541,65568,74897,78069,74820,89052,80462
31041,"Custer, NE",23051,25162,24249,27834,26147,27704,26988,30868,33684,33814,36875,45156,42895,50051,53523,55088,51165,44389,45667,49462,57341,62109,58600,66465,63791
31043,"Dakota, NE",21617,22177,22460,23391,23186,23986,24830,26600,29010,28619,29642,31068,31007,32078,34573,37208,36730,37224,38861,40759,42760,50131,58561,63657,63590
31045,"Dawes, NE",19934,20879,21267,22645,22655,23913,24502,24665,26135,26230,27945,31391,32453,33035,37157,36042,35586,36032,37567,38974,44392,48376,46199,50492,53452
31047,"Dawson, NE",23440,23528,23613,25611,24602,26336,26511,28910,29080,29167,30354,34923,36612,39357,41158,42856,42230,40358,41064,44297,48871,53289,51698,54506,55197
31049,"Deuel, NE",23300,25594,25711,29097,27006,27565,27626,31875,34599,32583,31723,40205,35359,41023,43110,47542,45625,41676,39767,39959,44119,48500,47152,47696,46222
31051,"Dixon, NE",23813,24064,24020,25495,26242,27371,25551,27889,30954,31756,34796,37127,35852,40186,39832,40387,40387,38094,40327,45330,50722,58745,57884,63190,60465
31053,"Dodge, NE",26118,27660,28382,29578,30166,30701,32430,33870,35734,35494,36452,39910,39400,40618,40922,44473,42602,43853,45123,47397,50513,57160,61682,61721,62469
31055,"Douglas, NE",35871,36967,37734,38678,40894,41481,44418,46462,47940,46295,49643,54442,56001,51521,56817,57903,56498,58720,60910,61953,64171,70198,76692,83278,85842
31057,"Dundy, NE",27146,32069,29698,35558,33002,36645,35954,44799,50590,47431,54640,66453,62378,72685,77747,77891,73332,59910,63645,70963,86686,93363,98270,108914,98564
31059,"Fillmore, NE",29484,32032,30704,34735,35184,35757,33774,42953,46642,43651,44948,58828,58290,63773,55293,57879,51843,52592,53768,56805,61796,70823,74906,81528,79223
31061,"Franklin, NE",23482,25544,23077,29511,29942,30126,27797,34153,39191,36843,35123,44470,46391,52205,48421,49006,45636,45104,47006,53009,60791,75736,61519,70707,64303
31063,"Frontier, NE",22444,26792,22152,30049,26979,29620,25217,30771,35060,36466,38237,51351,45414,49906,45714,44051,37305,38639,38846,40013,46941,58941,55913,59765,48453
31065,"Furnas, NE",23717,27366,23582,30021,28609,29818,26507,33483,39680,37854,40686,52303,44411,52011,49043,44910,41133,41497,42096,46260,50735,61496,61182,67772,57331
31067,"Gage, NE",26594,28627,28081,30346,31939,32414,33976,35935,39814,39141,39090,43122,41691,43109,44238,46119,42864,43870,46298,48612,51274,61495,75117,80390,80959
31069,"Garden, NE",22018,25515,26089,31431,30322,32655,31595,38882,43503,37322,35620,50916,42111,46407,51770,47563,45678,44673,42272,47673,51059,56351,58047,64470,62150
31071,"Garfield, NE",25933,26620,25870,28126,26792,27656,25806,27837,29493,30317,31732,43236,38841,40434,47179,48105,44973,42173,41666,46432,51220,55538,50941,61236,60716
31073,"Gosper, NE",24640,27853,23719,29448,29686,32030,30005,35808,41042,42929,41548,53755,50218,61129,53998,51926,44778,43570,47772,51491,60277,70105,68478,73516,69420
31075,"Grant, NE",17144,18739,20372,23733,24806,27253,24742,24462,27827,29675,33415,40635,36241,40657,60374,59150,52327,46083,42476,49388,54065,58738,49525,60335,61485
31077,"Greeley, NE",21898,24414,22044,25648,25180,27216,22242,26462,27292,29725,30072,40254,41042,49443,47614,54760,49874,46205,48732,52865,60231,72099,65708,77995,74981
31079,"Hall, NE",25642,27250,27939,29218,29149,30039,31145,33318,35254,33770,34090,36212,37044,36927,37539,39175,39281,40494,41684,43087,46741,53297,55627,59476,61566
31081,"Hamilton, NE",24426,26069,25975,29074,31372,32332,31828,37648,41535,40865,40308,48961,53245,54807,51608,53603,51699,52642,51774,53152,60755,68123,68050,74744,72727
31083,"Harlan, NE",22493,23169,21235,25743,26020,27082,25724,31499,37730,39100,39537,50766,46433,56320,53761,56032,50481,46498,50924,57401,62841,68474,65239,77568,73374
31085,"Hayes, NE",16631,21824,17718,26155,25160,33760,30113,41170,52312,43728,50459,67659,63982,80271,85296,83137,80532,55828,58111,71084,92410,91745,82479,93670,72707
31087,"Hitchcock, NE",18891,23018,21229,25227,23708,27484,25062,30471,32114,32566,34594,42780,41253,45305,42866,41212,38230,38529,39020,42114,48592,62542,64427,66601,59521
31089,"Holt, NE",23460,23391,23817,28279,29575,29895,28920,33955,36488,35036,37531,48977,50056,55392,56818,57797,51841,50772,49971,52500,59234,69434,64258,69612,67010
31091,"Hooker, NE",19173,23980,26268,27560,25952,25652,26559,28074,28044,29533,32470,36177,34698,34449,44095,44363,44149,39709,44833,45319,46448,46859,46987,53202,52245
31093,"Howard, NE",22705,24838,24351,27306,26190,28805,27480,30893,34087,33445,35133,41003,39696,42759,43114,45373,44934,42039,42698,47405,52556,58035,56871,61836,60107
31095,"Jefferson, NE",24056,27613,26455,28814,30044,29929,30025,33586,36800,35429,36643,43136,40747,44111,44003,44293,43802,43908,45347,47798,49412,58048,55716,61313,60466
31097,"Johnson, NE",22538,25495,23332,26631,25957,24426,24442,27212,30012,31258,31514,33630,32117,32501,31906,31813,30896,30667,31958,35188,37696,43938,44202,45923,45756
31099,"Kearney, NE",27446,27922,28132,32658,34016,37207,46335,53465,50921,46634,44674,56640,56251,71885,83608,94420,63653,51652,51400,57604,61143,73180,77335,104766,99676
31101,"Keith, NE",22493,23838,23907,26370,26875,27165,27297,30895,34100,33248,33741,39306,40991,42472,42396,43165,42870,41436,44154,45056,50177,55770,55396,59649,59533
31103,"Keya Paha, NE",17535,19719,19730,24564,24146,28069,23029,26540,27633,26374,31938,51462,55527,65197,80448,70975,56660,47545,46060,53331,67238,68087,58816,66863,64926
31105,"Kimball, NE",24011,25290,24001,29010,29215,31357,32811,37345,39919,34803,38309,48651,53964,47195,46936,43088,41862,45139,45143,45272,51302,56558,61386,63366,64056
31107,"Knox, NE",21632,23658,22483,26564,27001,28278,26292,29880,31138,32824,36251,45030,40312,40276,43077,43354,41925,44016,44262,47536,53400,60272,62275,65741,64815
31109,"Lancaster, NE",30721,31069,32045,32799,33739,34510,36018,37469,38884,37895,38732,40273,41953,41506,42675,44475,44771,46507,48483,50392,53475,59552,61748,65394,68273
31111,"Lincoln, NE",25116,26769,27756,29924,30177,31598,31815,35061,36367,35563,37544,42035,44251,44793,48755,50137,47299,46055,47272,49355,53041,62213,66615,72485,71847
31113,"Logan, NE",20900,27873,26391,31611,30668,31519,27073,30565,35001,32706,35304,49786,43944,46713,58385,54028,47771,44720,50823,50180,54607,58523,57567,68222,63269
31115,"Loup, NE",11189,15176,16674,22465,25259,27879,23869,25146,28038,23259,31088,36269,40799,46416,66750,60629,54285,53829,56088,57559,62615,65988,60141,77313,75431
31117,"McPherson, NE",13570,16873,19521,24139,24228,26879,24600,21486,21625,23503,29067,42079,40463,40447,68866,61323,50380,49210,44821,52125,69343,69563,63324,87037,74524
31119,"Madison, NE",24680,26757,27370,29048,29591,30504,31088,34058,36985,35455,36992,40010,41297,41206,42457,43772,43878,45625,47866,50688,53284,61186,63613,66139,68225
31121,"Merrick, NE",22555,23823,23173,25299,26665,28293,30869,34242,34165,34528,37183,44740,43910,46726,48001,52035,47732,45305,43179,48288,52448,58360,59465,65538,64908
31123,"Morrill, NE",20143,22912,23696,28558,28591,33234,34506,38217,40092,34799,38353,50498,46723,51844,57454,58778,56808,52980,53118,57995,66021,70937,69938,83573,79808
31125,"Nance, NE",21706,23797,22449,26782,28897,30022,27465,32033,35137,33847,35795,44899,37404,40549,38453,36192,35012,35811,36741,40287,44752,56064,51536,62542,53804
31127,"Nemaha, NE",28758,31097,27795,32786,37039,33110,31831,35005,38278,40560,38832,45598,43785,43749,40759,42292,42785,44481,45694,48079,49829,58964,57582,60157,59994
31129,"Nuckolls, NE",22588,26423,23554,28428,28390,28224,26351,31651,36202,35109,34780,47198,44653,50769,46711,46585,44712,46282,49699,52855,57971,70146,65936,82826,73365
31131,"Otoe, NE",24961,27208,26429,28753,31297,30804,31008,33028,36717,39167,38174,43914,45249,43452,42421,44893,45565,48593,52242,54776,55354,61008,58605,61962,62582
31133,"Pawnee, NE",23978,25627,21288,27567,30559,29490,28258,31560,37565,34177,34013,43923,37927,40458,38454,39015,36628,39491,43040,45316,51928,61529,57953,63977,55154
31135,"Perkins, NE",26140,30169,24928,34892,30397,30466,25489,36882,47568,40111,40459,62958,63993,73241,57805,53701,54080,53600,53550,64614,74066,92415,100398,92102,82462
31137,"Phelps, NE",28652,30391,30016,33527,32166,34327,33009,37033,40176,39863,43198,50868,51092,59009,59634,60450,56213,48871,50042,54621,60858,67078,62739,71915,71624
31139,"Pierce, NE",22863,26129,24546,28199,31369,31868,35285,39713,37604,34253,38050,46561,45305,48983,53714,61285,51177,50629,50581,55379,60067,76058,97775,121906,112729
31141,"Platte, NE",25216,26046,26508,27977,29134,29752,30988,34979,36094,35416,37181,41608,41145,42433,43632,44250,43940,43111,44715,48246,51189,57853,57632,61643,61482
31143,"Polk, NE",25066,27277,25419,29636,30693,32766,32440,39881,40306,41494,41038,50713,48678,55265,53682,56771,51082,49148,49967,54115,57553,69482,68326,77213,74391
31145,"Red Willow, NE",23649,24974,24750,26405,26645,28853,29052,33349,37204,36160,37306,41256,43061,43183,45455,44951,43306,42192,43768,46314,50616,55494,55669,60724,60087
31147,"Richardson, NE",24154,26318,25052,27937,30666,30438,30570,32635,35826,36170,35453,43414,39811,42903,42663,43855,43149,44970,46755,48997,53144,60883,58060,61146,61085
31149,"Rock, NE",20258,24089,24860,29191,27696,28814,27008,29430,30662,29637,38983,53702,52445,54781,70690,66630,62115,51030,60825,64785,75596,80414,79266,96058,92199
31151,"Saline, NE",22788,24776,24309,26265,27625,27986,27847,30460,33434,32701,32882,38103,37262,38937,36789,38872,38591,39192,40786,42500,43993,52452,51818,55927,55745
31153,"Sarpy, NE",28595,29543,30683,31292,33316,34694,36528,37866,40534,40122,40493,41853,42831,43239,44207,46291,46947,48042,50199,51758,54590,60133,62831,65568,67847
31155,"Saunders, NE",26381,27757,27458,28616,31157,31609,31897,34083,37501,37681,37371,42520,41897,44171,43767,46324,46832,48350,50100,53272,56872,64849,66647,71124,71982
31157,"Scotts Bluff, NE",24582,25970,26441,27404,27856,28288,29718,31164,33564,33226,33596,36444,38255,38835,40869,42416,42025,41924,43396,45638,49526,52422,53047,57550,60200
31159,"Seward, NE",26404,27835,27711,29773,30717,31350,31791,35475,37842,37595,38026,42344,43599,44326,44614,45619,45377,46703,48461,50772,54758,61192,63143,67784,68884
31161,"Sheridan, NE",22412,24327,24835,28841,27388,30024,29132,31091,34944,33519,35020,42094,42279,43743,48907,47717,43901,44445,45670,49538,56819,65184,63884,68074,69010
31163,"Sherman, NE",19357,22325,21495,27499,26847,28520,26248,32314,33241,32670,31930,39733,41930,47152,47284,46917,42780,39567,40872,45128,49598,60941,56897,65576,58718
31165,"Sioux, NE",16715,20582,21067,24199,24271,25435,23869,26138,29351,27509,33592,52226,48824,54861,71363,70217,62359,52241,54399,60092,67544,76131,72670,85551,85546
31167,"Stanton, NE",22387,23750,22435,24616,26954,27785,26622,29516,31768,33418,35134,43728,37113,37665,36085,41620,40734,40544,43218,47058,52920,62004,60802,66676,62006
31169,"Thayer, NE",24725,27834,26645,30491,31039,31053,30709,36124,42613,39802,40543,52959,54287,58618,51118,53085,50967,49165,49898,52719,59832,69471,63642,72646,70092
31171,"Thomas, NE",19633,23933,26676,28576,28560,28778,30297,32805,36239,40162,41851,50865,44263,44881,62810,62387,55406,50159,56634,55876,60359,63434,66063,66330,71703
31173,"Thurston, NE",19058,22377,22140,26008,26972,27496,26833,30103,33904,35206,36583,45289,38863,40535,38190,39832,37050,36070,36971,41662,48803,57635,57161,67704,59883
31175,"Valley, NE",22189,25126,24966,28656,28352,29882,29180,33653,35060,33794,34715,42973,41033,45856,49078,51292,49477,45608,47708,52095,59932,66334,66480,75997,71405
31177,"Washington, NE",30355,30874,31373,32610,34471,35414,37222,39133,41988,42604,43240,47622,48990,48705,49102,52121,51264,53145,54098,56645,60923,69139,69410,73480,75612
31179,"Wayne, NE",21270,23230,22490,25302,27041,27190,25684,29744,32283,31922,35372,42303,37092,36751,35574,37531,37393,40072,40945,43124,46460,52500,53942,58273,55210
31181,"Webster, NE",23614,25893,24733,28064,26986,29091,27783,30750,35541,35238,35253,42795,41713,49159,51324,56993,54608,43408,44524,52139,57155,58756,57695,68186,62936
31183,"Wheeler, NE",31963,31880,32033,38742,33039,44129,35025,32263,38077,39538,47533,67295,64787,81736,106072,114595,95435,59480,55330,76462,73818,66531,58235,78064,63688
31185,"York, NE",26859,26114,25975,28340,31023,31787,31141,35730,39454,39876,40396,45846,48375,49365,45814,46538,44497,43834,46071,48619,53941,61303,63649,67691,66019
32001,"Churchill, NV",25999,24800,25717,27325,29277,30672,31061,31530,32577,31579,33673,35602,35754,36389,37985,39223,40730,43436,44394,45507,50064,55326,54307,57105,59901
32003,"Clark, NV",31007,31782,31732,32577,34612,37684,39172,39671,38255,34929,35709,37041,38947,38510,40425,42871,43663,45586,47497,50433,52642,58410,60318,64058,66952
32005,"Douglas, NV",41292,41851,41009,43216,47660,51360,54410,55094,52263,49653,50834,52196,54747,54634,56869,63812,63703,68966,71233,75797,83961,94792,95736,104084,109486
32007,"Elko, NV",27223,25416,25995,27461,30120,31196,33333,36008,38039,37238,40257,42567,42348,41484,41336,41631,41902,43702,45844,47275,50354,53878,54281,56431,58930
32009,"Esmeralda, NV",24445,26294,26846,28728,29833,28632,29231,28677,32888,33277,38659,43113,47249,46940,51628,47073,46987,46654,44752,50142,48447,66977,61587,66521,64756
32011,"Eureka, NV",26373,23239,21728,23763,27478,27728,29213,32442,34582,32180,31814,38547,38124,36296,38612,35206,36117,39851,41660,47799,47239,49318,52975,51287,52387
32013,"Humboldt, NV",26627,22410,22818,24368,26960,29449,32098,33412,35285,37714,40946,43416,42533,42241,42585,43581,42829,44510,45159,47618,51008,54116,54497,57736,60358
32015,"Lander, NV",28731,30001,30374,31107,32020,34566,36936,40490,39971,42324,45314,48289,49128,51454,53203,55418,55661,59833,63769,66774,68695,73716,77587,79216,83490
32017,"Lincoln, NV",19101,20261,21015,21072,21769,21554,22627,23790,24807,25057,27157,29796,29542,30888,33288,35743,37118,39338,41109,45477,49227,53230,50600,51983,57373
32019,"Lyon, NV",23474,24277,24001,25010,26161,27965,27938,28960,29255,28932,28436,29816,30215,30810,32414,33599,35275,37134,38406,40114,43717,46852,48049,49787,52262
32021,"Mineral, NV",25607,25283,26565,27518,27681,28165,28818,31011,37583,38515,40683,37967,32869,32633,34164,34750,36445,36520,37244,41487,47179,48816,46144,48390,51143
32023,"Nye, NV",24335,23245,23857,25528,27354,28751,29633,30659,31325,31167,32885,31473,30456,31235,32468,33991,34041,34998,35871,37309,39575,43070,42256,44702,47861
32027,"Pershing, NV",18651,16801,16406,17938,19038,19294,19687,21470,22623,22030,23347,25955,26491,26493,29595,30565,30090,31991,31683,32804,37042,41823,41021,43068,45906
32029,"Storey, NV",28612,34961,35914,38056,39541,37597,40560,43464,38294,36724,38778,37799,38936,39357,41854,44426,46673,54624,59562,60413,68052,78480,75481,76881,83495
32031,"Washoe, NV",37575,39587,38670,39678,41854,43718,45031,44838,43164,41290,43600,45214,43314,43136,44878,49052,50920,54664,59253,60974,65043,75178,77095,82677,86639
32033,"White Pine, NV",28099,27718,27968,28766,31592,32204,32562,33718,34154,35550,38391,38429,37620,37264,38193,40514,40187,43268,45778,48701,53590,59228,58444,63637,68891
32510,"Carson City (Independent City), NV",33144,23409,20116,21137,21018,24421,30220,28971,29552,41039,44491,42720,41963,40792,41059,43171,42960,45721,48000,49979,55782,59568,60087,64323,68076
33001,"Belknap, NH",31640,34283,34415,34713,36475,37300,39571,41564,43128,42780,44004,46372,48494,49586,50618,53319,54617,56474,59136,63310,67901,71669,75822,81178,85305
33003,"Carroll, NH",32900,35733,36377,35759,37198,37787,38842,39544,41231,41431,42525,44984,46713,48167,48988,51585,53598,56222,57672,61905,66158,70683,74382,80790,85364
33005,"Cheshire, NH",29831,29646,30472,30659,32240,33556,36578,37495,39708,39435,40440,42380,43488,43192,44907,47272,47939,49245,51223,52996,57538,65581,64297,67074,70499
33007,"Coos, NH",27118,26955,27386,28588,29862,29917,30396,31579,33425,33936,34655,35611,36473,36473,36621,38833,39664,41776,43303,44741,49269,52997,53286,56900,60657
33009,"Grafton, NH",33048,35346,35806,36708,38350,39529,41524,42543,43546,43142,45573,46781,48706,48222,51347,54435,55233,56594,59949,64707,68542,74881,75311,81761,85873
33011,"Hillsborough, NH",38477,38097,38047,38863,41092,41833,44438,46560,48094,46619,47526,49846,51611,51043,52499,54056,55444,57356,59738,62665,65926,74854,73025,76773,80473
33013,"Merrimack, NH",32449,41282,41660,39900,41128,42425,47245,47331,47919,49710,53970,53588,53600,51522,51113,51122,53260,54721,56412,59617,63598,67164,70176,74339,78153
33015,"Rockingham, NH",40395,40425,40598,41297,43779,45410,47717,49781,50607,49473,52422,55954,58396,58322,60767,64361,66210,70014,73024,78268,81434,87843,92375,95714,100216
33017,"Strafford, NH",28377,30345,30546,31191,32744,33749,34836,36271,38058,37395,38355,39948,40977,41465,43099,45456,46662,48190,50384,53443,57052,60678,63101,65990,69278
33019,"Sullivan, NH",28789,30377,31135,31284,33356,34336,35713,37022,37888,38152,38832,41027,42597,43194,45436,46468,48482,49650,52500,54713,58636,63999,64626,69046,72612
34001,"Atlantic, NJ",31664,29156,29844,30521,31972,33365,36359,38012,39139,38121,38607,40093,40619,41058,41915,42533,43138,44387,46186,49154,54581,57731,57121,60254,63187
34003,"Bergen, NJ",51872,51968,51923,51523,55065,56893,62054,66125,66634,63872,65576,68198,70828,70002,71942,75016,76367,78611,82731,86871,88271,94761,96082,102137,106211
34005,"Burlington, NJ",35803,36598,37396,38596,40071,41272,43846,45723,47844,47682,48358,49763,50431,50851,52406,54435,55904,57297,59148,61572,65023,69787,70909,74874,78221
34007,"Camden, NJ",30303,31722,32626,34052,34888,35956,38048,39453,40918,40740,41410,42968,43390,43738,45291,46821,48405,49884,51612,53425,56738,61294,61925,65062,67784
34009,"Cape May, NJ",33202,35330,36552,36984,39170,40392,41427,42392,42795,42460,44555,45885,47076,47769,49396,51267,52828,55496,58051,62184,68033,73556,73354,78224,82400
34011,"Cumberland, NJ",23871,25148,26376,27018,27468,28030,29254,30139,31543,32216,33052,33757,33269,33293,34111,35298,35756,36939,37800,40050,43930,48461,47627,49275,50843
34013,"Essex, NJ",38656,39717,39093,40136,42230,43780,47231,50131,51210,50020,50696,52315,52417,52735,54609,56281,57228,58707,59322,63077,67422,74978,76010,79818,82871
34015,"Gloucester, NJ",28590,30366,31503,32356,34395,35824,37837,39324,41596,41574,42186,43411,44597,45294,46511,48514,49487,51155,53038,55325,58629,62491,62599,65526,68394
34017,"Hudson, NJ",29804,30717,31235,31169,32395,34476,37635,41486,44165,41852,43665,44190,45354,45868,48864,51871,53243,56577,60588,64149,64928,73293,75554,79908,82814
34019,"Hunterdon, NJ",53363,58127,59190,61439,62735,62306,66819,69311,71292,68814,69990,71875,74462,74050,77027,78653,81056,82332,85139,89668,91908,98549,99661,105298,109998
34021,"Mercer, NJ",41069,44762,45930,46896,47225,48101,51283,53913,55540,52156,52827,55527,57687,56206,59629,60296,61387,62910,65618,69532,71627,77884,79930,83763,87068
34023,"Middlesex, NJ",37278,37984,37839,38298,39511,40336,43046,45584,47317,45473,46816,50060,52107,50381,51502,52794,53999,55528,57997,60933,64380,70150,70918,74449,77293
34025,"Monmouth, NJ",43818,46169,46288,47138,49771,51856,55762,59304,60277,57123,57635,60319,62324,62826,65644,68487,70493,73117,76307,81569,84729,91265,94479,100491,104887
34027,"Morris, NJ",55593,55895,55669,57079,59602,61853,66121,70695,73223,70207,73763,76425,78589,79494,81963,85440,87984,90256,93695,96774,98887,107656,108860,114982,119713
34029,"Ocean, NJ",31269,33309,33923,34431,34720,35632,37419,39599,40583,39659,40236,41655,42565,42659,43996,45707,47110,48476,49705,52710,56424,59570,58568,61547,64097
34031,"Passaic, NJ",30857,31652,31971,32361,33194,34584,36526,38253,39267,38789,39803,40986,41268,41520,43103,43935,44343,45281,47128,50012,53930,58383,57076,59938,62380
34033,"Salem, NJ",27625,29175,30167,31401,33202,33831,35628,37107,39325,39354,40450,41547,40547,40796,41530,43457,43762,44558,45832,48540,51957,55512,54948,57633,60000
34035,"Somerset, NJ",56683,55614,54759,56727,60156,62211,66072,70133,72188,68609,69193,70772,73987,77369,81214,85159,87683,91916,96191,98951,101624,107428,112772,116286,121042
34037,"Sussex, NJ",37646,37914,38825,39694,40963,42027,44183,46475,47893,46646,47622,49138,50488,51035,53048,54485,55872,57565,59870,63036,66366,70395,71218,74528,77661
34039,"Union, NJ",40170,42373,42377,43194,43647,44957,48300,50878,52241,49271,50367,52277,53853,54530,56949,58612,59979,61956,64530,68042,70014,75669,77975,82094,85152
34041,"Warren, NJ",33186,34133,35273,35502,37064,38171,40555,42804,44127,43285,44005,45289,46254,46477,47827,49448,50021,51452,53122,55641,58763,62199,62899,66503,69633
35001,"Bernalillo, NM",27912,28948,29406,30270,31363,32403,34157,34903,36089,35518,35521,36717,36825,36072,38230,39637,41079,41936,43407,45842,50009,53993,56302,59458,62836
35003,"Catron, NM",15906,19166,20007,20624,21542,23247,24519,24457,24830,24809,25667,27643,28378,27768,30205,31782,30628,31515,32540,33505,37393,39070,41623,42009,44531
35005,"Chaves, NM",19752,21970,21884,22163,23908,25203,26678,28602,31678,28435,31708,34575,35079,34119,36968,35786,35700,37218,38664,39886,43004,46474,52755,51276,54036
35006,"Cibola, NM*",15154,16034,17397,18387,18957,19845,20912,21454,22448,22736,22994,23403,23651,23647,24551,26024,26026,26107,27162,28273,32196,34306,35073,34920,36397
35007,"Colfax, NM",21883,22048,22592,23827,24531,25455,26871,28703,30080,30634,32360,35579,35261,34854,37248,37656,37983,37876,38686,39973,44477,48776,49711,51265,52638
35009,"Curry, NM",21225,23508,24475,25584,27180,28272,29089,31670,34726,34108,37157,39010,39925,39267,40734,39762,40449,41575,41977,44188,48307,51330,56790,56355,58959
35011,"De Baca, NM",20369,23855,23391,23420,24674,26075,33191,29799,30696,27414,30554,41005,39771,39088,46409,42241,43872,43530,45086,49060,54600,55911,56960,62732,64660
35013,"Doña Ana, NM",18421,20455,21610,22577,23612,24898,25858,27139,28111,29203,30526,31013,31230,30465,31718,33204,34238,34911,35767,37865,40874,45830,46222,47536,49742
35015,"Eddy, NM",22403,26221,26127,26639,27664,30045,32635,36608,40668,38621,43338,45237,49482,46305,50210,47620,44129,45172,51491,57344,58843,66438,72029,75887,78406
35017,"Grant, NM",20091,19356,19544,20430,22525,24220,25926,27501,30391,29642,30413,32137,33203,33084,34396,36183,36124,36789,39192,41295,43804,48451,51125,52477,54768
35019,"Guadalupe, NM",15479,15872,16366,16619,17930,18463,20346,20609,22656,23356,25544,27931,27200,27683,30241,32171,32055,30684,32943,33767,37854,44946,44304,46835,48445
35021,"Harding, NM",30663,39337,33482,32388,30780,33484,33499,30430,30226,28939,33520,42559,48832,39671,48688,38356,37580,33206,38038,40229,44089,45561,50102,50750,51246
35023,"Hidalgo, NM",17082,17676,18007,18854,20368,22029,24664,25894,29288,26913,28192,31640,34034,35777,37980,38409,38486,38481,41079,42962,47003,50952,53778,55841,56723
35025,"Lea, NM",20294,22530,21686,22865,24161,26358,29460,31716,36719,32237,33985,38517,42768,39098,40228,39549,36479,38794,45460,47881,45561,47650,54855,57212,59387
35027,"Lincoln, NM",20329,22254,23312,23300,24269,25393,26653,29379,31290,30678,31209,32873,36313,34937,37916,39768,38933,38448,39628,41254,45930,48980,51411,54872,57253
35028,"Los Alamos, NM",45561,49689,53642,56932,58841,61529,59554,57785,61964,60511,61007,63229,62265,59936,62458,63905,66989,67241,70384,72082,75003,81592,87151,92765,98378
35029,"Luna, NM",15372,16832,18239,19008,19581,21398,22408,23624,23777,24580,26746,26894,26700,26821,27855,28862,28800,28467,29800,31285,35667,39107,38312,39928,40780
35031,"McKinley, NM",14020,16164,17263,18332,18802,19722,20394,21551,22361,23263,23607,24076,24022,23328,24077,24937,25401,25597,26744,28061,31975,35301,35356,35838,37085
35033,"Mora, NM",15690,16683,18151,19104,20332,20897,22294,23227,29362,36671,42997,44179,40532,41237,47904,46555,43118,37743,40612,44178,48840,51430,54743,58296,61259
35035,"Otero, NM",18104,19280,20991,21814,22815,23898,25407,26693,28104,29413,31474,31978,31757,30594,31611,32578,33095,33229,34460,35102,38887,41925,42411,43627,44665
35037,"Quay, NM",20264,20961,20522,21734,23342,25433,26808,27682,28683,29625,29936,30540,30267,31537,34396,33501,34229,34852,36898,37242,40624,44512,48467,47468,47343
35039,"Rio Arriba, NM",18097,19625,21652,23585,24506,25500,26246,27454,29427,29711,30301,30938,31137,28984,30390,32108,32296,32419,33766,35006,38698,42748,44677,46221,48455
35041,"Roosevelt, NM",18876,21367,22064,22557,25354,25026,24765,26999,29590,27047,31237,34115,33604,33673,37287,36115,36264,38267,37825,40160,43854,46906,52664,51280,54570
35043,"Sandoval, NM",24186,25722,25958,26363,28214,29867,31673,33064,35002,34199,34268,35648,36584,36471,37498,38726,40156,40661,41603,44465,47368,51576,53603,56608,60016
35045,"San Juan, NM",19056,20428,20544,21313,22842,24826,27376,29558,32714,30409,30682,32690,33274,32316,34096,34492,33469,34291,35799,36619,39000,43035,44167,45906,47931
35047,"San Miguel, NM",17810,19014,20339,21154,22043,22669,24093,25506,27553,28362,28730,29495,30289,28839,31154,32738,32786,32971,34818,36726,40412,44381,45840,47877,50234
35049,"Santa Fe, NM",31409,33349,34032,34654,36306,38558,41910,44002,45412,43713,43643,45591,47199,46618,50393,50974,53566,54072,57163,60853,63514,71071,73047,78284,82474
35051,"Sierra, NM",18472,19134,19291,19381,21273,22719,23885,26349,28161,28764,30014,30067,30626,29916,32896,33914,34265,34903,36472,38669,44595,48760,49412,49596,52569
35053,"Socorro, NM",16287,17917,19281,19634,21243,22753,23708,25006,26753,26596,28398,28918,29844,29142,31083,32045,32417,32662,33691,35305,38935,42635,43912,44973,47298
35055,"Taos, NM",19134,20239,21121,22174,23215,25223,26908,27999,29806,28958,29060,30323,31475,30190,32499,33845,34117,34787,36165,37228,41100,46073,47398,50384,53449
35057,"Torrance, NM",17939,20065,20284,21289,21790,22529,23079,23958,25286,24320,25172,26134,26515,26350,28979,29953,30286,30638,32404,34524,38733,42632,45580,46453,49049
35059,"Union, NM",26525,29104,28040,26275,28064,30336,28396,25347,23355,24103,22860,30089,30996,34971,37593,33777,35387,33700,34171,34718,40367,41951,44458,40741,38255
35061,"Valencia, NM*",21169,21583,22537,23453,24675,25373,26402,27300,28604,28443,28312,29230,28796,28627,30229,31463,32697,33125,34492,35998,39457,43344,45310,46621,48865
36001,"Albany, NY",35966,35648,35178,36252,37228,37903,39444,40864,43318,44014,46011,47713,49068,49455,51714,53320,53251,56786,57320,61768,67517,73579,73955,79282,83395
36003,"Allegany, NY",20052,20141,20619,21226,22313,23072,23925,24954,27623,27462,28217,29015,29750,29589,31022,33811,34307,39331,39692,41277,41763,42357,40655,41741,44689
36005,"Bronx, NY",20170,21548,21810,22435,23686,24082,25882,27957,27795,28125,29047,29377,28954,29028,29770,30776,31362,33218,34287,36922,42602,44384,42681,45142,46787
36007,"Broome, NY",26422,26514,26991,27113,28071,28325,30006,31922,33840,34314,35389,36244,36849,36702,36817,38156,38541,40717,41572,43393,47364,50221,49216,52684,55337
36009,"Cattaraugus, NY",22158,23035,23850,24915,26335,26737,27918,29133,31100,31769,33117,33255,33907,33867,34821,35993,35939,38055,38411,40392,44505,46587,46130,49023,51316
36011,"Cayuga, NY",23662,24145,24860,26109,26854,26950,27693,29968,31256,31186,33087,34615,35936,36604,37385,38296,38893,40835,41620,44266,49131,52482,52081,54181,57027
36013,"Chautauqua, NY",22298,22390,22516,23306,24674,25308,26404,27782,29794,29889,31374,32767,33767,34227,35200,36350,36723,38861,39188,40899,44741,47790,47384,49428,52247
36015,"Chemung, NY",25429,25514,25416,26010,26992,28338,29804,31178,33534,33623,35110,36744,37042,37740,38831,39277,39560,41634,43142,45198,49271,52024,52263,54020,56156
36017,"Chenango, NY",22485,22934,23098,23747,25324,25852,26504,27614,29259,29837,31266,32915,34640,35514,34488,34018,34833,37422,39399,42034,47402,50694,51407,55064,59001
36019,"Clinton, NY",24361,25272,25786,26697,27783,28273,29371,31336,32640,33850,35465,36081,36971,37574,38192,40494,40792,42639,42832,44677,48665,51685,52469,55487,57305
36021,"Columbia, NY",29791,30290,30082,31018,33502,34154,36536,37528,40151,40358,42047,43708,45468,45733,47638,49107,50337,52610,53114,57275,63309,68386,70483,75551,79389
36023,"Cortland, NY",23493,22898,23298,24092,25192,25681,26545,27905,29535,30367,31457,32491,33926,33885,34680,37137,37073,39272,40484,41276,46044,48593,48989,50540,52477
36025,"Delaware, NY",22880,22326,22712,23599,24864,25461,26273,27268,28793,29528,30599,31275,32534,33391,34508,34955,35319,37595,38639,41402,45096,47329,47077,49997,53587
36027,"Dutchess, NY",32417,33803,33445,34156,35455,36756,38724,40861,42260,41456,42347,44055,45836,46162,47190,49630,51099,53501,54940,59034,62725,66947,67411,71648,75190
36029,"Erie, NY",28898,28856,29391,30372,31676,32153,33888,35790,37521,37945,39247,40583,41773,41899,42776,44465,45251,47281,48382,50267,55135,58058,58474,62101,64801
36031,"Essex, NY",23480,24415,24819,25595,26918,27417,28644,30128,32629,33404,34656,36043,37684,38392,39103,39895,41246,43548,44707,46893,51286,55117,55108,58653,62868
36033,"Franklin, NY",20725,21206,21727,22595,23789,24361,25714,27092,29095,30022,31396,32624,33160,33919,34178,35303,35656,38045,38502,41164,45632,49604,50587,53878,55720
36035,"Fulton, NY",25194,24951,25364,26617,27701,27877,28932,30064,31543,32326,33548,34197,34740,35548,36170,37889,39299,41128,42118,43811,48631,51032,51246,53887,56848
36037,"Genesee, NY",25329,25680,26015,27241,28062,28974,29970,31654,33347,33495,34755,35816,36582,37283,38488,39740,39736,41465,42411,44308,48328,50424,51106,53624,55898
36039,"Greene, NY",25039,26067,26144,27646,28370,28498,29275,30088,32148,33131,35316,37178,38927,39837,41456,43067,43775,45811,45989,48404,53822,57141,58122,62106,65365
36041,"Hamilton, NY",24952,26243,27189,28252,29467,30930,32207,34027,37432,40005,40968,42611,41938,41948,44779,44368,45635,46987,47246,48294,54021,55975,55099,59740,61486
36043,"Herkimer, NY",22817,23278,23581,24276,25651,26187,27056,28405,30448,31641,32941,34275,35122,36083,36335,37539,38089,40206,41058,43160,47823,51344,49643,52537,54996
36045,"Jefferson, NY",24223,24292,25840,27734,29622,31411,34020,35841,38241,40048,41925,43089,42278,41143,41379,41595,41955,42976,43567,45633,50441,53015,53267,55956,58150
36047,"Kings, NY",25254,25993,25998,26365,28078,28593,30529,32768,33792,33588,34933,36285,36889,37496,38931,41104,42634,45922,48329,51233,55887,62250,63568,67026,69427
36049,"Lewis, NY",20779,21049,22281,23576,24748,26120,29036,30230,33100,34040,35845,39435,38670,40101,41048,40701,40985,42973,43868,46959,51364,54173,55558,56389,58899
36051,"Livingston, NY",23978,23990,24499,25550,26263,26828,27514,29296,31394,31606,33570,35404,35882,35736,36558,37714,39158,43533,45593,46893,49548,50464,50748,53097,55589
36053,"Madison, NY",26378,26646,26860,27398,28089,28819,29637,30868,32221,32695,33884,35602,36688,36801,38376,40108,41083,43848,44666,47553,52033,55954,56355,58285,61338
36055,"Monroe, NY",32039,32629,32785,33070,34110,34715,36085,37910,40050,40081,41465,43150,45070,44231,44722,46924,47537,49634,50745,52543,57215,59921,60223,63947,67184
36057,"Montgomery, NY",24960,26183,27319,28628,29008,29315,30487,31859,32999,33269,34450,35049,35187,35830,35763,37077,38276,40227,40018,41971,46509,48208,48622,51132,53879
36059,"Nassau, NY",48598,50737,50324,50982,53149,56094,59592,63348,65350,63285,65930,68665,73179,71648,73825,76584,78625,82700,85639,88478,91815,97309,98602,105078,109400
36061,"New York, NY",86989,93194,90778,88185,89033,95113,107966,120851,118184,112521,117593,127700,132752,136228,142008,145562,154109,169449,173210,169155,165653,196743,199790,207568,217075
36063,"Niagara, NY",25324,25734,26282,27228,28166,29037,30720,32192,33596,33962,34773,36493,37004,37607,38226,39763,40581,42853,43665,45856,50449,52249,53108,56856,59228
36065,"Oneida, NY",25747,25850,25972,26767,28042,28826,30425,32466,33990,34634,35922,36657,37316,37527,37749,39030,39812,41917,43060,45439,49754,52769,53010,55737,58323
36067,"Onondaga, NY",29707,29707,30277,31405,32816,33758,35365,37587,38921,39230,40140,41635,42879,42827,43829,45998,46699,48952,50658,52597,57912,61058,60868,63585,67066
36069,"Ontario, NY",29357,29659,29459,30356,32026,32851,34327,36434,38081,38284,39665,41622,42719,43861,45352,48549,48673,51061,51798,54628,58630,61883,61665,65226,68480
36071,"Orange, NY",28988,29712,30172,31479,32940,34337,36261,38432,40100,39472,40207,41760,42671,43185,44139,45808,46417,48202,49227,51449,55309,57781,57379,60605,63155
36073,"Orleans, NY",21981,22159,22416,23334,24393,25166,25808,27133,28226,28804,30374,31392,32271,33156,33498,35471,35517,37040,37805,39477,44548,46985,46482,49390,51092
36075,"Oswego, NY",22545,22825,23642,24264,25152,25866,27031,28510,30091,30471,31999,32494,33688,33665,34626,35826,36467,38591,39451,41424,45624,48123,47562,50047,52675
36077,"Otsego, NY",22631,23323,23577,24820,26252,26894,28226,28949,31336,31879,33276,34359,35565,36250,37470,39163,39891,42213,43459,45876,50543,51121,50515,52878,56383
36079,"Putnam, NY",39817,41749,41376,42270,44014,45145,47822,50595,51491,49944,51486,54246,62215,55883,57648,59806,61524,63654,66791,69898,74030,78006,79770,84661,88460
36081,"Queens, NY",28656,29834,29676,30215,31594,32020,33735,35817,35982,35701,36677,37492,37939,38128,39023,40881,41690,44149,46002,48454,53650,56362,57117,60307,62343
36083,"Rensselaer, NY",29051,29607,29784,30623,31789,32386,34071,35559,37640,37956,38745,39528,40334,41352,41873,43640,44475,46722,47725,49901,54403,56325,57879,61425,64491
36085,"Richmond, NY",34948,36248,35965,36551,37920,38742,40595,42848,43445,42576,43308,44582,45393,45297,46969,49155,50050,52231,53497,56102,60084,62923,62827,66217,68753
36087,"Rockland, NY",42444,41626,41020,41066,43091,44051,46585,49159,50044,48247,48656,50327,51717,51065,52183,53917,54392,55973,57722,59991,64445,68017,67179,70203,72930
36089,"St. Lawrence, NY",21095,21092,21508,22474,23380,23822,24733,26283,28241,28531,29737,30698,31210,32377,33038,33662,34393,36562,37057,38670,42820,45679,45560,48084,50912
36091,"Saratoga, NY",32868,34040,34246,35546,37369,39572,41973,44196,46863,46717,48990,51411,52999,53634,54805,59715,61699,63870,67964,66876,69657,74323,76673,82469,86833
36093,"Schenectady, NY",30316,36016,36938,36888,38167,38189,39586,40820,42259,41527,41914,42045,42338,43394,43885,44563,45650,47732,47724,50106,53991,57702,56988,60848,63635
36095,"Schoharie, NY",24808,24938,24491,24930,25844,26000,26459,27549,29217,30248,31066,31796,33130,34204,35449,36928,38293,40991,42201,44852,48925,50351,50710,53552,56002
36097,"Schuyler, NY",22955,22841,22981,23741,25274,25906,26535,28098,30061,31220,32963,34444,35343,36288,37781,38470,38328,40119,40690,42548,47437,49960,50300,52584,55595
36099,"Seneca, NY",24168,23271,23349,23980,25532,25674,26566,27664,29512,29998,31256,32368,33053,33338,34089,34732,35414,37856,38410,40465,44678,47817,48575,50258,52125
36101,"Steuben, NY",29438,27543,25836,25679,26796,28307,31174,32056,33915,33216,35857,36786,37253,38389,39419,40671,40988,43339,45008,47075,51341,54505,55066,56769,59218
36103,"Suffolk, NY",38095,38518,38560,39193,41492,43399,46580,49887,50797,49714,51276,53064,55459,55530,56998,59531,61845,64298,66701,71558,77062,82215,83523,88475,92113
36105,"Sullivan, NY",26605,25853,26499,27558,28947,29580,29846,30614,32789,33769,34788,35517,36697,36744,38202,40537,40960,42853,44271,47112,51115,54010,55021,58382,60628
36107,"Tioga, NY",24707,25211,25055,25512,27353,28424,30367,31960,33896,34795,35906,36846,38141,38568,39750,39890,40457,42830,44220,46082,50378,52224,52156,55209,57815
36109,"Tompkins, NY",24571,25640,26105,27179,28574,28678,30082,31736,34156,34265,34897,36456,37387,36865,37653,39572,39274,41550,42647,44671,50744,50446,50913,53975,56490
36111,"Ulster, NY",26789,27448,27443,28277,30729,32036,33826,35491,37277,37230,38430,39706,40863,41042,42317,43786,45089,47268,48935,53084,57213,61297,62775,65930,69090
36113,"Warren, NY",28019,28065,28863,30116,32304,32707,34254,35211,37695,39058,40881,41945,43128,43893,43920,45872,46789,49356,50683,53256,59404,61278,62763,66892,70235
36115,"Washington, NY",22707,22669,22686,23546,25106,25845,26451,27409,29458,30375,31312,32844,33512,34085,34746,35586,36336,38718,39517,41803,46397,48512,48477,51363,53847
36117,"Wayne, NY",25917,26032,26221,27444,28380,29039,30246,31853,33628,33889,35261,36649,37360,38155,38686,40267,41430,43739,44779,47760,51570,54739,55141,57958,60489
36119,"Westchester, NY",56903,56726,55389,56659,61486,65812,72423,78215,79462,74549,75992,78878,85824,84105,87282,89965,92351,98473,102241,105656,110091,120216,123313,131127,136419
36121,"Wyoming, NY",20811,21404,22396,23592,25214,26300,26677,28328,30067,29047,31239,32908,33543,34571,36116,35619,36144,38395,38981,41691,46387,50532,50868,51117,53586
36123,"Yates, NY",21324,22401,22357,22695,25413,26205,27045,27575,29082,29735,31635,32810,33523,34436,35095,34653,36229,38369,38696,42042,45702,49788,50708,52361,54652
37001,"Alamance, NC",26166,26891,27071,27879,28150,28910,30935,32280,32981,31708,31997,33112,34023,34249,35429,36231,36898,37908,39317,41186,44239,48652,49489,51727,54218
37003,"Alexander, NC",24251,24557,23826,23957,25668,26347,27207,27972,27521,27155,27742,28287,29467,29805,31621,33671,33915,36164,37134,39126,42418,46364,49076,50344,53459
37005,"Alleghany, NC",24965,24559,24602,24628,25624,26618,26148,26999,27929,28555,28802,29783,30947,30471,32469,34469,35095,35937,37359,39517,41661,45614,44841,48031,51809
37007,"Anson, NC",21938,22683,21435,21654,22967,23704,25066,26552,26594,25774,26913,27273,28720,29064,31429,33525,33532,36174,37246,40619,41958,47696,50641,50846,55451
37009,"Ashe, NC",22809,23512,23310,23430,24252,24750,26108,27316,28287,28930,29340,29713,31733,30883,31244,31749,32962,34036,35396,37521,40844,44357,44246,48310,51489
37011,"Avery, NC",23197,22497,22282,22597,23051,24077,23919,26104,25934,27123,27524,28090,29561,29045,30294,31071,31964,33645,35019,36356,40341,44949,47075,51194,53895
37013,"Beaufort, NC",23336,23817,24034,25482,26489,28014,29646,31693,32736,32688,33249,34186,37138,37476,38454,39130,40357,42090,43146,46195,49334,55294,54699,58120,62010
37015,"Bertie, NC",20294,21823,21416,22076,23053,24378,25405,26230,27228,28161,27883,27743,30493,31288,33278,33488,34455,36443,36381,38894,41865,49446,50094,49812,53853
37017,"Bladen, NC",22073,22734,21674,22735,24011,24626,24784,26061,27855,28322,29636,30139,30713,31797,33521,34382,34650,36809,36764,39225,43286,48810,49757,51429,54352
37019,"Brunswick, NC",22898,24479,24154,25538,28787,30761,31954,32788,33450,32641,32740,33962,35651,36708,38355,40943,43626,45268,47283,49667,53813,57945,58784,62025,64262
37021,"Buncombe, NC",26931,27882,28033,28282,30030,31203,33685,35126,35979,34309,34729,36017,37814,37399,39872,41909,43186,45077,47524,50441,53068,59315,62220,66776,70623
37023,"Burke, NC",23145,23358,23369,23420,24427,25283,25943,26733,27141,26875,27504,27776,28884,28959,30282,31690,32740,34379,35526,37588,41112,44859,45854,48128,51046
37025,"Cabarrus, NC",29325,28989,29122,29144,30312,31547,33339,34599,35305,33733,34757,36138,36954,36987,38498,40503,41823,42966,44269,46115,49439,53257,55209,58253,61113
37027,"Caldwell, NC",23953,24747,24572,24544,25731,26055,26583,27014,27318,26868,27095,27805,28901,28677,29982,31699,32377,34198,35315,37109,40330,44389,45750,47760,50611
37029,"Camden, NC",26256,27462,27391,28099,29042,31902,32479,35437,35747,35655,36934,39405,41173,41593,42001,43452,44934,45840,46327,49124,51520,55982,55743,59230,62549
37031,"Carteret, NC",26552,27550,27920,29467,31188,32794,34792,37153,38734,39257,40092,40744,42064,41079,43058,44941,46959,48039,49743,53029,56992,62513,64333,69685,74177
37033,"Caswell, NC",21993,22227,21769,21798,22440,22471,22831,23594,25118,25752,26548,27326,29264,29513,30457,31153,32073,33313,34005,36000,38571,42364,42156,44878,48203
37035,"Catawba, NC",27717,28118,27991,28544,29461,31131,33172,34272,35048,33699,34337,35332,36614,35939,37691,39718,40997,42737,44136,45864,49106,54159,55262,57503,60366
37037,"Chatham, NC",34229,34514,31136,32338,36356,38345,41067,45046,45812,44486,44841,46789,49190,49222,52793,54799,57869,59038,61760,65986,69960,77686,82059,87345,91638
37039,"Cherokee, NC",18870,20993,20934,20818,21156,22485,23330,24407,25738,25998,26080,26992,28266,28103,28874,30492,29848,31102,32218,34136,36734,39811,40143,42724,45135
37041,"Chowan, NC",23599,25199,24375,25330,27001,28976,29330,30164,30955,31283,30939,32822,34198,34149,35307,36085,36614,39230,40493,42404,45820,51206,51211,54897,57700
37043,"Clay, NC",21498,22279,22470,22626,23649,25121,25754,26343,26870,26667,27083,27290,28062,28288,30137,31828,31839,32670,33981,36857,40304,43888,44882,47846,50528
37045,"Cleveland, NC",23141,23686,23751,24242,25724,26811,27887,28999,29556,28474,29152,30068,31179,31221,32415,33681,33910,35507,36504,38242,41205,44755,45805,48371,51181
37047,"Columbus, NC",21847,22080,21700,22375,23536,25331,25879,26748,28486,27170,27915,28456,29121,30073,30567,30562,31610,32669,33845,36156,39864,44579,44401,46048,48989
37049,"Craven, NC",26709,26768,27328,29165,31172,32894,33920,35979,37250,36649,36876,37680,38464,37880,39193,40732,41298,41784,43497,46135,49496,53588,54108,57794,61929
37051,"Cumberland, NC",25139,25352,27098,28647,29414,31290,31862,32553,33621,33228,33621,34398,35082,34038,34809,35714,35564,36508,37755,39164,42429,45828,46246,49057,52382
37053,"Currituck, NC",26013,27297,27815,29472,31290,32133,32593,34041,34049,35237,35928,37204,39229,39403,40877,42785,44216,45362,46252,49310,52426,57639,58153,61985,65005
37055,"Dare, NC",27085,31687,32784,36177,37617,37860,38276,39199,40331,40126,41364,42419,44882,45274,47753,48982,51806,53309,54794,59760,63913,72813,74031,78524,83613
37057,"Davidson, NC",26660,26364,26134,26564,27975,28345,29240,30328,31330,30136,30734,31704,32482,32427,33965,35171,36117,37641,38836,40803,43889,48295,49588,51544,53998
37059,"Davie, NC",29351,29061,29136,30090,32285,33609,35954,37922,38473,35989,36595,38431,39774,39603,41460,43446,44165,46513,47917,50505,53094,59364,60916,64351,67760
37061,"Duplin, NC",21564,22810,21289,21649,22833,23840,23961,25958,28141,27971,29262,29590,31615,33915,36170,36512,35783,39030,38347,41307,44198,53072,55562,54723,58319
37063,"Durham, NC",30795,30733,30726,31513,33306,34840,36795,38668,39393,39049,40011,41110,42296,41278,43050,44430,45378,47110,49554,51991,55117,58896,61727,65562,69077
37065,"Edgecombe, NC",22651,22991,22568,23196,24575,25059,25821,26996,27986,28408,28183,29530,30352,30188,31614,32293,32880,34149,35438,37035,40510,44521,44542,47173,50111
37067,"Forsyth, NC",31144,31855,32231,33275,35204,36186,38083,38996,40334,38573,39428,39178,40575,39791,42542,44086,44565,46344,46711,48883,51907,56905,58194,60875,63989
37069,"Franklin, NC",24422,25248,24285,24451,25240,25744,26936,28665,28950,28425,28263,29285,30662,30403,31774,32797,33863,35372,37106,38530,41565,46279,47247,49431,52112
37071,"Gaston, NC",26489,26603,27034,27719,28818,29861,30934,31948,32568,31595,31960,33558,34271,34663,35773,36940,37414,38931,39338,41301,45120,49089,50203,52790,55398
37073,"Gates, NC",20388,22395,22405,23661,25643,27006,27909,28559,29438,30246,30843,31343,32420,33300,35273,36500,37592,39755,39549,41993,44690,49834,50916,52939,55934
37075,"Graham, NC",19868,21670,21518,21739,21274,22123,23384,25050,26164,26404,26179,27438,27868,28228,29632,30717,30481,32930,34295,36895,39436,42958,41259,44749,47641
37077,"Granville, NC",22586,23324,22697,22899,24429,25317,27038,27967,29701,29082,30042,31262,32158,32430,33182,33960,35357,36686,37640,39926,43458,47638,48710,51667,54829
37079,"Greene, NC",21551,21419,19929,20260,21506,21649,21787,22024,23080,23997,25173,26001,27607,29193,30589,29383,29120,30716,30798,32549,35155,39797,39679,40047,42879
37081,"Guilford, NC",31001,31103,31027,31320,33002,34232,36287,37129,37794,35845,36389,37349,38979,38454,40154,42324,42138,43408,44862,46995,50134,54681,56823,60356,63665
37083,"Halifax, NC",20400,20985,20920,21843,23710,25046,26335,27259,27977,28262,29154,30120,31592,31264,31933,32992,33808,34874,35787,37885,40513,44821,45062,47578,50594
37085,"Harnett, NC",22081,22623,22538,23133,24555,25913,27034,27779,28328,28144,28390,28564,28925,30282,31359,32361,32463,33681,34788,36560,39401,44414,45744,47780,50128
37087,"Haywood, NC",23347,24213,24516,25124,26100,26996,28571,30152,31086,30422,31627,32786,33884,33443,34844,36416,37606,38915,39782,42462,45028,49675,50923,54637,58464
37089,"Henderson, NC",27682,28269,27802,27941,30034,31527,32976,34276,34822,33815,33587,34445,36340,35914,37445,39010,40789,41696,43826,46227,48513,53898,55676,60274,63668
37091,"Hertford, NC",20605,21404,21325,21515,22498,23559,23986,25088,25561,25786,26131,25870,27865,27876,28982,30278,30802,32452,32971,35135,38497,45257,44658,46872,49820
37093,"Hoke, NC",17374,17816,18027,18632,19949,21227,22192,24185,26780,27678,27931,28522,29130,28707,29622,29942,30429,31273,32994,34480,37330,41804,41728,43334,46122
37095,"Hyde, NC",20810,21605,20670,22577,23754,25152,23713,27128,20842,18615,19175,24480,34034,34888,33659,35019,35556,37348,37494,42121,45601,50984,49348,53422,56767
37097,"Iredell, NC",27203,29353,29640,31350,32853,34852,36235,36889,37441,35350,36083,38851,40719,41472,43704,46080,46882,47901,50460,52926,56613,62001,63652,67224,70112
37099,"Jackson, NC",21484,22729,22936,23198,24205,25777,27087,28325,27926,26217,26332,26660,27318,27185,28852,30540,30927,32415,33643,36286,40202,44241,44774,46796,49869
37101,"Johnston, NC",25706,26379,25705,26377,27950,29096,30803,32115,32669,32010,32064,32681,33550,33565,35068,36236,37308,38434,39706,41799,45111,48800,50324,52528,55335
37103,"Jones, NC",21501,23567,21620,22475,24636,27938,28222,30316,31216,31384,32563,34129,36410,37063,39019,37341,37945,40143,37980,41832,42832,50973,50427,50080,53974
37105,"Lee, NC",25406,26542,27593,27762,29605,30566,31260,32736,32868,31542,31569,33287,34126,33362,34610,36595,37239,37998,39962,42020,45279,49864,50884,54192,57393
37107,"Lenoir, NC",23794,24791,24895,25565,26514,27435,28156,30334,31881,32044,32298,33296,35150,34693,35447,35932,36780,38861,39468,41267,44762,50173,51897,53791,56998
37109,"Lincoln, NC",23361,24004,24221,24136,26928,28459,30116,31675,32516,31162,31621,33470,35364,36339,38702,40298,41592,43893,45757,48062,51620,56447,58622,61574,64836
37111,"McDowell, NC",21040,21271,21276,21772,22904,23340,24056,24921,25764,25819,26264,27111,27719,28068,29504,31003,31920,33795,34788,36293,39736,43913,45168,47357,50502
37113,"Macon, NC",23078,24501,25016,25578,26633,28109,29972,31144,31570,30461,30651,31603,32422,32591,33862,35501,35847,37476,38181,41095,44005,48320,49611,53908,55969
37115,"Madison, NC",20865,21848,21566,22349,23352,24150,24748,25825,26425,26604,27146,27504,27820,28000,29296,30852,31442,32946,34415,37367,39449,43421,44944,48044,50927
37117,"Martin, NC",20963,22240,23331,24137,24956,26154,26907,28662,29817,29814,29139,28817,30984,30597,32025,30804,32122,33011,33739,35808,38449,43305,42489,44514,46890
37119,"Mecklenburg, NC",37440,33073,33285,35445,40153,43915,49473,54884,63776,53532,46869,47975,55980,48960,51045,53808,55211,58249,60764,63742,68555,75056,78578,82469,86098
37121,"Mitchell, NC",19847,20818,20634,21213,22325,23696,24957,26025,26134,26841,28412,29058,30635,30582,31576,32613,32853,34651,35783,37315,40352,43892,44394,48272,50776
37123,"Montgomery, NC",21527,22357,22478,22669,24913,26062,26592,27317,27809,26655,26996,26740,29229,29236,31397,33528,33480,35447,36989,38354,41956,46030,46855,47379,50197
37125,"Moore, NC",31454,31688,31225,32100,34253,36548,37614,39140,40343,39314,40177,42139,44939,44258,46343,48318,48674,49868,51457,53923,57403,61796,64977,68513,72920
37127,"Nash, NC",25684,27132,27009,27546,28611,29688,31002,32309,34027,33649,33961,34403,35837,35143,36757,37959,38290,39434,41167,43709,46695,50307,50608,52987,56141
37129,"New Hanover, NC",28874,29610,29636,30664,32393,34174,36185,37236,37861,35667,35496,36919,37111,37658,40546,42405,43493,44574,47492,50269,53673,60273,61827,66363,69666
37131,"Northampton, NC",20993,22443,21259,22861,24294,25898,25827,26000,26580,26868,26510,27810,30912,30376,31508,31452,32828,35179,35872,38927,41511,47545,48352,49915,52819
37133,"Onslow, NC",24055,24908,25332,28419,30043,33200,34130,37499,40475,43064,42865,44764,43483,41581,42156,42507,43517,42023,43504,43832,46809,52001,52257,54031,57450
37135,"Orange, NC",31611,33232,33692,34015,40923,43367,46131,49249,51636,48004,48963,50861,52091,51382,54195,57019,58957,62378,61782,65940,70274,76110,77919,83174,87778
37137,"Pamlico, NC",24164,24732,24516,25432,27317,28749,30224,32570,33123,32874,34205,34591,37243,37369,37366,38714,39325,42268,42264,46054,48754,52610,53499,57095,59634
37139,"Pasquotank, NC",21904,23363,24169,25876,27458,29037,30535,31278,31862,31968,32462,32907,33590,33844,34525,35507,36540,37659,37422,39623,43196,47667,48221,51010,53928
37141,"Pender, NC",21383,22650,22156,22630,24975,26557,27701,29148,30058,29442,30301,31117,32735,33463,35175,36012,37296,37990,39333,42415,44909,49845,51231,53668,56586
37143,"Perquimans, NC",21057,23589,22915,24466,26861,29768,31100,31923,32088,33849,34122,34569,36559,34919,36106,37041,39177,41129,40665,43159,46229,53299,53446,56301,58932
37145,"Person, NC",23095,23747,23897,24803,26193,27031,28361,29686,31299,30394,30674,30966,32483,32408,34073,34587,35110,36748,37773,39614,42697,45989,46798,49961,52765
37147,"Pitt, NC",25038,25275,25601,26145,27227,28683,30244,31619,32840,31978,32466,33324,35699,35742,37266,38378,39533,40960,43254,45526,48177,52104,52918,55113,58766
37149,"Polk, NC",30342,31303,30886,30659,33558,34060,35331,36110,36197,33577,33039,35589,37044,36986,40383,42743,44317,46113,47341,51735,55085,59328,62918,68619,72236
37151,"Randolph, NC",23636,24737,24749,25239,26411,27132,27985,29163,29667,28983,29638,30331,31416,31112,32830,33668,34293,35659,37192,39141,41632,46336,47505,49120,51934
37153,"Richmond, NC",20225,21616,21325,21327,22697,23837,24568,25510,26535,26689,28219,28066,29482,29859,31376,32907,33324,34395,34974,36659,40492,45471,46436,48085,51502
37155,"Robeson, NC",18309,19131,19295,19976,20854,21763,22474,23522,24964,25278,25003,25459,26410,26941,28014,28323,29112,29966,31352,33635,37044,41909,42610,43897,46550
37157,"Rockingham, NC",22259,23192,23291,23917,25541,26719,28029,29111,30517,29594,30224,30594,31832,31521,32980,33506,34116,35445,36484,38464,41276,45631,46323,48297,50840
37159,"Rowan, NC",24290,25330,25917,26370,27867,28997,29827,30549,30795,29442,29592,30435,30940,31119,32782,33967,34425,35515,37172,39118,42252,46666,46911,49152,51712
37161,"Rutherford, NC",21476,22485,22619,22918,23383,23717,24829,25440,25938,24988,25712,26975,28081,28259,29490,30345,30851,31868,33055,35440,38461,42340,42719,44467,47500
37163,"Sampson, NC",21010,22746,22032,23165,26002,27722,27847,29261,29952,30289,31379,31794,32978,33817,35211,34983,34409,36535,35541,37902,40924,47035,48193,47448,50934
37165,"Scotland, NC",21274,22353,22532,23019,24158,25515,26324,27069,28388,28603,29496,28435,28658,28090,29185,30150,30057,31324,32611,34518,38873,43452,42879,44565,47747
37167,"Stanly, NC",23198,23707,23775,24074,25604,27306,28572,29590,29363,28504,29239,29921,31506,31794,33302,34649,36117,37588,38703,40243,43153,47824,48517,51374,54224
37169,"Stokes, NC",23078,23784,23915,24482,26275,26476,27458,28531,29045,28366,28971,29604,30590,30485,32324,33527,34470,36292,38013,39560,41705,46675,47150,49394,52304
37171,"Surry, NC",23159,23823,23970,24248,25544,26317,27799,29153,30416,29530,29563,30458,31771,31934,33454,35020,35452,36633,37852,39622,42899,48375,49716,51206,54267
37173,"Swain, NC",17902,19950,20473,21077,22397,23357,24632,25650,26632,28064,29376,30410,31225,32074,33315,34997,36455,38368,38543,40987,44811,50664,52414,55631,59665
37175,"Transylvania, NC",25843,26302,25714,24788,26801,28039,29901,31426,33204,31091,30326,31447,33117,32927,35146,37289,40137,40819,42312,45277,47119,53353,56344,61090,64641
37177,"Tyrrell, NC",18735,20961,20008,19477,21790,22606,23058,23430,24766,22933,23708,26217,30040,31405,31319,29688,34109,34639,33019,38541,42714,47650,42915,45965,46999
37179,"Union, NC",26705,28726,27919,28601,30432,32707,35133,36560,36961,35424,36128,38256,41243,41813,44093,47471,49158,50846,53190,55650,58102,64692,69694,73082,76528
37181,"Vance, NC",21426,22950,23137,23876,25038,25542,27268,28518,30274,29715,30198,30297,30331,30252,31462,32399,33035,33926,34744,36437,39761,44920,43878,46719,49403
37183,"Wake, NC",36564,38024,37841,38300,39659,41420,44363,46133,47842,45178,46559,46939,48829,48267,50599,53188,54317,55808,59777,61948,65913,74543,77490,81413,85573
37185,"Warren, NC",17512,18609,17941,18616,20438,20526,21682,22559,24636,24733,24502,25103,26017,25521,27650,28054,28698,29383,30305,31574,35166,38920,37599,39190,40932
37187,"Washington, NC",21654,22778,22780,24072,26141,26549,27553,29294,30451,30792,30888,30502,32612,32152,32636,33287,34387,35073,35766,38086,41327,47083,45783,48479,50780
37189,"Watauga, NC",22570,23228,23359,24232,25892,27256,28708,29438,29986,29164,29430,29284,30534,30336,31934,33208,34450,35766,37662,40161,42940,46474,49148,53135,56442
37191,"Wayne, NC",22932,24122,24866,25300,26520,27593,28854,30573,31456,31305,31763,32652,34138,33731,34961,35707,36184,38161,39399,41262,44034,49250,48917,50323,53955
37193,"Wilkes, NC",23917,24125,23165,23657,25791,27351,28334,28078,27902,27874,28425,29164,30296,30588,32135,34646,34846,36667,37274,38686,41241,46135,49209,49607,52892
37195,"Wilson, NC",24059,25541,25501,25993,28027,29684,31216,31929,33452,32825,33366,34282,35309,35132,35878,37159,37877,38807,40168,41576,44396,48721,49268,51761,54929
37197,"Yadkin, NC",22812,23511,23547,24168,25768,26804,27687,28880,30109,29870,30208,30275,31649,31154,33332,34835,34829,36555,37469,39455,41651,46911,48648,50680,53881
37199,"Yancey, NC",19688,20901,21060,21490,22499,23564,25058,26104,27173,27382,28207,29162,30178,30236,31215,31395,31937,33212,35759,36877,39486,42152,43135,46292,48908
38001,"Adams, ND",24795,25383,22336,30099,29256,32531,32854,37732,37160,39005,42213,45362,57675,48902,50245,43929,42801,48191,47690,49693,60071,58062,61737,53161,51135
38003,"Barnes, ND",24522,24144,25320,27540,28059,29629,29486,34829,41452,37674,45644,46035,53668,46893,47630,46135,48144,47990,50560,55708,60513,67515,74640,74235,65538
38005,"Benson, ND",17780,17590,19135,24599,20527,22615,22196,28086,33020,31442,33022,36632,43639,36857,34557,34084,37208,36286,40346,40254,49782,57767,66671,59174,54516
38007,"Billings, ND",17653,21002,17088,25083,29319,38510,38927,42152,42689,31034,55559,74342,92367,86869,100210,74345,67229,74216,73570,76687,80547,87543,82400,82133,83173
38009,"Bottineau, ND",25977,25183,25804,31887,26299,29122,30077,39331,51465,49757,50129,54155,71152,67945,62027,52627,51299,52624,61192,60943,68608,72113,89099,80791,76250
38011,"Bowman, ND",25021,28691,25909,31837,31576,36865,38331,43038,48168,47937,55004,63121,70337,71638,71953,59167,54784,58119,61315,69038,70672,77074,72555,69352,73567
38013,"Burke, ND",25464,22416,22564,31076,26740,32713,30885,38939,58732,59804,63777,76646,93629,95152,90931,69221,58721,60779,72147,73332,76360,72392,102224,85205,83248
38015,"Burleigh, ND",27549,29432,30049,31625,33129,34537,36147,38607,41381,42112,44649,49172,53450,54411,58490,56562,56085,55439,58001,59814,62360,69182,71750,73417,75724
38017,"Cass, ND",30583,29931,31103,32036,33566,35284,37486,39361,42604,41015,43248,46727,50932,50110,52839,53191,52805,53716,56920,57625,61365,67568,69537,72151,74118
38019,"Cavalier, ND",32833,27107,27949,39707,29708,28613,29063,44433,69393,53126,58343,67560,75225,68237,56258,51748,64638,57128,76608,65388,91904,89864,134389,103289,94299
38021,"Dickey, ND",25370,24469,24852,27058,29237,31492,33587,37954,43053,39231,50883,61611,63794,59800,59332,51397,50974,50080,52924,62511,66325,77746,98298,103155,95638
38023,"Divide, ND",26382,27888,26390,34641,31139,33480,32821,38575,58867,55247,53781,58638,73259,80017,73592,51247,43667,52619,54088,59171,62431,65687,75269,63829,57287
38025,"Dunn, ND",21314,20989,18575,24111,23235,29100,28118,29069,35952,39625,51302,63840,79554,82982,89545,66029,56263,60053,67645,73387,74275,89948,102416,99757,99793
38027,"Eddy, ND",20688,22395,24632,27516,24451,27784,26218,32304,40623,35168,39390,42489,55104,48490,48777,48892,53115,52359,56755,57390,68227,75014,90007,82673,77543
38029,"Emmons, ND",21585,22030,18619,25282,23161,29530,23129,36721,40774,33536,42628,51395,54940,43195,47704,44972,48577,46471,48359,49213,63328,77964,89013,70514,58700
38031,"Foster, ND",25746,25487,26020,31760,28898,29579,28975,36670,42474,43154,49220,52280,66561,53242,51974,48986,49610,52981,58014,58729,72672,81467,87293,77737,69847
38033,"Golden Valley, ND",17122,18589,18119,22610,19315,25383,34529,36225,40344,32963,39786,45718,52907,51860,49620,38216,34421,39164,38183,40011,50787,63523,54613,45723,45409
38035,"Grand Forks, ND",24853,25563,27351,28956,29080,30608,32133,34713,36592,36654,38360,41180,44533,43794,45357,45929,46056,46909,49000,50609,54834,59106,61753,64623,66422
38037,"Grant, ND",23596,25235,21374,26796,24663,29113,28067,35285,36628,32679,37291,40344,55991,43825,45422,38088,39309,44815,42264,42504,55624,60825,64346,51542,49089
38039,"Griggs, ND",25745,25888,25791,31018,27928,27882,26898,34544,43806,39563,44708,49604,61890,54687,52496,48248,51292,53680,56899,57024,67071,78697,93672,85884,74455
38041,"Hettinger, ND",31026,31751,23786,34361,29637,30898,31603,37228,46104,50077,51061,53583,67991,50570,51176,40106,37514,52455,48148,49462,60784,60552,68024,50354,45333
38043,"Kidder, ND",22354,24003,21917,27683,29099,33202,28623,32682,32100,33139,42166,48385,56183,50372,49583,48212,47788,50226,52538,53229,66184,78685,81378,80232,71747
38045,"LaMoure, ND",26100,26070,25078,27847,31501,34686,32193,39940,47161,44274,57269,69554,70904,56732,56230,45932,48062,49189,52493,60819,66974,75500,93947,92922,75679
38047,"Logan, ND",26271,25329,21420,29588,28169,33063,26529,37089,42097,39039,46889,60741,60184,54641,58605,54458,52986,54259,53574,50881,59122,70843,83023,71627,61240
38049,"McHenry, ND",19473,21981,21331,26093,25262,27816,26599,34786,41774,40503,44483,46370,57561,57935,52942,50712,48009,47971,56115,55558,65491,75108,77379,72058,68058
38051,"McIntosh, ND",25870,26084,24869,29657,29595,31523,26437,32320,38104,39339,42524,51354,57341,49836,51293,47636,50063,52390,54691,59116,69292,82515,85453,73143,67664
38053,"McKenzie, ND",23059,24273,23513,26669,28185,29708,33116,35749,43042,40773,53726,63454,77718,80374,86554,66624,57203,60544,69297,69331,63146,69286,80015,81224,83041
38055,"McLean, ND",22765,25378,24404,29492,31164,30837,31351,36349,41976,45761,48407,46655,55907,50299,50820,48113,49753,50530,56958,58933,64979,79283,77951,72362,70392
38057,"Mercer, ND",26772,29149,28209,30150,31416,32207,35332,36676,39904,43386,43505,45268,49835,52683,55388,55669,57276,57570,57777,58330,61768,66689,65236,67645,69934
38059,"Morton, ND",22664,24679,24494,26590,28110,29683,31214,33506,35781,36946,39269,42963,49517,49022,50544,49848,48561,48816,50305,51827,55618,61214,61923,62430,64468
38061,"Mountrail, ND",22838,22534,22118,26073,26698,25599,24938,28349,36805,39752,47539,55675,68446,70830,78232,64557,55553,56381,66548,67316,68863,75033,83758,79277,79698
38063,"Nelson, ND",23674,26220,29356,34472,29287,30195,29726,38360,49401,46700,47261,52560,59614,52948,51616,49951,52544,53990,57307,58623,68289,70533,91435,81331,77562
38065,"Oliver, ND",22117,24894,22413,26155,29529,32155,33036,36954,36805,42941,46231,46920,52427,47449,48450,47927,46305,44548,45515,45249,52063,64938,61703,55675,52588
38067,"Pembina, ND",32273,31045,31212,34901,31794,32814,37726,40721,47066,44322,47534,47858,56518,53535,50200,50818,53572,56222,58169,58308,71117,83869,90253,89357,87020
38069,"Pierce, ND",23691,22403,21864,26482,24723,25639,25283,29625,36486,34487,38301,43124,47482,42157,40792,40992,42973,45595,50323,48292,56284,68522,73344,64043,60578
38071,"Ramsey, ND",24070,25308,26031,28401,26798,29782,30719,34980,39127,36099,39887,42915,50683,47606,47142,43650,47645,45177,48289,49748,55841,61543,68947,67355,65460
38073,"Ransom, ND",25199,26064,25375,28034,30850,31827,33232,35613,39541,35814,42574,45592,50327,43519,44273,44556,47515,47879,50238,54891,57620,66441,76002,79883,72353
38075,"Renville, ND",27214,24454,24530,35516,24527,31608,29522,44391,69140,57926,49209,64935,78292,78339,59823,53613,54222,56439,76140,70933,79742,77622,113733,90426,79894
38077,"Richland, ND",23981,23837,25986,27271,27946,29050,31270,34151,36449,33748,40472,44334,52215,45303,44131,43755,46929,46076,48664,50005,51134,62602,66200,73396,68548
38079,"Rolette, ND",18140,20050,20602,22981,22714,23344,23331,25708,29134,29745,31360,33991,34809,34146,34134,35721,36600,36752,40390,41580,48742,53579,57834,56717,58110
38081,"Sargent, ND",30240,31434,31050,33372,40272,40576,37797,42339,49944,40931,51440,52164,63659,52456,51825,49081,53926,51958,55874,61854,65207,81170,91511,98230,81208
38083,"Sheridan, ND",18774,20057,18843,27880,27342,26399,20863,30147,37527,39574,53473,59702,54877,42635,33722,33356,37621,42247,48558,48114,59876,80766,94149,64755,51968
38085,"Sioux, ND",14674,15621,15518,18040,17876,19622,17656,19902,20204,21119,24278,27507,28776,26601,27618,27549,27275,27191,29296,29403,36094,37887,40061,36308,33782
38087,"Slope, ND",28933,28734,13592,33411,26811,31407,28183,45084,56470,64490,69947,70720,82863,59377,61578,38237,36022,49324,41974,48001,62654,62079,63928,40515,36609
38089,"Stark, ND",22702,24224,24232,26041,27169,29749,32512,34683,40493,41179,51328,63101,75908,77081,84597,68891,56788,57053,59176,62786,61250,63300,68320,71358,73173
38091,"Steele, ND",27687,25960,27679,32112,23329,22469,25371,39425,49456,43570,60849,58683,83612,60073,57308,47688,55947,52722,58292,66529,85297,91048,109551,97971,78457
38093,"Stutsman, ND",25075,26065,26189,27504,27961,29844,30285,33741,36519,36118,40895,43849,50066,46113,47727,46609,47618,46927,49177,50901,57677,61509,67646,68583,66311
38095,"Towner, ND",29179,24950,28081,39699,28502,32165,29779,43226,61615,45691,47840,48278,61126,62278,47367,41892,51595,52012,68697,59332,85207,76592,126937,99182,80670
38097,"Traill, ND",25618,24743,26371,29241,27392,28521,30942,35514,38144,37044,45853,48205,56101,48028,47649,44746,46812,47295,50260,55939,65553,67405,74279,73989,71172
38099,"Walsh, ND",24980,25866,26313,27555,26743,28943,30508,33322,38565,38075,41679,43184,50723,45529,45099,43968,46966,47700,50936,50705,61160,66560,75681,75119,74307
38101,"Ward, ND",25598,26516,28634,31098,31598,32523,33856,36222,40327,41095,44310,49081,56612,56651,58187,53293,50258,49870,52991,54732,57192,59939,64119,66740,68835
38103,"Wells, ND",22156,23099,25754,31070,27960,32145,27726,39212,47879,44886,46825,52511,65999,56450,52448,49596,52067,50794,56641,58280,73518,82967,105852,88957,82133
38105,"Williams, ND",22763,25605,26061,27317,28409,31416,36704,40556,53020,50371,59469,77141,101015,94282,102126,77234,60094,62096,65844,65346,60639,63337,72728,74989,76176
39001,"Adams, OH",20354,21453,20898,21430,22538,22317,22932,24324,24884,25411,25970,28113,28128,28887,30221,31677,32081,33374,34646,35642,40001,44470,43159,45716,48003
39003,"Allen, OH",24690,25090,25628,26642,27424,28035,29417,30922,31833,32002,32969,34303,35348,35293,36648,37908,38813,40175,41906,43117,46916,50303,50807,53986,56066
39005,"Ashland, OH",22650,23690,24089,24750,25618,26346,26970,28347,29515,28780,29555,31580,31775,33313,34552,35551,35891,37291,38819,39165,42765,47791,48042,50991,53234
39007,"Ashtabula, OH",22543,23391,23954,24765,25599,26206,26963,28053,29347,28807,29764,31625,31906,32427,34076,34929,35329,36443,38232,39356,43188,46537,47541,50619,53259
39009,"Athens, OH",18480,19823,20593,21202,21693,22002,22602,23903,25141,26320,27567,28743,29563,29711,30668,31631,32135,33411,34392,35685,38168,42637,40836,41829,43940
39011,"Auglaize, OH",28161,28068,28130,29425,30575,30742,31753,33704,35044,33862,35514,38487,40000,40134,42155,42628,44011,46358,47611,47044,51091,55791,56750,60780,63340
39013,"Belmont, OH",21925,23392,24045,24775,24993,25625,26547,27994,29932,29856,30567,32321,33198,33954,35810,36876,36290,39188,42241,42378,43721,46553,48382,51873,54976
39015,"Brown, OH",22262,22655,22895,23712,24998,25785,26521,27886,28507,28605,28971,30780,30878,31563,32313,32901,34451,35849,37030,38776,42692,46447,46834,48850,50147
39017,"Butler, OH",28874,30090,30521,31546,32323,33150,34047,35107,35849,35080,35684,37208,38276,38733,40528,42054,42979,44847,46472,48957,51967,55459,55505,57731,60037
39019,"Carroll, OH",22230,22414,22938,23861,25256,25643,26586,27915,28808,28032,29757,31731,32517,33743,34877,35358,35401,37805,39268,40772,44548,47850,48295,50989,53476
39021,"Champaign, OH",25599,25993,25573,26398,27281,27725,29005,30006,31079,30274,30917,32972,34027,35676,36345,36852,38006,39435,41274,42101,46379,49541,49261,52659,54645
39023,"Clark, OH",26183,26687,26696,27445,28034,28527,29736,30740,31705,31667,32196,33849,34189,34709,35569,36442,37206,38447,39342,40890,44477,47715,48030,50768,52869
39025,"Clermont, OH",29401,31048,31836,32668,33118,34022,35241,36196,37661,37064,38451,40931,41250,41864,44033,48215,48659,50615,52412,56978,60919,62288,60323,63569,66235
39027,"Clinton, OH",26395,27243,27015,28191,30155,31674,33292,35103,35416,36230,36460,38784,38291,38110,38025,40447,41444,42805,44286,45284,47498,50690,51543,54764,55867
39029,"Columbiana, OH",22115,22963,23547,24342,24467,25132,26460,27850,29262,28754,29712,31768,32797,32931,34103,35069,34866,36176,37665,39162,42670,45591,45377,48299,51183
39031,"Coshocton, OH",23593,23241,23002,23530,24442,24626,25713,26883,27882,27181,27882,29862,29635,31346,32405,34531,32210,33269,34868,35676,39353,43090,42488,45018,46704
39033,"Crawford, OH",23709,24436,24423,25145,25988,26101,27074,28385,29107,29657,30176,32327,32393,33800,34288,34392,34808,36169,37945,38007,42000,47657,45973,48587,49862
39035,"Cuyahoga, OH",32624,32440,32720,33226,34658,35781,38224,40311,41981,39760,40082,42544,44644,44586,46565,48019,49016,50761,52556,54290,57225,62899,64523,69577,72797
39037,"Darke, OH",25795,26809,26843,27388,27793,27421,28530,29601,32301,30962,32373,34414,35227,36726,38225,38290,38775,40710,43059,43238,47822,52595,52633,57041,59915
39039,"Defiance, OH",26097,26494,27166,28223,27993,28183,29425,30740,31436,30314,31118,33350,34084,35535,36694,37031,38006,38931,40180,41239,44275,48246,48038,49778,51182
39041,"Delaware, OH",42272,42980,39940,39030,41797,42799,46919,51968,54118,52725,54488,57751,60982,61759,63187,66194,68464,71289,73453,75933,79078,85682,88010,92483,96573
39043,"Erie, OH",28745,41523,42104,44733,43753,41651,40204,42717,44400,46021,49603,54202,56743,56989,55095,55141,58362,56616,57316,53930,53787,57506,58003,60962,63347
39045,"Fairfield, OH",28397,30069,30620,31481,31194,31978,32970,33809,35103,34769,35513,37252,38904,39141,40295,41756,43046,44620,46053,47864,51556,54943,55648,58334,61185
39047,"Fayette, OH",22893,24793,24835,26266,26891,26770,27438,28657,29810,29949,29493,31931,32183,33795,33723,34673,35879,36828,37864,39175,44623,48001,47620,49971,50746
39049,"Franklin, OH",32219,31869,32824,33737,34847,35918,37049,38136,39010,37810,38855,41617,44112,43892,45400,47114,47451,48245,49564,50727,54398,59927,60912,63901,66705
39051,"Fulton, OH",26679,27341,27892,29327,30468,31070,32417,33477,33510,32631,34309,36676,36852,37864,39152,40541,41759,43113,44416,45648,49524,53343,54023,56763,58475
39053,"Gallia, OH",22724,24446,24747,25472,26911,27082,28991,30192,31441,31598,31489,33289,34743,34678,35024,35913,36181,37855,39787,41218,44491,46419,47299,50410,53417
39055,"Geauga, OH",37846,39833,39694,40791,42779,44455,47316,48436,49583,47169,50694,56236,56820,57797,60046,61903,62884,64644,67339,70096,71548,80520,81234,87683,92155
39057,"Greene, OH",29488,30367,31117,32369,32883,33696,35416,36946,37935,37480,38707,41015,41412,42193,43790,45850,46936,49049,50378,51598,54924,60000,60576,64428,67273
39059,"Guernsey, OH",20396,22051,22984,23791,24246,24702,25568,26746,28174,28306,29290,31543,32827,33624,35828,36594,36415,38561,40546,41708,46179,49185,48967,51406,52739
39061,"Hamilton, OH",33939,34847,35623,36514,38799,40021,42464,43309,44436,41935,43547,47158,49235,49286,50676,52382,53614,55603,57836,59517,63014,70497,71953,76070,78987
39063,"Hancock, OH",28915,31651,31642,31848,31447,31994,33558,34503,35476,34465,36656,40213,41083,41424,47424,56724,50676,48358,50358,50945,55623,57128,59487,68107,70136
39065,"Hardin, OH",21397,22003,21970,22801,23765,24084,24560,25729,27420,27004,27560,30091,29271,30533,30805,29900,30609,31791,33388,33783,37157,40647,40502,42858,44662
39067,"Harrison, OH",21725,22980,23260,23562,23916,24247,24646,25351,26866,27020,28179,29806,30703,32647,34561,35393,35250,38487,39534,40902,42996,46196,47045,52092,55401
39069,"Henry, OH",25460,26029,26029,27342,28473,29170,30537,31604,32461,32255,33369,36324,37243,38516,39010,39942,41106,42253,43222,44476,48976,52926,53207,55414,56051
39071,"Highland, OH",20893,22165,22151,22807,24226,25256,25519,26137,26940,27504,27278,29257,29919,30418,31152,32219,32923,34757,35974,37184,40912,44754,44602,46464,47977
39073,"Hocking, OH",20559,21919,22459,22989,23916,24352,25120,26394,27356,27441,28147,29749,31049,31877,32495,34075,35201,36848,37874,39788,43321,45892,46040,48132,50237
39075,"Holmes, OH",18779,21183,20950,21668,23732,23660,23523,24179,25194,25535,27497,30744,30796,32974,35672,38622,38354,41708,44075,46345,49554,54796,57026,61117,63888
39077,"Huron, OH",24428,25316,25394,25989,26816,27427,28691,29808,31179,30379,31403,33081,33473,34671,35626,36713,37021,38461,39921,40611,44994,48375,48279,50478,52114
39079,"Jackson, OH",20010,21038,21793,22618,23543,24342,25421,26799,27994,28310,28974,30138,30499,31282,32354,33388,33678,34393,35085,36251,40235,42236,41294,43286,45475
39081,"Jefferson, OH",22472,24070,24913,25411,26681,26663,27902,29387,30687,29907,30193,32107,32596,32993,34157,35124,34961,36881,38481,40348,43448,46382,46385,48539,50985
39083,"Knox, OH",23576,24611,25201,25944,27028,27865,29369,30781,31753,31550,31349,33909,35946,36817,38163,38863,39121,40225,42508,44463,48966,51964,52476,56104,58293
39085,"Lake, OH",30644,30849,30729,32177,33138,34383,36032,37762,38790,37513,38429,40778,41961,42898,44680,45750,46669,48207,50355,51861,55090,59215,59810,63464,66609
39087,"Lawrence, OH",19341,20195,20769,21678,22805,23682,25006,26653,28661,29575,30507,31783,32473,32361,33664,35067,35357,36877,38708,40326,43428,47285,48425,51439,54447
39089,"Licking, OH",27302,27759,28022,28240,28988,29437,31511,33265,34773,34462,34964,37051,38190,39120,40349,41907,42717,44441,45570,47117,51326,55588,55825,58745,61466
39091,"Logan, OH",25367,26325,26750,27488,29042,29759,30641,31740,32425,31029,32032,33887,35963,37449,37657,38064,38886,40457,42152,42592,46803,49142,49408,52748,55250
39093,"Lorain, OH",26867,27284,27198,28162,29547,30652,32134,33519,34976,34157,34946,36992,38449,39278,40338,41525,42749,44315,45948,47933,50908,54995,55845,58992,61782
39095,"Lucas, OH",27919,28939,29561,30300,30711,31249,32925,34078,34571,33826,34880,37052,37860,38236,40135,41814,42728,43470,45413,47237,50429,53670,54254,57751,60288
39097,"Madison, OH",24185,25126,25067,26099,28429,28876,29367,29888,30668,30283,31447,34347,35026,36791,36661,37390,39769,41121,41503,42601,47145,51100,53595,54781,55980
39099,"Mahoning, OH",25121,26899,27502,28813,29583,30773,32768,33670,35469,33449,34681,36928,37616,37634,38800,39730,39991,40654,42009,43612,47294,51710,51786,55587,58371
39101,"Marion, OH",23192,23740,24260,25129,25824,26284,26990,28698,29135,29095,29260,30273,30892,31351,31915,32771,34199,35919,36773,36914,40535,42876,43601,45621,47315
39103,"Medina, OH",30869,32153,32286,33522,34759,36121,37966,39849,41058,39763,40936,43422,45062,45951,47952,50175,52283,53646,55424,57429,60020,64380,66528,70333,73709
39105,"Meigs, OH",20205,21571,20516,20383,21310,22330,23721,24074,25964,26841,27648,28220,29331,30013,30909,32308,32698,33945,35082,36536,40616,43154,42277,44951,47890
39107,"Mercer, OH",25298,26469,26494,27479,29266,29464,30369,32465,35806,34580,36801,40052,40124,44266,46229,46204,45051,48354,51251,49966,54158,60333,61545,68043,72667
39109,"Miami, OH",28002,29023,29248,30128,30548,31043,33323,34497,35629,34242,35656,38142,39274,39554,40358,41846,43094,45035,46738,47830,51926,56030,56651,59510,62303
39111,"Monroe, OH",19060,19893,20471,21358,20922,20273,20992,22918,25087,25284,26104,28508,28590,29109,29989,30466,30083,32504,35577,37123,41833,43633,42763,45155,47158
39113,"Montgomery, OH",29411,30179,30529,30883,31742,32286,33961,34764,35700,35133,35755,37623,38486,38716,40399,41777,42444,44180,45796,47499,51376,54994,55123,58359,60796
39115,"Morgan, OH",19591,18864,19657,19421,21244,20665,21318,22674,24548,24896,25178,26574,26903,27801,30275,31047,31121,32941,33897,35605,40173,43881,43214,46276,48586
39117,"Morrow, OH",22054,23290,23643,24606,25132,25615,26050,27484,28268,28479,29491,31698,32030,33422,34018,34895,36298,37894,39750,41647,45637,49542,49235,51796,53536
39119,"Muskingum, OH",23627,24933,25171,25822,26830,27151,27871,28997,30511,30296,30934,33051,33460,34915,36256,37394,37782,39132,40342,41878,46287,49575,49985,52426,54878
39121,"Noble, OH",16112,19111,20341,20554,19077,19906,19904,21283,22648,22174,22332,23176,23084,24467,24091,25149,24933,26320,27501,28181,30639,32576,31369,33354,34940
39123,"Ottawa, OH",28938,30157,30640,31959,32522,33563,35440,36840,38135,37650,39028,40991,42756,43157,44722,46283,47815,49370,51678,53625,57049,62156,62899,66728,68759
39125,"Paulding, OH",22933,23633,23463,23710,25533,26092,27668,28850,30768,30149,30997,33985,33960,34759,36998,36397,36883,38548,40203,40674,45709,49640,50980,54443,55783
39127,"Perry, OH",18597,20064,20963,21575,22571,23431,24200,25593,26770,26902,27866,29610,30442,31758,32587,33840,34863,36824,37914,39388,43081,46501,46802,49031,51367
39129,"Pickaway, OH",22072,23429,23753,24351,26467,26963,28133,29051,30219,30845,31786,33873,34148,35542,35839,36474,37644,39546,40734,42091,46298,51129,50568,52248,53904
39131,"Pike, OH",20162,20737,20599,21093,21762,22359,22552,24239,25271,26167,27477,30330,31090,32271,33352,34593,34486,36707,37989,39391,43222,46194,46185,48802,51649
39133,"Portage, OH",26365,27252,27798,28565,29289,30681,32477,33264,34097,32974,34491,36383,37711,38164,39321,40533,40858,42552,44133,45543,48668,53713,53891,56666,59373
39135,"Preble, OH",23980,25142,24806,25260,27241,27903,28510,29357,30412,30056,30990,33150,33568,33948,34690,35764,36844,38214,39559,40825,44650,49258,49579,52187,53761
39137,"Putnam, OH",26293,27508,28125,29788,32785,34316,36649,37032,40666,36987,38304,40452,40367,41089,41574,42501,43642,45904,48161,49178,53567,59370,59826,63771,65403
39139,"Richland, OH",23892,25202,26049,26884,27273,27526,28368,29242,30641,29790,30296,31998,32505,32926,34382,35351,35407,36615,37803,39589,43509,45470,45499,47929,50010
39141,"Ross, OH",22541,23217,23616,23789,25186,25694,26367,27681,28566,28484,28947,30874,30886,31516,32409,33719,33988,35163,36700,38440,42145,45532,45196,46952,48854
39143,"Sandusky, OH",24085,25137,25622,26845,27501,27863,29007,30602,31647,31268,32504,34059,34420,35673,36379,37872,38112,39690,40878,41854,45396,49432,49414,52017,53099
39145,"Scioto, OH",20247,21198,21687,22445,23731,24021,24879,26262,27691,28061,28665,29713,30426,31280,33383,36017,35398,36776,38864,40557,43153,46210,46490,49305,51484
39147,"Seneca, OH",23600,24430,24799,25705,26435,26761,27951,28863,29348,29239,30388,32506,32628,32737,33498,35586,36824,37607,38629,40095,44796,48572,48160,50679,52061
39149,"Shelby, OH",26076,26045,26476,27551,29580,30174,31563,32245,33163,31578,33125,36431,37425,39337,40419,41025,42024,43422,44636,45188,49217,52836,52876,55757,57615
39151,"Stark, OH",27220,27590,28003,28808,29668,30635,31865,33395,34532,33400,34449,36733,38050,38386,39692,41105,41055,42563,43934,45364,48757,53414,54014,57174,59959
39153,"Summit, OH",30538,30936,31294,32524,33833,34468,35669,37589,39615,38310,39149,40815,42110,42681,44532,45918,46847,48547,50579,52519,56096,61539,61027,64672,67711
39155,"Trumbull, OH",24889,25468,26002,26899,27681,28261,29963,30805,31544,30173,31218,33412,34273,34289,35379,36679,37313,38401,39669,39787,43023,46180,46745,49858,52479
39157,"Tuscarawas, OH",22852,24454,24901,25826,27053,28061,29520,30740,32205,30990,32363,35023,35556,36477,38489,39631,39456,40963,42996,43241,45931,50985,54140,58847,61815
39159,"Union, OH",26516,27917,28614,28922,29882,31404,32477,34443,36178,34922,35484,38212,40317,42689,44397,45654,47296,51810,55995,57523,61796,66995,69340,72420,75616
39161,"Van Wert, OH",25109,25194,24479,25713,27410,27617,28949,29995,31000,30747,32159,34281,34503,36403,37023,36770,38091,39417,41256,41397,46137,50212,50030,53298,54247
39163,"Vinton, OH",17390,18812,20024,20033,20654,21669,21661,23492,24735,25193,25897,27386,29063,28047,29923,30737,31593,32710,33893,35081,39305,41486,40979,43678,44931
39165,"Warren, OH",30808,32027,32193,32766,34924,36715,38888,40707,43176,42368,43690,46111,48149,49063,50985,52549,55042,57554,59156,62463,65733,71081,73235,77251,81022
39167,"Washington, OH",22682,24387,25553,25382,25573,26390,27995,29697,31584,30947,31791,33926,35235,35832,37713,39092,39054,40273,42880,44155,46797,51569,51478,55864,57485
39169,"Wayne, OH",24183,26078,26257,26590,28248,28775,29505,30579,32513,30986,32455,34946,35593,36916,38642,39542,39880,42057,44089,45607,49062,53562,53835,58698,61004
39171,"Williams, OH",24869,25283,25538,26338,27038,27681,28612,29974,31541,30510,31887,33693,33961,34643,35981,37323,37972,39101,40540,42209,44934,49111,50010,51963,52928
39173,"Wood, OH",27592,28250,28575,29420,30841,31995,34205,36483,38629,37046,38045,38925,39440,40042,41480,43086,43824,44698,46592,47499,50634,55682,56958,60137,62600
39175,"Wyandot, OH",24115,25912,26457,28372,29972,29411,29746,30720,31837,31695,32574,35730,36219,37966,38491,38787,40010,41593,44244,45670,50242,55226,55585,59799,61381
40001,"Adair, OK",15631,17175,17997,17982,18669,19561,20080,20894,21421,21859,23388,24658,25657,26077,27198,29737,29759,31341,31989,33089,35650,40672,42331,42730,44129
40003,"Alfalfa, OK",20881,22294,21760,24374,23918,24320,24578,25159,33042,27800,32090,38752,44608,42366,48574,44661,36565,35634,39259,38162,39948,43779,44344,49589,45852
40005,"Atoka, OK",15820,16496,17921,18433,18574,20070,20993,22794,23822,24527,25481,26716,27708,28563,29929,29923,29888,30994,31478,32226,34332,36086,35397,37241,38709
40007,"Beaver, OK",24609,26211,24200,27149,28352,31584,30513,32781,38831,32330,39913,48943,52594,55927,58062,51376,46149,50646,54796,55407,57104,68213,67952,70374,69985
40009,"Beckham, OK",18403,19897,19957,22187,25021,27827,29293,29587,31503,28884,32340,37717,40832,42106,44509,36490,32662,34750,37223,36958,37306,39118,39175,42560,44069
40011,"Blaine, OK",17770,18322,19129,21201,19919,22182,23735,23486,28113,24468,32205,35995,37510,36198,40962,39051,37207,39979,44480,46370,43240,48968,52071,54986,56243
40013,"Bryan, OK",19760,21277,21435,21841,22502,23174,24050,25755,26505,27434,27445,27998,29365,30072,31999,32479,33863,35009,35685,37821,40392,44491,44056,46307,48009
40015,"Caddo, OK",18499,19142,20492,20836,20847,21740,22418,25411,26403,25729,27103,29648,31108,31590,33267,33084,32022,35822,37593,39257,41455,45163,44622,47286,49329
40017,"Canadian, OK",25486,26360,27178,27129,28901,30452,32953,34464,37714,35642,36828,39263,41726,42376,44108,43206,42465,43403,45178,46330,48402,51705,52341,54306,56786
40019,"Carter, OK",22240,22824,23067,24739,25984,28701,30326,31989,36527,33622,35502,37498,40408,40390,43255,41112,39913,41019,43120,43658,45694,48982,50824,53309,55594
40021,"Cherokee, OK",17006,17729,18679,19150,20068,21231,21990,23398,24370,25124,26430,27058,28415,28792,29541,31040,30807,32107,33536,35440,37089,41507,40924,43211,45156
40023,"Choctaw, OK",16647,18532,19358,19435,20441,21556,22582,23477,24899,24884,25916,27269,28755,29231,30487,31146,30361,30635,31897,33486,37215,41034,39231,42726,46655
40025,"Cimarron, OK",22690,23447,25720,28369,28688,31692,29491,33560,44196,31715,42083,52512,55982,76293,65943,81200,69702,68586,58973,63824,64722,69912,67240,83609,79566
40027,"Cleveland, OK",25800,26512,27227,28630,30193,31816,34068,35545,36676,35670,37092,38860,40012,40246,42441,42531,41621,42554,43703,44931,47181,50389,51736,54764,57355
40029,"Coal, OK",15352,16972,17982,18238,19355,20497,22069,24879,28968,27262,28787,29883,29836,30214,34564,34279,33048,34825,37743,40283,41046,44260,43855,47153,48239
40031,"Comanche, OK",22173,24256,25598,27789,27397,28864,31212,32031,34567,35051,36315,37176,36764,37317,37922,38986,39273,40046,41035,42464,45409,48255,48269,51087,54944
40033,"Cotton, OK",20668,21986,23082,25126,28095,29914,30901,31157,37290,33824,36230,37790,39392,39287,40320,38708,39039,40468,41434,45535,49808,52003,51715,54647,56825
40035,"Craig, OK",19743,21009,22352,22518,23267,23405,25160,27039,28028,28214,28429,30110,31991,31900,35370,35829,34936,36146,37499,39723,41098,43304,44925,46769,48473
40037,"Creek, OK",20798,22438,23082,23645,24533,26291,28773,31091,34155,33108,33529,35352,35914,36791,38262,38463,38395,38708,40215,42551,44925,47704,48083,50679,53272
40039,"Custer, OK",20703,21471,21706,23199,24627,26758,28581,29799,34681,31789,34613,39499,40582,39349,41319,37375,35299,38308,40167,41167,42392,46328,47390,48776,51043
40041,"Delaware, OK",20553,21356,21632,21411,22777,23284,23273,24325,25213,25554,27062,28551,29098,29937,31131,32740,31972,33270,34282,36224,37954,41547,44350,46224,48500
40043,"Dewey, OK",21214,23039,24170,27646,27595,29335,30032,31628,38773,32161,36961,41024,44068,46571,49177,42701,41530,40683,48397,53122,50712,48358,52032,63777,61823
40045,"Ellis, OK",21912,24050,23112,26151,27628,30102,31254,31704,39198,32001,42627,56482,62622,65414,74555,56633,46707,50563,52584,55168,53490,57564,61165,64244,67585
40047,"Garfield, OK",24226,25520,26533,28300,30243,31806,35181,36348,38675,36600,39516,41838,44586,42963,45551,43508,43122,42079,42904,43353,44286,48172,49429,51932,54091
40049,"Garvin, OK",20333,22751,23028,24011,25596,26540,29152,32621,33951,32386,32822,34778,36892,37447,39739,38182,36236,38039,40462,42716,46886,49853,47869,50018,51464
40051,"Grady, OK",20929,22224,23056,24003,25234,26299,27643,29031,32448,31113,32940,35844,36556,36950,39565,38021,37164,38924,40723,42565,44645,47343,48046,50492,52795
40053,"Grant, OK",23544,23474,24859,27624,32047,30315,32316,34504,44360,35675,37373,43888,46967,47715,50704,49101,43385,42204,43128,49014,53204,58291,56489,62896,59871
40055,"Greer, OK",21773,22470,21801,21716,21677,21491,21460,20424,24247,22837,22797,24994,27578,29907,32277,29551,27765,29244,29647,32359,33189,35219,37630,40188,41254
40057,"Harmon, OK",18673,20789,20817,22523,24118,24230,23487,25518,28913,31390,35445,32716,35305,38831,40632,38038,37512,38438,37995,42343,46036,50692,58735,59658,66311
40059,"Harper, OK",29743,33974,33328,35011,31504,34683,33272,32255,38174,35502,37495,45016,47704,49943,54516,58366,49685,53757,53548,55526,54431,59495,60387,68433,73644
40061,"Haskell, OK",19297,21668,22028,21385,22675,24144,23838,25567,27229,26424,29365,32236,33049,33881,34842,36122,33921,34169,34864,36047,38305,42858,44586,46541,47367
40063,"Hughes, OK",16159,17805,18453,19179,20529,21722,23104,24453,27990,25525,27001,29835,29907,32256,35303,34913,33568,36755,38693,40780,40350,47927,45873,47534,53297
40065,"Jackson, OK",22174,23520,25048,27445,27749,29130,30222,31991,34126,33156,34317,34916,35823,35643,37207,35808,36460,38349,39635,42435,45197,49894,51785,53758,55896
40067,"Jefferson, OK",17772,18097,20135,21805,23275,24851,25423,26603,29223,27292,29559,33523,33452,32891,38709,37543,34223,33015,35593,37180,40183,40216,42763,44415,46470
40069,"Johnston, OK",16611,18805,19975,20653,22192,23239,23449,25044,26364,27653,29928,30919,31330,31264,33968,33839,34025,35968,38626,37856,41311,44604,45772,50377,52678
40071,"Kay, OK",22081,25769,25838,25864,26622,25988,28901,30983,35321,33262,34118,36372,37454,37819,38687,38427,38066,39178,39610,41399,45104,49068,47901,49638,51201
40073,"Kingfisher, OK",23274,26077,26579,27737,28350,30132,32009,32807,37490,31937,34886,39031,43278,44189,50096,47459,46887,49483,54953,58719,59654,67070,70902,73038,75724
40075,"Kiowa, OK",20477,22265,22830,23377,25128,25110,25085,26407,31991,27664,29694,33543,35729,37683,37554,35557,34928,35346,35304,38845,42570,45019,47493,47857,49691
40077,"Latimer, OK",19888,22636,21092,22563,23896,24425,27262,29999,31277,29178,30898,30766,32963,33271,33653,34244,34593,35605,36130,36478,37708,39754,39856,41994,42676
40079,"Le Flore, OK",18386,20050,20494,20759,21863,22786,23864,24981,26512,25588,27788,28989,30288,30580,31214,31522,31034,32398,33240,34872,36896,40117,41821,42999,45176
40081,"Lincoln, OK",19420,20570,20531,21032,22273,24179,25827,27240,28873,27429,28323,30687,32369,33267,35075,34651,34515,35316,36598,38753,41788,45752,43917,46793,48546
40083,"Logan, OK",22277,22421,23899,25806,27187,28604,31062,31939,33727,32796,33491,35793,38017,38371,39623,38695,37576,41029,42522,43943,45470,47773,48453,50788,52968
40085,"Love, OK",18932,21682,22820,23128,23437,24510,25875,27233,28984,28776,30216,32268,31758,32854,35226,35975,35992,36046,38001,39180,41855,43847,43626,45653,47073
40087,"McClain, OK",22324,23460,23946,24209,26221,28150,30787,32816,34870,34656,36095,39591,43503,43799,44532,41720,41536,43454,46557,48931,49416,53492,54884,57249,59598
40089,"McCurtain, OK",18348,19561,19591,19489,21229,22171,23091,24018,25445,25592,27420,28511,29105,30063,30910,32161,32056,33196,33787,35072,38318,43293,44544,45554,47713
40091,"McIntosh, OK",18088,19040,19799,20091,20981,21494,22968,24430,26158,26734,27944,29699,30751,31098,32931,33390,32943,33412,34319,37199,40135,42359,42045,44505,46098
40093,"Major, OK",21678,23490,22934,25970,27190,28772,30296,30713,35023,30170,33855,39450,42198,42069,47528,41098,37342,39146,43273,42668,43574,48100,48237,51963,53411
40095,"Marshall, OK",18377,19939,20527,21274,22484,23647,25297,27091,29104,27774,27998,30612,32301,31620,33678,32472,33632,34899,36176,38000,41212,44100,45498,49272,51250
40097,"Mayes, OK",20050,21570,21444,21755,22434,23465,24609,26849,28072,27698,28408,29233,30659,31551,33639,34826,34527,35362,36948,38783,41844,44934,44971,47673,50654
40099,"Murray, OK",18962,19959,20648,21117,22840,25587,27479,29511,31982,32901,34765,37206,39042,39374,41311,42204,39329,41007,42719,42096,43861,46872,47149,50383,53313
40101,"Muskogee, OK",19954,21525,22871,23445,24149,25599,27320,28689,29904,29726,30474,31443,32012,32740,33652,35112,35107,35834,36662,38220,41116,44450,45216,47458,49780
40103,"Noble, OK",21888,21944,21529,23566,24754,26187,27249,28086,31918,29046,31401,35344,38831,40419,43274,41218,39729,40907,42006,45260,48281,50805,50271,54126,55953
40105,"Nowata, OK",17124,18657,19241,19278,20788,21965,23612,25870,27322,27716,29247,31080,32592,34063,35662,36767,34901,36181,37942,39620,42473,44892,45230,48631,50559
40107,"Okfuskee, OK",14525,15819,17433,17276,18812,20182,21014,22308,23627,23598,24157,25828,26939,27564,29259,29395,28636,28645,30037,32890,35226,38049,37448,39973,41342
40109,"Oklahoma, OK",28144,30726,31032,33131,34490,37409,40454,40337,44699,41587,42160,44097,45183,45739,47977,48526,47909,49139,51051,55875,58424,64423,71119,74199,76758
40111,"Okmulgee, OK",17369,18555,19247,19917,21510,22455,24308,25435,27718,27352,27943,28920,30020,30947,32484,32929,32457,33401,34672,36514,39232,42340,42789,44831,46623
40113,"Osage, OK",20606,20912,21122,21066,22837,23811,25787,26868,28684,27186,28823,30998,32242,32173,34414,33923,33564,34103,35466,37000,38603,43525,43155,45252,47372
40115,"Ottawa, OK",18271,19603,20294,21242,23321,25157,26112,27708,29393,29575,30816,32047,32873,33595,33481,35084,34619,35709,36892,38869,42409,46770,45940,47784,49839
40117,"Pawnee, OK",19552,20962,21450,21802,23472,24111,26173,27896,29040,28402,30163,30591,32484,33052,34610,34536,33857,35575,37419,38538,40406,43381,43550,45482,47687
40119,"Payne, OK",21582,21800,22208,23667,24471,25478,27538,29789,32035,30160,31472,32686,33278,33634,36526,35294,34306,35044,36664,38475,41052,44239,44408,46440,48953
40121,"Pittsburg, OK",19292,20987,21864,22606,24766,25814,27841,30282,33420,31183,32635,33793,35337,33834,35166,35254,35384,36574,38138,39260,40317,42416,42836,45465,46560
40123,"Pontotoc, OK",20439,22488,23394,24638,26099,27688,30332,31467,34180,33127,34527,36198,36307,36391,38693,38788,39231,40999,42891,45106,48095,51650,53239,56001,60182
40125,"Pottawatomie, OK",20491,24666,25847,26740,27751,28855,31262,31054,33030,33354,34695,34877,34940,34992,35819,36074,35092,36196,37036,40176,42924,50350,47105,48524,50705
40127,"Pushmataha, OK",15843,17749,18929,19477,20583,21354,22866,24522,25515,25739,26947,28373,30058,29631,30031,31229,31586,31441,32085,32988,37035,40691,39416,41507,43180
40129,"Roger Mills, OK",20997,23627,23200,26275,30150,34859,36973,39482,48145,32832,38524,42561,48608,53745,61892,51466,47328,45395,45457,43827,45987,49374,48563,55099,54199
40131,"Rogers, OK",24160,25315,25128,24777,26004,28327,31142,32991,34845,34247,34929,37069,39030,40146,41607,42305,41946,43681,45632,46971,49377,52142,52645,56217,58885
40133,"Seminole, OK",17140,18906,19761,20358,21214,22655,24448,25213,27142,26740,28604,31365,33346,32822,34098,31882,30924,31991,34148,35901,38669,42110,42311,44365,46606
40135,"Sequoyah, OK",18059,18983,19536,20311,21232,22200,23482,24656,26288,26231,27309,28316,29994,30240,31193,32434,32590,33225,34134,35987,38935,42887,42788,44594,46719
40137,"Stephens, OK",21423,22998,23513,25274,26600,29516,33845,35693,40569,35016,37668,40550,44458,43633,48029,42328,38422,39080,42071,43654,45352,47486,50475,52914,55200
40139,"Texas, OK",29929,29367,26006,27475,29194,31335,32328,32582,35188,31133,35502,40919,43248,54959,52668,54947,48586,50776,49170,51850,50871,60470,57200,63051,68570
40141,"Tillman, OK",17684,18180,20059,22633,22894,23262,22126,24549,29386,26586,33322,31746,33733,36038,35127,31618,31845,35464,34946,38771,37670,40756,40583,39433,39390
40143,"Tulsa, OK",30848,30432,30500,31371,36642,41884,47961,48009,55607,45561,47335,53573,59840,66644,70375,61713,51917,56502,61022,62131,61473,67138,75178,79988,83844
40145,"Wagoner, OK",21336,23430,23321,23268,24774,26371,28551,30224,31512,31246,31852,33291,34787,35787,37227,37850,38327,39125,40638,43131,45252,48801,48796,51213,53428
40147,"Washington, OK",26649,34798,34135,39496,51030,66656,80907,74507,84589,58394,54413,46380,45907,51977,56785,52971,52081,58783,66386,62416,63628,83062,109890,107203,126749
40149,"Washita, OK",17791,19415,20191,22110,23649,24210,25728,27806,31113,27627,30337,32583,35246,35337,37781,32803,30131,33097,34532,36490,37939,40559,41332,43135,43130
40151,"Woods, OK",20790,21647,21620,25887,25529,25838,28207,30137,34799,29981,32666,40525,46725,50414,58300,49360,42539,40685,44361,44256,44279,47706,49847,53367,52135
40153,"Woodward, OK",20321,23353,22589,23789,26306,29964,33435,34767,40009,31453,34881,41159,48002,49375,49139,40900,35161,35344,36978,37015,38968,41617,41264,46130,46748
41001,"Baker, OR",20483,20321,20819,21714,22545,23552,24627,25747,27205,28130,28698,29992,31302,32383,34183,36094,37057,37042,39298,40707,44994,49019,50065,52908,56435
41003,"Benton, OR",29002,30126,29963,31635,32333,32671,34091,34644,36541,34557,35730,37385,37325,37241,38922,40054,41482,42266,44708,46732,50763,57530,56103,59434,62473
41005,"Clackamas, OR",36302,35623,34647,35379,37407,38671,41356,42907,44154,41523,42273,44494,46988,46308,47508,50039,52735,54714,58515,61310,64685,71929,75388,80235,84035
41007,"Clatsop, OR",24499,26638,27301,28539,28659,29248,30817,31768,33143,32870,33748,34185,35000,35161,36697,38287,39719,41606,43974,44885,49805,54765,56205,60248,63292
41009,"Columbia, OR",26294,26993,26672,26918,28018,29133,30781,32092,33562,32217,32740,33740,35067,35501,37219,39533,40335,42034,43903,45620,49655,54134,55509,58261,60858
41011,"Coos, OR",22216,24146,25366,26489,26966,27466,28915,30567,31450,31319,32026,33461,33799,34839,36765,38866,39503,40996,43344,45969,50839,54871,55016,58852,62682
41013,"Crook, OR",20750,21921,22605,24059,24509,25813,27669,27954,28291,27137,28611,30353,31636,31647,34812,36945,37926,39132,41563,43420,47482,52407,53812,57877,62128
41015,"Curry, OR",23654,24132,24113,25109,26620,28124,30086,32294,33039,32332,32396,32955,33993,33955,35704,38079,38550,39971,42330,44545,47976,52236,52443,57032,61282
41017,"Deschutes, OR",27457,28962,28917,29818,31056,32852,35713,36690,37490,34637,34833,37004,39270,41173,43280,47322,49780,52636,55513,57770,63969,70933,75454,80581,86176
41019,"Douglas, OR",22851,23700,24334,24759,26223,27040,28501,29288,30014,30130,31069,31839,32640,32506,34337,36272,37325,38554,40416,42286,46203,50923,50144,52358,55747
41021,"Gilliam, OR",19314,17181,19241,23162,23675,24609,23482,32858,36759,40671,39139,42848,40660,43266,41685,46073,47844,47141,49976,54692,64712,66214,73465,73410,73757
41023,"Grant, OR",20947,23425,23817,24569,25907,24636,26769,27692,28138,28983,29754,31463,32350,32784,35991,37344,37784,38698,41184,42951,48042,51601,51993,54795,58548
41025,"Harney, OR",20450,20752,20950,22549,23615,25031,25244,25914,27857,27202,27784,28153,30056,31240,34852,36758,37070,35870,38344,40630,44908,50544,52084,54396,57367
41027,"Hood River, OR",22784,24491,24699,25947,27737,29116,32441,35278,37142,35350,34804,36993,39855,39988,42760,45601,47524,50744,53269,54767,60031,66583,66315,71226,74839
41029,"Jackson, OR",25163,26727,27010,28412,29656,30629,32857,33660,34097,32716,33448,34932,35824,36220,38630,40875,42209,43879,45343,47190,51878,57340,58066,62183,65802
41031,"Jefferson, OR",20586,20631,20782,21600,22916,23609,25100,25608,26307,26509,26705,26967,27844,27794,30229,31757,32373,32684,34629,36097,40537,44634,43870,46695,50049
41033,"Josephine, OR",21926,22934,23161,24044,25720,26930,28270,29488,29254,29255,29886,30715,31946,32371,34073,35953,36778,38707,40915,43707,48083,52724,51241,53658,57206
41035,"Klamath, OR",21408,22271,23305,24451,25320,26897,28085,27921,28706,28383,29459,30073,30883,31363,33436,35123,36434,37786,39260,39921,43379,47763,48435,51149,54476
41037,"Lake, OR",21640,22227,22075,23004,23668,23671,24077,24141,26236,26864,27604,28954,30997,32634,35863,36915,38381,36886,39395,40756,43826,48448,47868,51523,53014
41039,"Lane, OR",25716,26820,26842,27208,28780,30330,32792,33162,33830,32652,33555,34456,35760,35830,37779,39986,41095,42916,44676,46304,50600,56092,56937,61467,65010
41041,"Lincoln, OR",24794,25656,25964,26873,28440,29145,30545,31227,32870,32505,33723,34793,35695,35790,37545,39106,39920,41416,43825,45153,49129,54659,55198,58675,61973
41043,"Linn, OR",22828,24753,25269,25511,27047,27727,29531,30300,30913,30633,31610,32323,33278,33725,35916,37973,39023,40602,43083,44306,48103,52402,53933,57419,59976
41045,"Malheur, OR",19446,18642,19124,19992,19963,20274,21596,21983,22407,21972,22720,23365,24907,25696,28072,30249,29763,29582,30834,32343,35551,39036,39817,40784,42974
41047,"Marion, OR",24816,24639,24539,25311,26052,27251,29566,30073,31539,30685,31203,32134,33024,33406,35546,37580,38946,40482,42361,44634,49042,54375,54787,57425,60135
41049,"Morrow, OR",20822,20168,21136,24428,25852,26136,25514,29649,30887,29885,30895,31514,34924,39291,43374,44762,44115,41080,43845,46078,50360,53780,59976,60303,60097
41051,"Multnomah, OR",32446,32746,32825,33319,35072,35796,39187,40453,41870,39132,39888,41613,43559,44440,46657,49580,50580,53547,56752,59430,63806,70280,71390,75372,78973
41053,"Polk, OR",24527,25666,26017,27160,28061,28590,30204,31490,32685,32194,31981,32380,33274,34048,35172,37203,37764,38972,40731,42856,45826,51078,51314,54017,57251
41055,"Sherman, OR",20923,16144,21277,26659,28081,25629,23439,34390,47556,44047,44927,53315,54426,50754,43513,45190,44992,45169,53858,54010,63789,65356,68498,68799,59314
41057,"Tillamook, OR",23573,24706,25041,25604,27322,27797,28912,30426,31212,30407,32580,33182,34141,34589,37462,38750,40245,42400,43427,44604,49854,54701,57893,61734,64662
41059,"Umatilla, OR",21775,23146,23437,24292,24385,24795,25695,27778,29330,29971,30165,31082,31629,31525,33234,34805,36114,36569,38675,40027,45143,49178,50689,54031,55991
41061,"Union, OR",23097,23768,24320,25413,26726,26442,28301,29421,30353,30257,30596,31855,32667,33738,35067,36518,36961,37996,40225,41679,45976,49407,50154,53785,56198
41063,"Wallowa, OR",21630,21752,23562,23934,26286,27286,29283,29530,32383,32463,31768,33069,35083,36359,37153,39196,40152,40236,42519,43726,48404,53860,56650,61915,67705
41065,"Wasco, OR",23850,24429,24539,25476,26420,26975,29474,30907,32092,32233,33282,35838,35564,35607,36989,38839,40015,40665,42159,43342,48346,52861,53537,57440,60127
41067,"Washington, OR",33371,32912,32322,33163,35222,37066,39524,41333,43346,41040,41357,44167,46517,46167,49708,52837,53978,57176,60790,61823,67358,75136,74762,78598,81349
41069,"Wheeler, OR",18574,21068,19480,23034,21844,25088,24884,24157,24363,25085,23484,25051,25638,26002,29753,31858,32692,32721,35263,35962,40408,42912,45328,49592,52470
41071,"Yamhill, OR",24382,25717,25866,26568,28065,30289,32175,32935,33506,32565,32739,33729,35287,35685,36915,39674,40473,42560,44871,46966,51040,56540,58703,61581,64182
42001,"Adams, PA",26118,28097,28850,30247,31069,32261,33310,35082,36923,36806,37567,39063,39929,40721,42561,44203,44749,45899,47838,48890,53029,55566,56290,58067,60234
42003,"Allegheny, PA",34397,35173,35697,36490,37635,38871,41361,43392,45536,44403,45934,47771,49069,49392,50958,53010,53382,56332,60340,62315,65959,69701,70959,74619,77685
42005,"Armstrong, PA",23517,24266,25211,26298,26789,28699,30920,32069,36919,34261,35604,39193,38447,38556,39628,38874,39133,40806,43502,45468,50120,53500,56596,58863,60754
42007,"Beaver, PA",25168,26778,27032,27619,29224,30528,32504,34278,35789,35614,36885,38583,39654,39866,41084,42133,42984,44189,46707,48549,52791,55131,54998,57742,59900
42009,"Bedford, PA",21877,22987,23518,24241,24668,24906,26466,28707,30424,30414,32008,34101,34551,34567,35549,37480,37575,39430,40944,42449,45896,49860,50183,51602,53893
42011,"Berks, PA",29461,30535,31112,31710,32435,33638,35298,36643,37687,36618,38220,39970,41413,41053,42470,44251,45047,46267,48187,49923,54371,58084,58472,60821,62942
42013,"Blair, PA",24903,25293,26170,27211,28561,29653,30530,32037,33289,33755,35025,36965,37579,37506,39003,40957,41617,42768,44994,46395,50824,55022,54872,57821,60198
42015,"Bradford, PA",22434,23444,24039,24877,25598,26096,27142,28579,30194,29870,31776,35123,36450,35658,37253,37136,36921,38797,40214,42970,45210,47883,48872,50480,51843
42017,"Bucks, PA",38801,41378,41888,43224,44849,46669,49044,51612,53524,51282,53550,55983,58436,59119,61478,63971,66097,67980,71251,74169,78472,83905,87411,92604,96664
42019,"Butler, PA",29234,30324,30619,31557,33665,35304,37673,41085,42602,41201,43220,46064,48263,48070,49419,51752,52817,54399,56614,59053,62900,67910,68432,73068,76582
42021,"Cambria, PA",23187,24617,25198,26171,27092,28029,29110,30865,32541,32526,32630,34983,35359,35723,36754,37685,38039,38943,41400,42789,46216,48829,47912,50870,52794
42023,"Cameron, PA",23854,24792,26028,26891,28927,29522,31035,32912,34093,34999,37070,39217,38578,40459,42098,42900,42918,43520,45702,45884,50711,52366,51299,54915,55122
42025,"Carbon, PA",24758,25748,26564,27528,29475,32431,31026,34471,37144,35381,36346,37749,39629,41482,42819,45233,47285,48120,50788,55170,58878,60468,58328,57027,59095
42027,"Centre, PA",25361,26531,27195,27969,29645,31092,31490,32667,34136,34167,35788,37611,38781,39840,41291,41662,42965,44973,46224,48182,51918,54927,54553,56830,59070
42029,"Chester, PA",46770,49305,49603,51981,55971,58372,61065,62749,63223,61372,62255,64977,67787,68318,71598,74669,74127,77631,82735,86189,91309,96761,101233,106388,110883
42031,"Clarion, PA",22438,24066,24992,25666,27728,29502,30254,31266,36026,33529,35818,37101,36157,36484,36826,37949,38211,38842,41046,42448,45953,47443,47416,49217,50839
42033,"Clearfield, PA",22344,24101,25358,26119,27587,28411,29650,31023,33486,33469,35124,36907,36913,36987,38500,40097,41066,42072,44394,44982,49240,53745,54734,55410,57366
42035,"Clinton, PA",21826,21946,22620,23024,24678,24811,25406,26757,28341,28392,29849,32178,33060,33315,35098,36305,36373,37937,39489,41226,45456,46703,46157,48059,49562
42037,"Columbia, PA",23186,24139,25442,26347,26945,27605,28567,30349,31700,31141,32822,34283,34887,35349,35955,37361,38714,40135,41811,43329,47565,50270,49759,52290,54347
42039,"Crawford, PA",23205,23449,23974,24603,25454,26358,27617,28897,30277,29858,31452,33376,33938,34639,35874,36732,36774,37571,39986,41593,45887,48349,48616,50161,52158
42041,"Cumberland, PA",32241,33810,34685,35883,37188,38119,39110,41229,42394,41500,42584,44549,46349,46585,48160,49849,49959,51658,53679,56063,60851,64258,65404,68730,71515
42043,"Dauphin, PA",30928,32499,33404,34242,35185,36149,36951,38392,39441,38904,39994,41546,42242,42408,43671,45417,45921,47462,49867,51811,55153,58247,57844,60168,62394
42045,"Delaware, PA",37180,38355,38519,39282,41051,43191,45610,47079,49281,46993,48892,50788,52684,52844,54873,57501,59295,61477,65313,68131,71653,76037,78448,82051,85094
42047,"Elk, PA",25997,26344,27071,27895,29940,31148,32972,35268,37832,36673,38385,39159,39119,38650,41005,41689,42552,43599,45933,46346,50250,50728,50604,53918,56186
42049,"Erie, PA",25318,25960,26547,26940,28319,29227,30647,32429,34016,33413,34627,36800,37779,37689,38612,39769,40437,41388,43848,45267,50044,52897,51347,54311,56568
42051,"Fayette, PA",22408,23386,24778,25758,26017,26819,27955,29784,31338,31347,33045,34714,35309,35672,36673,37783,38171,39414,41442,42629,46715,49464,49022,51097,52939
42053,"Forest, PA",20499,20697,20412,20325,19994,19098,18279,18204,21001,20202,20873,20629,20098,20494,21256,20927,21664,21206,22711,24268,28064,28696,28277,30128,30234
42055,"Franklin, PA",25653,27006,27525,28857,31007,32805,34182,35807,36436,35375,36301,38049,38474,39060,40602,41623,42101,43655,45854,47430,51147,54921,55714,57540,60189
42057,"Fulton, PA",23522,23396,23326,23838,25680,27200,28226,28726,30199,29995,31043,33935,34852,35127,37308,38233,38478,41135,43749,44615,47654,49514,47779,48850,52697
42059,"Greene, PA",20787,21674,21940,22794,23852,24447,26055,27979,30594,30944,32964,35696,37058,37860,40631,38763,37542,40733,42232,43906,47095,48946,50403,53023,55068
42061,"Huntingdon, PA",20182,21653,22079,22671,24182,25079,26414,28620,30186,30257,30492,31818,31462,31206,32291,33779,34490,35884,37712,39409,43585,45687,45956,47119,49576
42063,"Indiana, PA",22403,23589,24540,25339,26516,28061,29044,30252,31755,30871,31504,33209,33559,33524,34629,35171,35820,36859,39328,40963,44455,46638,45822,47924,49701
42065,"Jefferson, PA",22589,24051,24866,25704,26743,28118,29947,31211,33671,32926,34615,36435,36319,36490,37442,38339,38327,39562,42274,42841,46454,48361,48251,50133,51846
42067,"Juniata, PA",22524,24215,24686,25787,27464,28351,28857,30206,31692,30933,32116,33209,33494,34993,36275,38784,39550,43762,45335,46896,52208,56658,59639,58361,60776
42069,"Lackawanna, PA",27504,29045,29214,29837,31030,31980,33046,34774,36618,36451,37849,38793,39204,38400,39697,41492,42566,43473,45280,46711,51510,54600,54278,56758,58756
42071,"Lancaster, PA",28927,30482,30568,31590,33427,34672,35366,36576,37727,36629,38120,39733,40740,41641,43408,45490,46492,48601,51101,53267,57839,61484,63990,65643,68628
42073,"Lawrence, PA",23122,23991,24883,25854,26792,27507,29302,31199,33163,32569,34317,36206,37042,37039,37942,38966,39201,40453,42610,43867,48503,51525,50878,54039,55747
42075,"Lebanon, PA",26835,28611,29127,29821,31949,33026,33970,35202,36487,35746,36942,38223,38718,38998,40238,41824,43116,44766,46482,48226,52239,56214,56679,58299,60884
42077,"Lehigh, PA",31370,34296,34734,35345,36530,38067,39438,41925,42806,41558,43941,44945,44645,44454,45852,47841,48646,49514,51143,54338,57981,62147,62106,64866,66913
42079,"Luzerne, PA",26638,27464,28118,28794,30112,30811,32126,33766,34992,34796,35522,36591,37085,37207,38174,39495,40707,41306,43061,44347,48625,51443,50722,53233,55115
42081,"Lycoming, PA",23509,25099,25854,26733,27701,28248,29124,30674,32192,32439,33988,36774,37431,37755,38962,39776,39356,40677,42349,43951,48026,50570,50705,53933,55751
42083,"McKean, PA",24624,24932,24954,25927,27283,27872,29290,30473,32500,32552,33837,37565,38572,39101,40294,40053,40679,41603,42921,44181,47613,50167,48895,51334,53193
42085,"Mercer, PA",23854,24250,24901,25679,26998,28045,29513,31095,31892,31345,32434,34063,34466,35373,36236,37509,37858,39134,40849,42112,45777,48636,48510,51044,53129
42087,"Mifflin, PA",21192,22170,22546,23176,24578,25638,26233,27454,28417,28536,30252,31454,31922,32779,33762,34600,35337,36916,38476,39510,43532,46329,47196,48250,51124
42089,"Monroe, PA",25277,26501,26935,27443,28615,29526,30560,32117,33320,32488,32437,34024,33792,35784,37323,38736,39836,40965,42569,44973,48517,51769,51772,54145,56584
42091,"Montgomery, PA",48354,49774,49884,50880,54257,55785,59743,61139,54149,54891,59946,65300,69121,65591,67993,70780,73347,72932,76428,77877,85893,93143,94507,100050,104380
42093,"Montour, PA",26682,27183,29000,30270,31987,32919,35473,38270,40775,40150,41929,44893,46087,48278,49290,51078,52903,54370,56133,56642,59992,64600,66679,69339,72291
42095,"Northampton, PA",29337,30981,31720,32722,34192,36559,37931,40859,42366,40317,40980,42412,43182,43989,45609,47351,49103,50811,53211,55409,59289,62145,63815,66867,69350
42097,"Northumberland, PA",23071,24814,25145,25905,27471,27817,28725,30002,31228,31442,32579,34238,34410,35178,35632,37142,37087,38567,40215,41889,46165,48398,48351,50464,51987
42099,"Perry, PA",25267,26843,27433,28372,30061,30909,31296,32852,34458,33888,34915,36212,36854,37328,38303,40143,40780,42979,44818,46616,50640,54451,54580,56095,58394
42101,"Philadelphia, PA",25568,25674,26318,27599,29646,30174,31544,36497,40991,38957,40529,41891,45007,46637,47651,49211,52529,51378,53304,52973,55531,57748,58506,59963,61193
42103,"Pike, PA",24965,26346,26725,27235,29123,31032,31657,34286,35343,34003,34955,36496,37155,37740,39273,41360,43256,44199,46095,49249,52362,55448,55818,58924,61127
42105,"Potter, PA",24501,25025,24996,27220,47441,73864,31219,28377,35898,29110,30471,32110,33481,33292,34718,35355,37038,39718,43405,44249,46893,52246,45992,49549,50689
42107,"Schuylkill, PA",23538,24712,25495,26465,27346,28281,29454,31135,32741,32512,33391,34272,34442,34503,35745,37482,37974,39190,40910,42581,46456,49324,49662,51262,53043
42109,"Snyder, PA",25564,26358,25846,26615,28759,29318,29976,31159,32571,32172,33138,34650,35077,36278,36945,37926,38320,40001,41732,42987,46831,51255,53040,53697,55828
42111,"Somerset, PA",21494,22656,22760,23391,25348,26078,27191,28987,31016,30870,33998,34667,35276,34937,36064,37036,36958,38541,40037,41606,45795,48702,47009,49551,51445
42113,"Sullivan, PA",22583,24120,25144,25540,26275,26253,27096,28933,30905,31344,33189,36786,38465,39447,42189,41746,42116,43495,45815,48749,52078,55603,56097,58033,60098
42115,"Susquehanna, PA",23787,24943,25094,25500,26897,27137,28065,29276,30870,29938,31666,35012,35952,37571,39202,40205,40033,42752,45093,48320,51564,56347,59182,60496,62648
42117,"Tioga, PA",21316,21972,22065,22628,23744,24195,25487,26715,28054,28312,30732,34514,35063,34979,35842,36460,36243,37432,38752,40630,43672,46387,46754,47259,48758
42119,"Union, PA",22560,23814,23739,24268,26270,26542,27118,28353,30148,30693,30734,32470,33453,34762,35289,35697,36886,39636,40718,43746,47710,50321,50828,53021,55791
42121,"Venango, PA",23938,25210,25667,26688,28101,28722,29891,30908,32860,32454,33704,35408,35199,35330,36709,37506,37932,38810,41099,42895,46649,49569,49083,50897,51584
42123,"Warren, PA",23944,25223,25164,26262,28382,30443,32267,33154,36383,33557,33849,35539,36539,38284,40638,38236,38326,39487,41406,42970,46530,49070,48778,50920,52544
42125,"Washington, PA",28233,29301,29532,29963,32731,34625,36895,39301,40067,39948,42699,45278,46856,48108,50248,54547,57263,60407,61006,57648,60830,65681,70915,73510,76764
42127,"Wayne, PA",23696,25685,26491,27216,28304,28495,28650,30009,32761,32448,33785,35284,35479,35524,36698,38240,39603,41197,43224,45126,49675,53156,54149,57088,59395
42129,"Westmoreland, PA",27357,28935,29365,29975,32120,33677,35549,37520,39483,38256,39665,42050,43598,43119,44625,45894,46571,47889,50313,51706,56085,59642,59961,63465,66110
42131,"Wyoming, PA",22990,24542,25225,25666,27695,28337,29707,30723,32472,32262,32996,36682,38077,38176,39369,40957,40650,42024,45032,47670,51809,54090,54600,56633,59010
42133,"York, PA",29041,29855,30283,31592,34297,36082,36301,39060,41921,40345,40662,41462,41747,41740,42606,44170,45481,47123,49015,50682,54386,57467,58073,60605,62892
44001,"Bristol, RI",39051,41614,42354,44616,47240,48694,53133,56398,57436,54972,60455,61244,64371,62634,64246,67223,69434,72054,73051,77089,80397,85662,88464,94133,99923
44003,"Kent, RI",31792,33567,35027,36733,38540,39320,41364,43161,44408,43911,45036,47537,49099,49206,50834,52781,52952,55447,56563,59337,63147,66184,68318,72236,75126
44005,"Newport, RI",37038,38038,39244,41591,44292,45466,47733,49174,50233,48360,49347,53012,55788,55387,57013,58308,59603,63309,65659,71868,76908,81727,85433,88921,95033
44007,"Providence, RI",27582,28543,29407,30614,31775,32589,34353,36259,37001,36185,38281,39004,39653,39544,41077,42309,42345,43977,45445,47761,51802,55075,56008,58880,61040
44009,"Washington, RI",34114,37430,38493,40004,42446,43441,45107,46865,47787,47160,49588,52379,54200,53910,55246,56456,58344,59319,63116,67368,72314,78606,79420,83604,87451
45001,"Abbeville, SC",23401,23029,21383,20250,21646,22305,23313,24231,25752,25764,26686,27759,27425,28077,29408,30704,31411,32579,33330,34781,37478,40490,41016,42654,45157
45003,"Aiken, SC",25214,25547,26277,27056,27599,28667,29851,31237,32712,32921,33697,35398,35935,35736,37240,39209,39819,41516,42934,45062,48023,51958,52141,54299,56728
45005,"Allendale, SC",16149,17068,16893,17333,18099,19255,20917,21664,22905,24004,26218,26590,27068,26128,26713,27516,29834,31643,33104,34288,40480,42664,43114,45100,48320
45007,"Anderson, SC",24567,24803,24943,25401,26022,26920,28066,29321,30478,29623,30856,31882,32474,33096,34538,35787,36904,38198,39676,41166,43458,47461,48090,50238,53021
45009,"Bamberg, SC",17700,18447,19023,19904,21336,22061,24079,24942,25831,25709,26633,27868,27736,28320,30497,30642,31588,32782,34374,36128,38277,40480,41997,43856,48120
45011,"Barnwell, SC",22133,19815,20158,20676,21508,22386,23717,24404,25713,26445,26961,28367,28242,28591,29794,30649,31307,32126,33580,35622,38427,40943,40449,41799,44155
45013,"Beaufort, SC",33108,34805,34867,36394,38635,40707,43966,46026,45727,43514,41657,44321,46055,46348,49348,51864,53939,55310,57828,62049,64962,72202,76326,81692,85327
45015,"Berkeley, SC",21060,21519,22767,24014,25079,26759,28365,29743,30381,28818,30404,32517,33065,33208,34841,36331,37938,39697,41301,43270,45395,50288,51606,55241,58397
45017,"Calhoun, SC",22563,23486,23512,24794,26092,27647,28579,29185,30177,29562,30157,31641,32347,32328,33163,35825,36343,38227,40211,42850,45051,50374,50072,53029,56579
45019,"Charleston, SC",29967,29999,30865,31964,33670,36329,38856,41586,41410,39423,42043,45285,50182,47886,51074,54142,56200,58777,60923,66143,68095,74887,78790,85852,90550
45021,"Cherokee, SC",20661,20771,20857,21619,22710,23505,24307,25580,27669,27078,27066,27624,28012,27429,28432,29983,30892,32351,32906,34442,36600,39268,40403,41254,43456
45023,"Chester, SC",20262,21117,21934,22465,23199,23986,24832,25299,25660,24954,25601,26820,27813,27752,29272,30291,30688,32231,33131,35939,38848,41574,43363,45659,48449
45025,"Chesterfield, SC",19958,20471,20704,21350,22053,22099,23098,24315,25175,24073,24770,25313,25883,26873,27262,28776,29824,30960,32493,33681,35853,39677,39232,40246,41717
45027,"Clarendon, SC",18474,19236,18943,19738,20962,21093,21691,22470,23168,23248,24633,25993,28055,29598,30138,31413,32553,33758,35369,37008,41426,45902,46230,48743,51633
45029,"Colleton, SC",19776,20932,21372,21801,22993,23643,25339,26658,28083,27594,28171,29009,28231,28695,30054,31144,32252,33330,34513,36150,38797,42567,43763,45795,49111
45031,"Darlington, SC",22604,23561,23715,24393,25633,26244,27856,28584,29218,28128,28989,30347,31018,32473,33390,34615,35256,37236,38853,40939,43530,47292,48119,49931,52320
45033,"Dillon, SC",18342,18711,18852,19738,20507,21024,21635,21856,23107,22866,22874,23499,24218,24626,25482,26828,27955,28990,30193,32457,35439,40023,39087,40873,43733
45035,"Dorchester, SC",22632,24337,25076,25531,27808,29202,29934,31325,32274,31732,32359,33861,34194,34217,35717,36458,36851,37733,39470,41059,43876,47058,49764,51716,54669
45037,"Edgefield, SC",19684,20000,19947,19720,23442,24015,25098,25183,26136,25908,27035,27592,29629,29542,31074,32767,34763,37284,37129,39571,44015,49368,48155,49244,50250
45039,"Fairfield, SC",20627,22503,23387,24349,24745,26058,26393,27680,28459,27776,28921,29776,30969,31880,33130,35028,36468,37451,38735,40405,43866,49484,49932,53384,57356
45041,"Florence, SC",24432,25121,25812,26481,27550,28350,30057,31521,32758,32133,32422,33862,34350,34654,35942,37264,38607,39587,41440,44132,46703,51663,52295,55326,58159
45043,"Georgetown, SC",24469,24830,25778,26818,28708,30625,33496,34804,35916,34458,35280,37113,37769,37171,39203,41725,42561,44689,46350,49584,52650,57798,59421,63623,67003
45045,"Greenville, SC",29802,30978,30946,30861,31071,32067,34130,35969,36544,34447,35790,37571,39645,39649,41948,44229,44732,46771,48067,50149,51961,56301,57900,61092,64100
45047,"Greenwood, SC",23505,24263,24448,24865,25449,26160,27099,28356,30040,29328,30091,31226,31037,31672,32955,34256,34764,36125,36760,38238,41188,44269,44329,46727,49107
45049,"Hampton, SC",18755,19536,19797,20293,20845,21434,22604,23399,24573,25030,25661,26883,26120,26777,27150,28379,29587,30796,32070,33833,37936,40967,41733,44055,47632
45051,"Horry, SC",24556,24605,24767,25561,26680,27747,29098,29817,30019,29524,29648,30602,31309,32027,33627,35235,36249,37346,38691,41021,44286,47978,48453,51799,53905
45053,"Jasper, SC",18505,18834,19443,20985,22849,23183,23500,22863,22640,23149,23064,23963,24170,25575,27167,28512,29758,30271,32652,35596,39364,42492,45332,47144,50184
45055,"Kershaw, SC",24273,24411,24984,25844,27465,28351,30593,31631,32831,32009,32299,33148,34859,35348,36181,38906,39186,40611,41947,43966,45992,51923,53637,56535,60737
45057,"Lancaster, SC",20906,22719,22914,23295,23847,24452,25899,27242,29871,29133,30957,33060,34614,36140,37842,41964,44846,48709,51563,52040,50496,53479,55549,58213,61082
45059,"Laurens, SC",20739,21240,21194,21607,23593,24471,25237,26660,27302,26840,27638,28696,29214,29463,30982,31941,32542,34047,34804,36093,39448,42697,42396,44177,46035
45061,"Lee, SC",18050,18474,17906,18755,19458,20262,20410,21067,22344,23104,24129,25325,26199,27344,26665,27860,29894,30420,31736,34130,37471,41544,43051,44602,46925
45063,"Lexington, SC",29570,29676,30515,31230,31733,32623,34305,35606,36156,35031,35166,36890,38199,38810,40476,42638,43886,45823,46574,48863,52036,56277,57381,60641,64070
45065,"McCormick, SC",17752,18124,18421,18734,20203,21465,23123,24729,26199,26067,26243,28112,28739,28604,30090,31966,33334,35592,37985,39341,42456,46338,47292,50413,53670
45067,"Marion, SC",18318,18708,19109,20181,20612,21105,22078,23541,24560,24517,25064,25746,25755,26541,28039,28974,29509,30747,32451,34392,37409,41431,41686,44201,47091
45069,"Marlboro, SC",17407,18070,17766,18717,19510,20565,20203,20379,21486,21600,22128,23444,24234,26030,26372,27333,28748,29588,30877,31212,34467,38741,38071,38593,41332
45071,"Newberry, SC",20949,22201,22136,23285,24848,25732,27131,29059,30509,30404,30287,31404,32256,33055,33878,35625,36023,37118,37565,40174,42723,47345,48062,50521,53782
45073,"Oconee, SC",24559,25817,25985,26585,27717,28469,29874,31324,33429,31901,32501,34839,35458,35746,37481,39060,40315,42293,44305,46073,48176,53881,55147,58313,61307
45075,"Orangeburg, SC",20237,21053,21590,22214,23259,24160,25529,26308,27173,26736,27196,28119,28116,28737,29881,31030,31806,33095,34128,35364,38575,42415,42603,44718,47455
45077,"Pickens, SC",21508,22551,23276,24118,24492,25692,27057,28297,29622,28104,28910,29986,31206,31881,32841,33955,34848,36093,37315,38870,40847,45604,46934,49450,52091
45079,"Richland, SC",28145,28304,28882,29443,30584,32058,34067,35235,36633,35259,35681,36835,37727,38154,39836,41488,42111,43685,44689,46532,49099,53804,53941,57147,60580
45081,"Saluda, SC",21516,22080,21632,22708,25370,25850,26387,27130,28786,29731,29121,29368,30411,31623,32243,34482,34129,35994,36048,37337,39041,44258,44540,46430,49268
45083,"Spartanburg, SC",25103,25570,26195,26518,27841,29106,30856,32213,33539,31255,32029,33779,35872,34763,37617,39160,40564,41114,41940,44458,47964,53246,51411,53680,55886
45085,"Sumter, SC",21365,21951,23081,24224,25426,26436,27926,29167,30070,29366,30032,31799,33327,33263,34462,35301,36128,37382,38728,39673,42709,46856,47575,49460,52221
45087,"Union, SC",20633,21204,21602,22189,23036,23998,24599,25643,26317,25751,26229,26872,27323,27451,28669,29668,29582,30922,32152,34419,36602,38706,39062,41034,43154
45089,"Williamsburg, SC",16266,17413,17092,18200,18473,19676,20224,21035,22665,23664,25270,26551,25871,26966,27953,28320,29314,30511,31415,33154,36819,39726,39211,40881,43661
45091,"York, SC",26441,27476,28274,28736,29734,31324,32866,34195,35200,33497,33693,36085,38189,38226,40181,42031,43792,45916,47648,49720,52394,57261,59612,63406,66502
46003,"Aurora, SD",25899,26221,24320,34044,33038,28853,29232,40328,45146,38368,37234,50721,39671,42196,40772,40981,38215,35540,38120,39653,47293,56142,60456,65064,56122
46005,"Beadle, SD",28236,27855,26571,28879,32176,32846,34825,38888,45215,40642,38810,47957,42320,43135,45421,47630,47821,45424,45858,47965,51943,57578,59380,65885,64412
46007,"Bennett, SD",20172,20772,18478,22510,21514,25060,22564,24156,25836,25910,26008,26694,29013,28947,33280,32432,30546,32592,35287,36173,41517,46030,50179,52088,50050
46009,"Bon Homme, SD",22851,23335,21591,26222,28421,26630,26833,29617,31258,30544,31891,38028,35501,29259,28683,31928,33710,34848,37626,40721,42713,48207,58587,55324,51442
46011,"Brookings, SD",24705,24604,24305,25814,27485,28855,29560,33107,35458,34989,35347,39415,40033,41185,42903,44622,44273,44450,46012,47486,50957,55482,59570,64436,66775
46013,"Brown, SD",28479,29970,30498,31717,34655,36704,38895,41345,43467,40309,41499,46485,47895,50043,50188,51878,50366,50031,53334,54383,61217,70527,73637,79311,79984
46015,"Brule, SD",24551,25873,23795,28229,27772,28217,25204,32024,38288,35999,36978,46725,40052,41566,42416,41890,38770,44160,45849,46139,52439,62696,72026,75507,73229
46017,"Buffalo, SD",12900,13920,12605,17041,17528,17653,14472,19071,20847,21137,22417,25434,25833,26150,22247,21388,19849,23700,22627,20769,26859,34958,37591,38031,34242
46019,"Butte, SD",21061,21428,22024,23434,24846,26854,28230,28605,27875,26770,28962,30877,31721,32237,35584,35541,36405,38012,38716,40436,43790,48350,48025,52807,55658
46021,"Campbell, SD",27012,26332,20174,24860,25917,28414,18745,36119,42407,33142,35106,49873,43672,54286,49148,44141,41755,42771,50215,45515,68355,83206,83191,77643,68765
46023,"Charles Mix, SD",23344,25135,22279,26881,27368,26933,26039,30684,33750,34321,36215,40960,38255,35203,35216,34904,33775,34147,38086,40355,46336,51487,54833,58553,56278
46025,"Clark, SD",25784,24330,23144,25945,29855,29150,24480,32869,38956,35664,34227,54047,48182,58319,52594,46458,44000,41977,46209,47086,66269,75560,88785,96438,87398
46027,"Clay, SD",24810,23005,22787,24705,27272,25950,27369,29014,31613,32693,32493,33409,31751,32210,32414,33895,35187,34664,37067,39687,40907,45275,48740,50222,51050
46029,"Codington, SD",26765,26954,27187,28803,30879,30993,31992,34902,36948,35402,37647,40606,42357,41751,42169,43987,44353,46515,48303,50516,55858,66690,64416,69475,71817
46031,"Corson, SD",18839,19063,15908,22342,20058,21868,17910,21374,23865,22374,24704,30144,30473,28564,31209,27767,25182,27921,27529,28188,33086,40275,42573,41853,41246
46033,"Custer, SD",23100,25198,25785,27592,28972,29603,30607,32158,33933,34283,33671,37334,39285,40255,44943,46502,48121,49530,50979,53197,56037,62618,64150,69825,72654
46035,"Davison, SD",27598,28469,28454,30934,32088,33364,33705,37112,38160,38198,39552,43057,41937,42719,44780,48046,47932,48073,49511,51058,55384,60899,65503,70549,72648
46037,"Day, SD",22936,24233,23201,25487,27980,26640,24680,30894,35782,34823,36634,44627,44929,50957,46434,45877,44489,43385,46966,45652,61797,69772,73056,76415,72389
46039,"Deuel, SD",24681,25339,25094,28216,29657,30526,30037,37266,38905,38288,43329,54316,50842,53800,52066,51155,48736,48214,48701,51221,62278,66556,71089,77538,79895
46041,"Dewey, SD",17472,18469,18642,21049,22346,23465,22428,25782,29645,30270,34733,39175,38474,38952,41335,38603,36449,37823,38607,40511,50614,55443,56096,58155,57103
46043,"Douglas, SD",25413,26376,23077,29873,32420,30288,30762,36900,40514,42434,45903,55042,49767,44839,47673,49121,46794,47422,51710,59695,62231,69993,76832,79276,73191
46045,"Edmunds, SD",26926,28093,23926,29300,34576,34745,28138,39490,47183,42382,37292,55174,48562,57584,53940,48557,45056,44471,53396,52334,65682,90527,100520,94363,86216
46047,"Fall River, SD",22157,24811,25397,27280,29595,31479,32601,32579,32812,31838,35222,40850,39493,38393,41578,42618,41870,42807,43896,46026,49948,54934,55084,61844,64712
46049,"Faulk, SD",27101,25853,23204,26373,30908,29603,20675,35971,49286,42397,38455,61800,56014,68499,61390,50082,44387,45978,55232,58809,70444,87141,100274,97959,86022
46051,"Grant, SD",25257,26228,26080,27427,32822,43921,61972,59100,48998,39269,40856,49035,43947,53210,57230,61764,54281,50612,50904,50906,58029,66487,71389,75650,77092
46053,"Gregory, SD",23090,26908,23393,29903,28803,31208,28553,34985,38656,35938,36085,47000,37206,37431,40811,40807,39987,42494,44457,46335,52557,59774,60998,66277,62902
46055,"Haakon, SD",34203,33312,28903,41515,37046,44571,33803,38785,42602,33048,37947,44695,41929,42756,48508,46571,42844,45436,51786,47024,71394,77023,84629,87505,71499
46057,"Hamlin, SD",22431,23431,22761,25905,28625,28929,28465,34424,35980,33519,31981,40787,40195,43087,39517,40763,41197,41982,43865,44066,53315,62497,66274,71028,70519
46059,"Hand, SD",29856,32100,25330,31385,38138,38076,25093,39691,48249,41966,37217,54554,51512,62560,53665,47833,45481,50285,55104,54255,67784,83672,88086,91388,81841
46061,"Hanson, SD",22944,21933,20859,26050,32622,31631,34706,42230,48594,51329,53059,60616,57253,57658,57037,56460,55451,57229,60467,64909,69572,75624,83127,85583,79756
46063,"Harding, SD",22447,24886,22542,28824,28829,32535,27232,30827,34494,29827,34600,46385,53412,50640,62498,51621,45213,50496,45372,52912,45758,62337,52474,50490,61402
46065,"Hughes, SD",28849,29434,29729,31383,33064,35863,36813,39381,43463,40616,44857,46494,46392,46061,47032,48078,48815,49814,49699,53363,55760,62840,64346,70135,74747
46067,"Hutchinson, SD",24693,26231,24564,30221,32697,30806,33051,37963,38526,41615,47240,52111,46322,39002,37609,41816,44135,45044,48432,55965,55459,66155,75303,76913,73663
46069,"Hyde, SD",24910,25675,19995,29118,29767,32791,24615,34782,38969,33371,34370,54042,53959,60106,53007,46869,42899,54627,50513,49299,67210,76136,82309,83485,72554
46071,"Jackson, SD",16871,16776,16500,20267,19191,21854,18894,21475,23112,22967,24415,26943,25399,23427,28620,26873,25103,28785,31255,30103,37130,41248,45025,47693,47054
46073,"Jerauld, SD",29429,29741,26827,33316,35457,32991,28444,41214,38174,40106,38635,52080,46570,53463,46380,45269,43558,44245,45851,42610,55996,68260,83247,89151,73322
46075,"Jones, SD",26876,28764,22252,35798,34222,40496,31031,42718,49825,36248,38877,51101,55004,64925,59458,53870,44946,50355,50879,55015,58503,93808,77205,78093,78186
46077,"Kingsbury, SD",28097,29898,28936,34543,35596,33177,32852,42227,47239,44728,42058,56629,47848,57999,50583,50241,50115,48249,52902,55317,67287,73573,75600,83870,76703
46079,"Lake, SD",25119,25216,25889,28563,31698,41281,52829,51275,48552,41701,42419,49403,47745,52178,55510,57465,56828,54554,52308,56063,63073,71513,83974,100776,103883
46081,"Lawrence, SD",23552,24421,25934,26756,28500,30800,33108,35010,36601,36203,38068,39659,42165,41481,44649,46108,46446,48479,50878,53561,57889,67200,71453,75372,78616
46083,"Lincoln, SD",29044,30047,29550,31348,33373,38209,45455,49610,54234,50073,50216,53983,54733,53893,57859,61387,63533,63335,64985,67926,73446,81258,84295,88836,91853
46085,"Lyman, SD",22871,25269,20901,28242,26261,27366,22535,30448,41090,32464,36644,43786,43486,46108,39820,40344,35299,37554,41318,42011,47490,56014,59069,58933,52419
46087,"McCook, SD",28141,27041,26989,28758,32033,29379,32334,36400,41007,39661,40101,50179,43663,41008,39604,42634,43518,44881,46973,52962,59138,68436,73734,76552,75927
46089,"McPherson, SD",24176,25791,22161,28842,30030,32884,27648,34833,36542,32680,34437,43292,48395,52561,50848,46259,38173,38265,43255,41912,58793,72706,81818,81644,76160
46091,"Marshall, SD",23352,23355,23263,25796,28382,27677,27566,31696,35421,32766,38882,45860,47359,53514,53647,51444,45178,44613,51480,55093,76785,76989,78276,81911,81293
46093,"Meade, SD",24751,24646,25896,28755,29391,29589,30237,32284,33800,32399,34744,39225,39272,36118,38741,39273,39945,40166,41632,42576,48057,52867,54716,57567,59066
46095,"Mellette, SD",16768,17079,17558,20235,23329,24676,23444,25445,24942,22320,27355,28418,27027,25909,32887,29710,26079,31133,32415,30650,36136,45935,46862,51017,51842
46097,"Miner, SD",25871,24228,23138,28255,32062,30654,30483,36729,35823,43519,39157,50561,38520,45113,40425,42027,39674,39930,44124,47177,58555,70495,77792,84598,73798
46099,"Minnehaha, SD",31201,31684,32714,33808,35638,37753,39815,42337,44286,43760,45787,45080,48160,46208,49260,52133,52512,54736,57131,61548,65108,72829,72108,75162,78658
46101,"Moody, SD",26376,25993,25365,27971,30451,30982,31447,37684,38494,37163,39631,49700,47416,51459,48767,50146,48279,46313,50041,51316,59858,66351,66130,73391,71846
46102,"Oglala Lakota, SD*",12820,14090,14683,16116,16641,17153,16591,17212,18954,19839,21835,22717,22306,21784,23902,23707,23859,24772,25834,26454,31420,36990,36599,36693,38762
46103,"Pennington, SD",27152,29506,30546,31955,34297,36162,37290,39100,40434,40091,41863,42582,45045,44600,47813,48693,49851,51287,53109,55789,60509,67806,70240,74667,78464
46105,"Perkins, SD",25785,28640,23528,31052,29421,32119,26335,29913,31795,31607,36334,37212,39455,39240,45501,39063,36751,43315,39783,39848,46622,52111,54961,54629,56935
46107,"Potter, SD",34263,38608,31705,41701,44566,44249,38569,53270,70891,67327,85764,94598,111143,115604,94004,74067,55509,56263,58241,66083,76798,78860,82149,72812,65306
46109,"Roberts, SD",20690,20435,20857,21884,25246,24745,24702,29121,30550,29293,30023,34110,35270,39717,36904,37058,35248,34450,37666,36841,45495,50753,55625,58437,58604
46111,"Sanborn, SD",29750,30619,28351,35766,37479,36403,33788,39608,35810,40255,37726,49527,38373,46764,43811,45040,42433,40044,45632,52805,62421,63974,65808,74944,62718
46115,"Spink, SD",30841,29094,26831,33697,39487,36028,32066,41320,55218,49039,47311,59346,56176,69423,59818,58544,54192,51493,54155,54859,73086,81702,92010,108047,100787
46117,"Stanley, SD",30353,32103,30693,37484,34491,38101,34460,39084,45862,46721,45990,54134,56253,60506,60075,62628,59899,64352,58581,64697,63773,80994,77991,82734,84536
46119,"Sully, SD",44715,40374,24367,49579,54798,54430,34994,55443,108075,53882,77030,97347,86496,105778,71221,60701,55737,66952,70568,71016,92607,103930,108677,110162,85843
46121,"Todd, SD",13724,13897,14765,16148,16305,17819,17705,18953,20228,20985,22491,23609,23416,23377,25552,25330,24379,25371,26956,28244,31779,38043,36342,38427,40540
46123,"Tripp, SD",22050,25493,21972,27566,27577,29347,25206,31903,35093,34639,36557,48137,42594,44123,45982,44757,40346,43591,47440,47349,55260,61674,67065,70030,68414
46125,"Turner, SD",27839,27855,27533,31820,35576,38284,52160,51450,47681,41128,43261,52195,43404,42627,47814,58105,63100,53945,49691,55443,55569,65795,77722,94225,91710
46127,"Union, SD",40221,41900,41484,44856,49727,54884,62971,70074,77995,76071,91962,80313,86943,77322,81749,90924,90202,97753,106356,114635,113223,120814,131212,144856,146712
46129,"Walworth, SD",24912,25112,23742,26003,27582,29778,27103,33255,37466,36740,37985,40092,42286,43410,43190,43303,42704,44828,45318,44973,53310,61767,64234,68107,67680
46135,"Yankton, SD",25109,26335,26269,27979,29280,30399,32990,35399,37818,37990,40101,41857,40543,37892,40004,42098,43841,45681,47999,50922,54246,63344,67210,72867,74264
46137,"Ziebach, SD",13365,13917,12940,14839,14461,15777,10924,13688,18750,15496,15987,19340,18372,21295,25951,23070,20157,19638,21767,20135,27935,32680,37106,40538,32778
47001,"Anderson, TN",25406,28071,29324,29572,29677,30601,31918,33098,34167,33471,34711,36365,36227,35966,37043,38249,39227,39857,41664,43828,46728,51412,53486,57410,59997
47003,"Bedford, TN",22975,23901,22855,23787,25265,26109,26709,27248,27358,26549,27145,28787,29859,31840,33339,34042,34943,36095,37249,38968,41275,45699,47362,49346,52401
47005,"Benton, TN",19941,19367,20038,20833,21898,23221,24324,25705,27221,27217,27991,29063,29702,29867,30075,30959,31514,33114,33688,35240,37793,41739,41806,44866,47241
47007,"Bledsoe, TN",17850,17457,17220,17377,18017,18030,17818,17891,18400,19403,20209,21812,23317,23369,23446,24469,24166,25277,26404,28420,30604,34463,35348,36978,38520
47009,"Blount, TN",24522,25472,26286,27567,28382,29154,30130,31215,32150,31189,32220,33985,35543,35933,36786,38632,39652,41143,43538,45405,48445,53099,55330,59581,63260
47011,"Bradley, TN",23843,23548,23995,25382,26637,27326,28928,30132,31608,30658,31534,33328,34806,34712,35353,36476,36898,37532,38993,40067,43067,46749,47982,50540,52951
47013,"Campbell, TN",18387,18873,19605,20566,21821,22858,23315,24559,26021,25999,27283,28132,29179,29528,29715,31136,31437,32233,33584,35793,38353,42728,43139,45553,47677
47015,"Cannon, TN",22312,21971,23156,24314,24809,26059,26457,27359,27131,26681,27918,29241,30543,30907,32188,33360,34007,35022,35605,37328,39906,44346,46643,48924,51584
47017,"Carroll, TN",21264,21624,22417,23820,24506,26094,26968,27620,29182,29457,30441,31604,31196,31925,31494,32239,32221,33310,33637,36775,38645,42554,42328,44829,46675
47019,"Carter, TN",19314,19898,20498,21057,22763,23371,24257,25596,26320,26445,27473,28973,29346,29272,30235,30875,31189,32447,33375,35058,37340,40755,40838,43028,45463
47021,"Cheatham, TN",26069,25846,26744,27565,28059,28899,30285,31604,32194,30590,31855,34059,35782,35975,36573,39298,41033,42059,43972,46794,49306,53986,57784,61399,64605
47023,"Chester, TN",20636,19930,19647,20921,20733,22363,23102,24225,25276,25775,26433,27994,29235,29232,29418,30390,31175,32348,33423,35324,38749,41955,40903,43413,45805
47025,"Claiborne, TN",19932,20831,20967,21478,22926,24315,25060,26034,27038,27015,28164,29483,31032,30775,30865,32098,32474,33414,34840,36503,38980,42212,42834,44546,45523
47027,"Clay, TN",18874,19111,19444,20012,21905,22425,22898,24132,25865,25560,26648,28388,28261,28104,28785,29313,28522,30154,31640,32168,33682,39822,41175,41743,45901
47029,"Cocke, TN",18305,18644,19522,19993,20751,21427,22169,23261,24420,24473,25420,27098,27426,28003,28256,29791,30372,31145,32126,34199,37132,41072,40715,43063,46015
47031,"Coffee, TN",23674,23639,24442,25602,26516,27283,27745,28936,30119,30093,31145,32254,33193,33558,34670,36024,36096,36788,38005,40887,43377,46881,47715,50742,53153
47033,"Crockett, TN",23652,22136,22434,24084,24426,25902,27336,27994,29403,29809,31671,35431,33591,36082,34189,33952,34236,35959,38179,42264,44207,49162,47806,52087,53889
47035,"Cumberland, TN",22128,22087,22062,23056,24070,24894,26039,26934,27878,28100,29397,30645,31714,31882,32770,33902,34706,35837,36580,38695,41422,45003,45442,49751,52483
47037,"Davidson, TN",35741,36469,37594,38749,39025,39438,42199,42909,44527,45631,47174,48868,49289,48339,51490,53757,56482,60052,65594,69909,73758,83479,87363,94850,99647
47039,"Decatur, TN",20782,20800,20944,22309,24928,26087,27096,28295,29767,32024,33760,36271,38482,38973,38832,39925,39626,39769,41731,43643,45833,49700,49075,52618,55814
47041,"DeKalb, TN",20299,20987,21653,22702,23395,24699,25772,27141,28049,28522,30161,31203,33207,34279,35085,37397,38138,39023,40936,41768,44715,48547,48548,49539,51129
47043,"Dickson, TN",24029,22953,23088,23713,25369,26694,28403,29610,30214,29360,30866,31930,32935,33038,34383,36121,37592,38915,40445,43402,45916,50406,52943,56638,59620
47045,"Dyer, TN",23113,24006,24317,25575,27754,28723,29882,30975,31967,31659,32955,35132,35611,36375,36804,37065,37031,37999,39312,42038,46438,52203,50839,54517,57057
47047,"Fayette, TN",26452,27005,28063,29727,30990,33533,36739,38052,40248,40250,40731,42848,45011,45915,46310,49202,51218,52692,54013,58504,63215,72332,76378,80913,83543
47049,"Fentress, TN",19824,19568,19611,20064,21871,22658,22874,24059,25026,24704,25285,25767,27071,28672,28592,29997,30367,31261,32803,34975,38132,42560,41578,44418,47421
47051,"Franklin, TN",21322,22694,22723,23830,25670,26637,27060,28084,29177,28809,29885,31027,32639,32966,33688,35223,35628,37021,38247,40189,43024,46627,47700,50400,53240
47053,"Gibson, TN",22486,22557,22948,24974,25897,26716,27381,28726,29720,30139,30850,32511,32995,34353,34203,34441,34149,35365,36565,39499,42576,46738,46660,50277,52194
47055,"Giles, TN",23202,22718,23057,23407,24345,25375,25502,27010,28549,27757,29196,30403,31391,31903,32754,34339,35518,36481,36898,37988,40335,44082,44988,48303,50868
47057,"Grainger, TN",19605,19312,20113,20298,21343,22045,22853,23721,24594,24398,25325,26562,27746,27965,28607,30405,30511,32033,33668,35161,38045,42967,43619,46082,48728
47059,"Greene, TN",23417,23662,24427,26941,28806,29391,29214,30830,32005,30795,32295,33232,33998,34854,34940,34842,33675,34638,35478,37218,39481,42569,43709,45594,48197
47061,"Grundy, TN",18305,18624,18493,19457,20977,21660,21545,21935,22845,23360,24882,26485,27294,27925,27829,29121,29903,31016,32109,33517,36205,39294,38852,40944,43237
47063,"Hamblen, TN",23121,23653,24629,25415,26473,26268,26822,27442,28494,28786,29471,32045,31998,32212,33089,34713,35003,35527,36844,38478,41339,47565,47779,50537,52916
47065,"Hamilton, TN",30862,30614,30960,32295,33597,34646,36503,37888,39141,38458,40245,42314,44418,43717,44746,47000,47718,49678,51619,53766,56178,59822,62149,66484,69042
47067,"Hancock, TN",14443,14905,15331,15914,16342,16964,17604,18432,20077,20412,21185,21686,22694,22861,23899,24853,24618,25221,26139,27451,30654,33402,32288,33308,35020
47069,"Hardeman, TN",16961,17214,17424,18480,18942,19926,20364,21230,22468,22601,23510,24611,25292,26274,25788,26592,26931,27563,28361,30425,32684,36311,35007,37255,38952
47071,"Hardin, TN",21337,22085,22081,22729,24458,25758,26200,27693,29520,29799,30662,32768,34259,34439,33892,33949,34385,35571,37459,38877,41635,45270,44927,48081,50125
47073,"Hawkins, TN",20621,21270,21609,21879,23012,23432,24200,25469,26748,26562,27872,29281,30231,29779,30478,31463,31714,32500,34074,35376,37991,41547,41852,44318,46925
47075,"Haywood, TN",20697,19853,19823,21027,21942,23034,24087,24501,26040,26888,26416,30606,29375,31762,28362,28244,29462,30224,31154,33448,36161,40575,38397,41439,42941
47077,"Henderson, TN",22008,21220,21179,22223,24277,25097,25767,26693,27805,27206,28735,29986,31209,31266,31833,32416,32837,34325,35847,37598,40796,46563,45961,49309,52917
47079,"Henry, TN",22686,22505,22428,23792,25968,27186,27416,27830,29074,30183,31055,33447,35025,36245,36755,37553,37803,39309,40026,42659,47107,52091,53630,57009,57360
47081,"Hickman, TN",17528,18693,18788,19605,21013,22155,22904,23848,24222,23766,24567,26188,27439,27858,28247,29870,30330,31948,33318,35809,37928,42145,43455,45751,48075
47083,"Houston, TN",19201,19312,19918,20976,22526,23674,23799,24510,24626,24791,26438,28007,28254,28065,29177,29619,28974,30770,31664,34361,36452,39565,39626,41763,44887
47085,"Humphreys, TN",22082,21987,22342,23120,24086,25138,25758,26986,27867,28200,30178,31413,32681,33212,34255,35713,35406,36853,36795,39173,41128,44543,44653,48234,51055
47087,"Jackson, TN",18624,19102,19736,19815,21419,21761,22450,23290,23805,23795,25207,25789,26408,27105,27772,27878,28502,29502,31321,33307,35539,38313,37998,40097,42169
47089,"Jefferson, TN",21549,21782,22188,22848,23800,24788,25423,26445,27644,26885,28123,29156,29864,30226,31327,32503,33296,34945,36920,38517,41109,45553,45646,48809,51358
47091,"Johnson, TN",15397,16569,17842,18353,19477,19479,20783,22765,24236,24930,25046,25941,26732,26885,27244,29108,29445,30957,31589,33087,35495,38800,39315,41555,43934
47093,"Knox, TN",29781,29068,29834,30700,32265,33386,35079,36181,37190,35959,37380,39550,41731,41167,42752,44559,45574,47012,49770,52249,56035,63058,63551,69454,72840
47095,"Lake, TN",13481,13616,14195,15164,16812,17594,18086,19346,21477,20442,19586,22278,22247,24953,22882,21583,20710,21215,20908,24661,26506,32871,30050,32847,31572
47097,"Lauderdale, TN",18212,17817,18151,19395,20128,20974,21887,23114,23648,23071,22973,25118,25022,26214,25722,26341,28348,28472,29967,33259,36460,41936,39427,42622,42471
47099,"Lawrence, TN",20829,21385,21876,22786,23502,23765,24096,25082,26733,26551,27366,28454,29542,30032,30215,31221,32170,33505,34129,35673,37780,41933,41749,44309,46836
47101,"Lewis, TN",18093,18365,18542,18997,20366,21060,21409,22000,23236,23637,24499,25345,26398,27369,29104,30202,31512,32251,33721,36011,39299,41793,42211,46245,48574
47103,"Lincoln, TN",22013,22755,23326,24314,26133,27467,28532,29461,30481,30416,31566,33730,34279,35343,35694,36818,37304,37972,38923,41434,44683,49483,49332,52938,56519
47105,"Loudon, TN",25550,26679,27599,28605,30632,31580,32663,33912,35828,35675,36654,39544,40653,40762,41669,43259,44795,47227,48939,54457,57719,64955,66975,70294,73616
47107,"McMinn, TN",20886,21597,22190,23185,24548,25686,26523,27505,28344,27634,28697,29722,30787,31276,31838,32957,33624,34889,36439,37581,40836,43631,43999,46444,48697
47109,"McNairy, TN",22010,21635,22428,22944,23299,23987,24283,24630,25394,25360,26620,27466,28334,28570,29049,29500,30278,30780,32111,33511,35884,39066,38320,40957,43374
47111,"Macon, TN",21123,20985,21194,21358,23032,24061,23974,24504,25505,24976,25976,27313,29088,28222,29047,30398,30680,31499,32125,33393,35341,39453,40946,41637,43881
47113,"Madison, TN",26400,24938,25654,27033,28764,29269,29755,31276,32332,32600,33765,36807,36894,36401,36683,38402,39370,40661,41642,43707,46888,52255,52009,55964,58880
47115,"Marion, TN",21832,21922,22371,23001,25195,26862,28717,29594,30756,29235,30972,32106,32711,32747,33370,35021,36637,37912,38769,40056,42761,47600,49518,52049,53958
47117,"Marshall, TN",24217,24324,24994,23878,25262,25824,26642,27655,28462,26880,27292,28405,30094,31237,32446,34186,35755,36785,38067,40353,43283,47482,49192,52013,54587
47119,"Maury, TN",26875,26499,27715,28516,28639,29070,30225,30820,32133,30890,31776,33549,35216,35857,36158,37296,38879,40226,41663,45009,47907,52041,54367,57810,60899
47121,"Meigs, TN",18088,17724,18650,19500,20538,21256,22210,23150,23834,24035,25271,27557,28800,29493,30270,30788,30873,32531,32754,34711,37375,40016,40507,41227,42410
47123,"Monroe, TN",17836,19747,20364,21488,23341,24542,25278,25682,25728,24662,25375,27565,28542,28711,29403,30777,31957,32963,34156,36099,38462,42349,42458,45460,47859
47125,"Montgomery, TN",25195,24831,26424,28067,29775,32304,34434,34435,37147,36667,38616,41302,39811,38977,38331,39028,39335,39956,40698,42235,45602,49729,49976,51954,54347
47127,"Moore, TN",20981,22445,21370,22105,24486,25694,26246,27114,28627,28573,29967,32384,34409,35552,37426,38180,37449,38484,39778,43073,44746,49275,48807,51936,55854
47129,"Morgan, TN",17567,17555,17368,17476,19168,20918,21662,22205,23661,23606,24339,25259,25978,26057,26036,27622,27798,28694,29996,32205,34183,37269,38518,40685,42713
47131,"Obion, TN",25382,25222,26072,26997,27675,29248,29194,30959,32720,33356,32692,35418,34341,34922,34838,35289,35303,36539,37975,40180,43903,50374,49177,52387,53927
47133,"Overton, TN",18525,19491,20164,21221,21311,22200,22203,23057,24459,24653,25819,26823,27597,28353,29134,30263,30969,32457,34024,34871,37657,40857,40372,42713,44960
47135,"Perry, TN",21884,20904,20175,20895,22868,23916,23385,23754,24005,24421,25244,26820,28071,28704,29753,30359,31070,31783,33343,34136,35159,37775,35813,38942,41306
47137,"Pickett, TN",17643,17679,17635,18032,20415,21132,21368,23254,25099,25519,27383,28347,30434,30969,32990,37289,37690,39859,41208,40377,42711,43360,41542,44642,48749
47139,"Polk, TN",20399,22029,22232,22463,24051,24388,24481,25980,26746,26144,27131,27834,29275,29741,30069,30465,30768,31549,32209,33373,36066,40377,41729,42885,45397
47141,"Putnam, TN",23228,24209,24699,25683,27020,27481,28036,29027,29742,30301,31779,33449,34588,34221,34823,36616,37031,38075,39515,41431,44321,48354,48634,51932,54582
47143,"Rhea, TN",20054,20395,21585,22793,23483,24118,25462,26640,27568,27421,27763,29210,29970,30244,31328,32841,32738,33431,34582,35992,39075,43217,43329,45877,48059
47145,"Roane, TN",22840,22653,23997,25215,27039,27945,28871,30189,31727,31407,33192,34420,35175,35190,36081,37048,38081,39552,40711,43514,45787,49927,50756,53743,56431
47147,"Robertson, TN",25988,25698,25857,26507,28565,29680,30600,31315,32597,31554,31992,33307,35282,35501,36182,37542,38330,40108,41538,44202,46756,51861,54089,57473,60128
47149,"Rutherford, TN",27093,25914,26468,27491,29585,30686,31248,31808,32409,30677,31552,33011,34813,35245,36168,37661,38588,39347,40874,43020,45714,50204,52042,55514,58345
47151,"Scott, TN",17317,18348,18443,18821,20038,20841,21181,22487,23219,23516,24268,25379,25711,26396,27011,27760,27876,28565,30438,31393,34366,37821,37283,39153,41001
47153,"Sequatchie, TN",20066,20058,19953,20887,23155,24639,26531,27209,28774,27622,28666,30198,31829,31708,32124,33414,34017,35346,36503,37542,40924,45627,45485,48190,50032
47155,"Sevier, TN",22898,23985,24903,25352,26672,27336,28371,29346,29729,29393,30107,31242,32586,33185,34285,36022,37007,38386,40197,42738,45255,51785,54323,60508,63846
47157,"Shelby, TN",31676,33532,34175,34938,36038,36757,38581,39786,39622,38033,39377,41059,42664,42188,43206,44538,45326,46850,48634,50562,53465,59426,58667,63174,65448
47159,"Smith, TN",22111,22603,22766,23226,24893,26020,26527,29063,30488,29083,29528,30539,31581,32962,33657,34408,34815,36325,38848,41454,43471,48273,47843,50576,53117
47161,"Stewart, TN",19606,21377,22238,24113,25001,28548,30540,31505,34603,35079,36999,38539,38131,36972,36808,38464,39416,39853,40636,42450,45573,49310,48563,51009,53742
47163,"Sullivan, TN",24891,25720,26395,27117,28490,29190,30893,32631,33983,33580,34296,36302,37548,37106,37549,38542,39355,40450,42308,43694,46803,51193,51657,55109,58128
47165,"Sumner, TN",27562,27764,28135,28948,31190,32484,33955,35153,35935,34863,36099,37819,40415,40739,41447,43393,44485,46402,48248,51719,54917,60382,64969,69993,73326
47167,"Tipton, TN",23503,23535,23414,24086,26434,27710,28447,29330,30310,29898,30534,32254,32984,33844,34215,35416,36720,37950,39309,41636,44396,49765,49909,52400,53752
47169,"Trousdale, TN",20609,21156,21552,22621,25444,26202,27282,28113,28909,27887,29406,30775,31377,31793,32775,34106,28781,28333,29878,31934,33565,37681,38270,39899,43154
47171,"Unicoi, TN",22128,23564,23932,25001,26835,27563,27901,28691,29966,29380,30516,32006,32251,32690,33171,33578,33161,34002,35475,36808,39314,42941,43486,46222,48861
47173,"Union, TN",17835,18855,19179,19052,20873,21858,22545,22934,23809,23568,25060,25963,26936,27280,27999,29244,30264,31062,32605,34287,36270,41041,41274,43329,45355
47175,"Van Buren, TN",19167,18002,17754,18457,20619,20965,21164,21391,21778,21893,22795,25048,25914,27218,27331,28627,27999,28340,29207,31317,34166,36769,34753,36561,38884
47177,"Warren, TN",21006,19986,20711,21543,23520,24582,25403,25859,26782,26314,27322,28143,30219,30738,31410,32508,33055,33900,34753,36526,39257,42963,42472,44988,47359
47179,"Washington, TN",24072,24927,25283,26079,27986,28520,29984,31684,33065,32960,34188,36249,37219,36707,37320,39142,39451,40681,42192,44654,47557,52994,52922,57135,60449
47181,"Wayne, TN",15317,16125,16692,17591,19502,20078,20626,22284,23127,22637,23578,23883,24427,24530,25489,25934,25407,26658,28311,29925,32982,35796,36548,39912,42777
47183,"Weakley, TN",20959,21551,21467,22376,23721,24869,25175,26295,27425,27972,28215,30351,30287,32388,32321,32289,32865,34073,35052,38167,40716,46024,45569,47681,48495
47185,"White, TN",19143,19939,20524,21366,23915,24380,24934,25547,26404,25628,26802,28058,29041,28797,29392,30508,30920,31711,32690,34984,37771,42464,41258,43379,45273
47187,"Williamson, TN",41452,44544,44220,45547,50495,54134,58349,59430,60291,59237,66252,72128,78323,79329,82978,89786,90679,89725,91331,94540,99340,113238,121528,133280,139704
47189,"Wilson, TN",30654,29472,29572,30099,32055,33148,34722,36767,37976,36882,37086,38280,40124,40706,41776,44077,45651,47268,49467,52325,54338,62232,64718,68887,72229
48001,"Anderson, TX",18154,19149,19371,19617,20271,21287,22527,24277,26286,25701,27257,28692,29885,30328,31389,32035,32919,32991,34281,36129,39074,43413,45353,46026,46581
48003,"Andrews, TX",20664,23318,23124,25091,26680,29387,33131,35213,40513,34301,36915,43305,48647,50812,54573,45613,40669,45710,51534,52905,48539,51467,55070,57996,60201
48005,"Angelina, TX",22439,23833,24453,25274,26061,27041,28564,30000,31720,30899,31880,33841,35474,34922,37117,37877,36873,37337,38930,40052,42720,46770,49084,51885,53573
48007,"Aransas, TX",23916,25330,25368,26068,28031,29944,32318,34300,36552,35872,38442,41324,45697,46730,47656,47980,43900,45625,51101,54443,55428,61126,63888,67289,70565
48009,"Archer, TX",25742,28239,28870,29474,29716,30486,33827,35770,40325,37499,39657,43233,46231,48791,51333,47073,46034,48011,50117,54073,56957,60546,65481,67193,69559
48011,"Armstrong, TX",22860,26781,29403,33051,34636,35245,36218,40925,39059,37061,40411,39319,37513,40792,42043,41827,42741,45689,52374,55281,60183,61517,67808,71578,70719
48013,"Atascosa, TX",19858,20487,20927,21364,21856,23245,25057,26296,28021,27210,29856,33542,36074,38395,40758,37679,35747,37920,39628,40562,42369,45657,47125,48763,50140
48015,"Austin, TX",26697,29171,29405,30238,31232,34025,37961,39930,43121,39483,40124,41935,47294,46278,48960,50105,47803,48968,49674,53070,55254,60499,62237,65854,67423
48017,"Bailey, TX",24132,25388,23505,24584,24295,27105,27374,28430,29545,26838,31858,34183,35532,36517,42075,42310,37639,41369,41140,44380,52129,54035,51051,59074,59187
48019,"Bandera, TX",26787,27107,26880,27475,28804,30689,32183,32684,35568,34358,34417,38025,40923,43405,44688,45377,45971,47352,50019,53483,54321,58541,59469,62933,65926
48021,"Bastrop, TX",22692,23559,23387,23664,24046,25376,26381,27704,28876,28439,29140,29842,30613,30906,31934,33071,32777,34101,35344,37496,40055,43518,45679,47879,49858
48023,"Baylor, TX",21630,25177,25832,27693,28016,28332,29577,29869,34469,32190,33736,35961,36982,39124,42709,42353,39987,42893,45030,48167,55553,59173,65779,63864,63915
48025,"Bee, TX",15479,16196,16122,17106,17850,19433,20445,21477,25016,22655,25201,26184,28754,30180,31139,28195,26859,28454,29897,31065,32476,34229,35359,36453,37902
48027,"Bell, TX",24884,26158,27609,29515,30517,32609,35245,37292,39575,40383,39694,41373,40464,39312,39937,41147,40849,42244,42509,43370,46377,50157,49901,52493,55214
48029,"Bexar, TX",27478,28148,28436,29770,30300,31738,33571,34600,36473,34569,36075,38639,38896,39620,42125,42598,42337,44118,46610,46558,47849,51877,55474,58921,61160
48031,"Blanco, TX",27490,29551,30081,30070,31428,33359,36687,40281,47126,48232,41967,42387,45266,46673,49667,50112,50135,54099,56992,59830,64640,72779,74760,78221,82501
48033,"Borden, TX",20022,23325,29159,36333,36104,47273,33334,44501,44706,35702,48795,53623,62379,69327,59457,50252,41581,51840,75871,77529,67165,94963,154014,163540,136068
48035,"Bosque, TX",21748,23402,24214,25322,26116,28007,28589,29907,32609,32194,33413,35458,36370,36916,38754,38954,38770,39147,41678,43990,46802,51845,54489,58029,60828
48037,"Bowie, TX",22882,25136,26014,26361,27743,28923,29869,31621,33302,33194,34348,35793,36288,35246,35633,37394,37729,39116,39853,41044,45291,49283,49155,51729,53921
48039,"Brazoria, TX",26873,28584,28563,28816,29105,31000,33640,36484,38234,36920,37676,39797,41517,42914,45508,46689,46845,47291,48079,50554,52501,56367,57099,59015,60700
48041,"Brazos, TX",20208,21389,21707,22985,23625,24698,25941,26829,29141,28934,30284,31410,32885,33632,35409,35418,35449,37214,39887,40874,43224,48449,48173,50476,52970
48043,"Brewster, TX",23180,27713,27477,29890,31388,30626,32199,31013,33535,33979,36093,37534,36827,37853,41130,41314,42185,42171,45722,45451,49427,55674,55018,59219,64232
48045,"Briscoe, TX",22048,24974,24611,25823,23519,27937,24288,30211,27624,30771,37490,32103,31238,44123,37578,34976,34914,40710,44087,45799,45346,62994,74430,63507,57246
48047,"Brooks, TX",15592,18045,18144,20171,21285,22618,24521,25411,27389,26059,28448,31610,32782,32936,33932,34248,31720,32778,34270,35955,39820,43198,42584,45485,45372
48049,"Brown, TX",20612,21726,22081,22830,23202,24335,25150,26413,28013,28397,30250,31024,31322,32962,34585,35430,35218,36977,38642,40209,42941,46135,47576,50678,51791
48051,"Burleson, TX",21889,23516,24089,25403,26134,27600,30209,31408,33436,32771,35529,36809,39562,41173,42588,42859,41194,43548,46949,49747,51570,54152,58471,60204,62042
48053,"Burnet, TX",24224,26573,26756,27744,28815,30533,33544,35350,37560,35402,35639,37872,41924,40836,43677,44255,43764,45675,48836,52235,56616,61747,64314,66555,68613
48055,"Caldwell, TX",19829,20712,20762,21433,21659,23002,23598,24648,25815,25698,27730,30824,30917,29912,30371,31122,30997,31639,32386,34170,37882,40679,43372,44904,46291
48057,"Calhoun, TX",21531,22275,22083,22707,22193,23847,25459,28164,31919,28691,30570,34254,35326,38943,38664,38853,37759,39435,46149,55974,58570,63493,57667,57478,58872
48059,"Callahan, TX",21006,23155,23850,24669,24656,26040,27389,29076,29584,28478,30524,32201,34582,36130,38087,38254,37359,38288,41096,45608,48922,50701,52090,54675,56294
48061,"Cameron, TX",15558,16812,17555,18077,18237,18878,19804,20804,21982,22443,23613,24473,24806,25304,26134,26745,27375,27739,28931,30204,33569,38158,37642,38649,39990
48063,"Camp, TX",24046,25541,25851,26071,27394,28151,28913,29637,32222,32347,32726,33187,34510,36518,38512,40501,37838,38590,39855,40393,44747,50000,49530,51074,52528
48065,"Carson, TX",27884,29067,26680,27468,27519,28719,27679,33068,33360,33400,38941,36937,38228,43602,41867,42365,41112,43507,44079,48949,47416,56832,55413,61439,57997
48067,"Cass, TX",21083,21308,21513,22154,23698,24405,25061,26738,28686,28299,30586,32625,33693,33516,34799,35457,35472,36483,37966,39715,43661,46456,47381,49241,51139
48069,"Castro, TX",27758,27044,30494,37321,33757,39341,35084,38315,38613,32592,45068,52466,44443,44916,61884,73108,59569,64486,59814,67248,80193,84881,95420,110359,107286
48071,"Chambers, TX",27144,27976,27351,28337,30136,31179,33382,35602,38994,37775,40070,43684,45380,46579,48220,50406,50851,51720,54002,56833,58445,60237,61625,64811,66866
48073,"Cherokee, TX",21628,21642,21963,22185,22604,24449,25221,25722,27562,27309,28348,29262,30546,31377,32618,33429,33793,34430,35834,37450,40834,43375,44945,46864,48329
48075,"Childress, TX",15323,16854,17769,19081,19539,20706,19920,22301,23836,24695,24589,26874,24717,26905,26844,27846,29049,30440,31335,33503,35533,39433,47930,45350,45376
48077,"Clay, TX",22109,24048,23863,24034,25855,27486,29556,31397,37052,34374,36312,38118,40082,40492,42857,41306,42139,41523,44185,46000,48919,52425,54104,56587,58415
48079,"Cochran, TX",18304,22093,21896,21698,26886,32591,28289,30712,30891,28657,42437,32461,33773,41809,34757,33451,32675,40432,40193,40579,46185,58483,64552,50558,52714
48081,"Coke, TX",20103,22971,22980,23833,23196,22212,22996,25665,27518,28591,32001,34583,37829,38668,41583,39599,38819,39464,41833,43451,47727,51247,52621,56175,58295
48083,"Coleman, TX",20652,21332,21587,22891,22967,24029,25319,27047,30228,29246,31523,34794,36334,38298,41018,40511,37989,40614,42429,46499,50669,57577,59124,61761,61133
48085,"Collin, TX",45109,45140,43125,43066,43916,46532,48155,50096,51769,48100,50369,54861,56750,56674,58740,60973,62245,64347,66853,69820,71732,78164,82805,86864,89488
48087,"Collingsworth, TX",23164,27542,26975,32133,30648,31396,28111,29237,25198,28432,32099,31712,33543,40604,39562,39050,38718,38934,39805,44170,47572,55603,55010,60145,57854
48089,"Colorado, TX",23519,25485,25845,26786,28439,29367,31335,33813,36246,36440,37198,41096,40908,41908,43882,44805,43852,46899,47867,50992,55201,61324,59721,64782,65601
48091,"Comal, TX",29369,31747,32249,32955,34785,38064,40295,42758,45065,43824,45366,47754,50279,52084,54356,55089,56232,58447,60818,62407,64480,71464,72778,76058,79451
48093,"Comanche, TX",20977,22935,24602,25068,25665,25736,26034,26868,27820,28164,31729,33080,32356,33354,37794,36995,36127,38826,40535,43667,47872,51458,54503,56123,58488
48095,"Concho, TX",15077,18006,16841,18529,19378,19450,17546,19430,18259,18059,18636,20943,19242,21649,20746,20856,18840,27828,29366,31085,34914,39416,43796,43298,44706
48097,"Cooke, TX",24134,24843,24868,26413,27294,29487,32612,34679,41332,36810,39688,43115,45797,49034,52244,48503,45727,49554,50626,52240,54503,58839,60392,62773,64928
48099,"Coryell, TX",19551,20441,21834,23571,24041,25644,26957,27616,28601,29065,29589,30085,29720,29013,29946,30517,30551,31789,32509,32364,35018,37495,38145,39361,41184
48101,"Cottle, TX",25043,29763,31449,34984,35911,35336,35965,40713,37544,41264,40798,42403,43056,45528,50447,50425,50621,59140,62969,53247,59897,75685,99246,108140,116487
48103,"Crane, TX",19252,20239,20996,22443,22420,24763,29755,31449,35183,30536,32633,39915,44333,46008,49186,40773,37936,43422,50556,53872,49030,50288,54874,59115,60776
48105,"Crockett, TX",20301,25309,24215,28269,26495,29205,30222,29779,34642,30325,31569,38384,36923,38941,43536,38729,36726,42511,47664,52933,56824,58486,61379,69493,70106
48107,"Crosby, TX",21947,21984,22770,25937,29847,30638,26583,29489,27623,29958,37358,26339,27257,40213,32230,31008,32426,35112,37301,40777,44290,52342,55203,55679,49417
48109,"Culberson, TX",14523,15281,16623,17906,19410,20627,21752,24472,24522,29130,31115,32187,35133,37826,38663,39330,41345,44463,53242,56807,65390,70748,84634,96913,100342
48111,"Dallam, TX",34135,35966,35382,36505,39888,37287,35797,40042,42118,43244,46038,51802,52460,54926,59352,72204,59371,64247,58257,64131,71707,72712,69397,84423,81925
48113,"Dallas, TX",35464,35743,35570,35710,36088,38153,41118,42468,44706,39427,41143,47929,48446,49000,51646,52036,53266,56298,60699,63856,65821,72722,77402,82100,84975
48115,"Dawson, TX",17684,18475,19905,22182,23083,25436,23157,28132,24671,25408,32534,30114,31133,40768,35738,33239,33159,37312,42434,40585,43507,45806,57093,56535,53016
48117,"Deaf Smith, TX",26338,26463,22756,24894,23104,26234,24272,28301,28984,27783,35451,40597,37287,37221,47919,54683,46072,49537,46752,50735,58170,62663,66897,77929,75979
48119,"Delta, TX",19404,20199,20899,21690,21754,21786,22986,26040,26349,27658,29601,32213,31848,33609,34650,36548,38493,39165,38752,40944,44231,47844,48347,50633,51821
48121,"Denton, TX",32813,33723,33007,32821,34007,36984,39595,41267,43462,41361,42269,44638,46476,47894,49983,51948,53352,55147,58681,61847,64211,70807,74224,77601,80108
48123,"DeWitt, TX",20957,22432,21898,22984,22959,25002,26154,28547,31682,29906,33677,38729,45142,51254,60709,60540,50404,53524,62254,59176,55106,62317,75852,75056,75556
48125,"Dickens, TX",16270,17257,17817,19983,21559,22260,22488,25080,23362,23854,26994,26871,28542,29499,32815,34087,33313,35612,38329,39927,44973,49020,55138,58439,57692
48127,"Dimmit, TX",13648,15223,15771,16653,17308,17440,18709,19909,21842,23616,29267,39717,41225,37415,37374,37332,33960,37995,42142,48549,49306,52972,52835,58167,57629
48129,"Donley, TX",25552,26672,24699,26650,26265,28041,27488,26951,28457,28662,32571,34794,33585,41407,39289,43051,38349,40633,44295,44046,46727,49046,48742,55008,54293
48131,"Duval, TX",16101,18441,18953,20195,20469,21596,23652,25243,27678,27371,30345,34860,37024,39402,40684,38722,35450,37717,41036,43251,46480,48353,49926,53437,52871
48133,"Eastland, TX",22195,23720,24620,25383,25453,27194,32157,32406,34170,32231,34947,44477,44244,50367,46272,46552,47898,61632,75981,62684,53407,56233,53846,55225,54997
48135,"Ector, TX",21434,23234,23517,23953,24341,26864,30643,33201,37917,33294,35594,40420,45436,45032,48733,42937,38346,43392,49643,52751,49141,52647,56020,60496,62325
48137,"Edwards, TX",18770,22276,23588,27766,24816,25578,26127,26232,29901,30880,29284,32603,34259,39656,43740,47237,40279,45285,52936,62667,60805,67192,69498,79602,73782
48139,"Ellis, TX",26233,27341,27134,27091,27946,28938,30629,32768,34004,33331,33963,35666,37002,37661,38979,40271,41564,43027,44781,47405,49287,53784,55184,56934,58766
48141,"El Paso, TX",19186,19865,20733,21271,22047,23107,23951,25078,26029,26775,28802,30046,30829,30277,31527,32432,32834,33838,35327,36902,40032,44328,44748,46918,49306
48143,"Erath, TX",22333,23674,23800,22959,23855,24355,24896,26286,28173,26425,29342,31071,31751,32053,34938,34539,35284,37502,39639,41870,45089,47673,50935,53237,57112
48145,"Falls, TX",17586,18207,19781,21007,21554,22031,22174,23780,25240,25231,27186,28728,28970,31054,31780,33215,33151,33800,35480,36712,39565,42938,44405,47247,47312
48147,"Fannin, TX",20126,21001,21342,22144,22774,23432,24288,25580,27333,27341,28248,30710,31199,31726,33116,35095,36154,37153,38377,40834,42649,46778,46972,49765,50981
48149,"Fayette, TX",25556,27762,28484,29345,30385,30304,32899,35214,37386,36882,39294,42896,45967,47955,53202,50667,48098,53038,55395,58995,61540,68116,69211,74062,78628
48151,"Fisher, TX",18338,23125,22910,25862,27365,30029,26539,32773,28754,30406,35165,41659,33224,40671,38935,39931,38006,39878,49969,46073,48381,57109,65008,62713,60573
48153,"Floyd, TX",22878,24117,23928,24684,25727,29759,28428,31954,30348,31379,38124,34512,32074,35414,34640,35248,34998,39624,39706,43632,44677,53107,51378,53464,51343
48155,"Foard, TX",22360,23089,22986,27266,25747,26349,24668,33314,31865,32126,30132,32112,33362,36695,40525,40287,37440,42465,48042,47959,54726,62236,75997,65317,66401
48157,"Fort Bend, TX",33501,36575,36141,35380,36320,38771,41803,45520,50325,47364,48621,51476,54408,56042,60409,62893,55684,57407,59752,63288,62820,67154,69262,73340,75721
48159,"Franklin, TX",24032,26938,27824,28601,28763,26748,26877,28942,29862,30356,31424,33167,34234,34726,36054,37322,37168,39557,41418,43595,47297,51510,57330,57639,61557
48161,"Freestone, TX",19424,20850,20961,22456,23862,26210,27455,28138,30166,27874,30275,32952,34935,36005,37987,37498,35241,36159,37995,39064,40833,44511,45792,49256,50965
48163,"Frio, TX",15884,16943,17781,18427,17914,18398,18839,19949,21720,21646,23830,25892,28214,28918,30532,31154,28913,30592,31728,33525,35548,38469,39097,40614,40109
48165,"Gaines, TX",19002,22114,23925,25732,25972,27263,26199,26464,26082,26952,34168,33450,36765,40947,39780,37674,36271,38913,40539,45180,46837,48751,54087,56773,53425
48167,"Galveston, TX",29677,31053,31367,32027,32355,33832,36599,39172,40356,40843,41507,43780,45615,46122,48334,49954,48152,49805,52318,54837,55685,59056,61684,65603,67777
48169,"Garza, TX",20197,20242,20349,21610,22631,25201,26832,29123,36046,27628,32615,35172,36807,38713,39048,30684,28197,29525,32797,32481,30717,32024,47701,49518,47763
48171,"Gillespie, TX",25466,28119,29131,30743,33455,35837,36617,39490,43583,43110,43214,45904,51203,50493,54433,55895,55742,59850,63055,67758,76603,80280,88235,94118,97669
48173,"Glasscock, TX",19177,23794,23404,35006,30129,40563,28765,51615,36866,34194,52157,50443,60161,90372,95698,84630,76208,102480,112791,110270,98827,97720,130570,131555,140602
48175,"Goliad, TX",21200,24760,24490,26886,27066,29867,32494,31808,31879,29622,31567,36793,39974,43944,48414,44693,42808,44635,48150,50468,51744,55926,59531,61799,63546
48177,"Gonzales, TX",22794,24739,25367,25377,25596,26059,24889,25921,28404,28335,31537,33109,35604,40120,46933,48945,40656,43955,48142,48352,50008,56320,65517,65472,71447
48179,"Gray, TX",24642,27394,27286,28336,29370,33274,36160,39143,43613,36544,38513,42469,44719,46721,46941,43103,38075,41529,42703,44953,45650,46668,50111,54793,55066
48181,"Grayson, TX",23503,24216,24527,25281,26414,27660,29535,31492,33628,32175,32998,34685,36185,36877,38636,39419,40724,41493,43377,45459,48119,52547,53822,56341,57952
48183,"Gregg, TX",27599,29430,29171,30576,30991,34023,38181,40047,47021,42410,42438,47433,46212,45649,47558,44451,42970,43470,45675,47181,50405,55094,58096,60642,62285
48185,"Grimes, TX",18035,20093,19871,21327,21170,22960,24434,26622,28067,27846,29251,30428,32816,33082,35499,35078,33040,34677,35695,37505,39924,43796,43169,44417,45217
48187,"Guadalupe, TX",23566,25944,26635,27081,28791,30024,31013,32694,34020,33909,34518,36219,37349,39107,40951,42286,42466,44154,45037,46799,49038,53313,56029,59053,61610
48189,"Hale, TX",21044,21868,22211,23047,22915,24219,23977,24974,27207,27093,30654,29682,29387,30315,30503,30867,30252,32002,33429,36014,39222,42501,45110,45092,45037
48191,"Hall, TX",16752,18543,19397,21570,20490,22751,22424,26244,24268,31360,32498,28664,26624,35110,32588,32541,30311,33466,32301,34657,38862,50310,47251,49501,45845
48193,"Hamilton, TX",24717,27419,28251,29274,31902,35379,38639,39261,44962,41986,41035,48179,51223,53988,58148,58071,55066,59733,61068,66769,63067,71197,70950,71768,74459
48195,"Hansford, TX",34991,37833,33173,36395,36151,42936,39666,41681,45312,39880,46754,53653,58067,54780,65794,78719,57790,63321,58837,65824,70974,78157,83650,107433,96833
48197,"Hardeman, TX",21788,23463,23385,24856,24337,24806,25594,27430,31305,31560,32970,36156,36605,39081,40867,41116,39590,41819,46861,47801,50949,55406,60929,61264,59961
48199,"Hardin, TX",22527,23741,24020,25249,25775,27564,30072,32063,35608,34754,35571,37892,40054,39914,42505,43730,44329,45485,47683,49162,50579,53063,53708,56092,59804
48201,"Harris, TX",34458,35389,34118,35129,37473,40088,43176,44677,49049,44252,46133,49341,52973,51846,54380,53601,50322,53809,57600,58664,59105,66227,71328,77945,79991
48203,"Harrison, TX",21990,22151,23712,24754,26061,28157,30421,31662,36047,33303,35659,37928,39357,38326,40597,39801,38118,39279,40604,43315,44175,47376,48614,50927,52232
48205,"Hartley, TX",31324,31000,32354,29094,25752,30007,28381,27781,30421,27551,37930,55179,53232,53528,67416,94334,63246,70150,63364,75233,88101,83907,85752,116490,123445
48207,"Haskell, TX",19573,23653,23042,26460,27627,28085,26510,29950,30104,28278,31985,32613,33940,37627,38740,36105,33783,36062,39458,42445,42968,47094,53668,53167,48552
48209,"Hays, TX",23552,25378,24701,25146,26131,28559,31171,32165,34322,33162,34195,36061,35548,36645,39127,41606,41597,42972,44810,49226,51676,57166,61230,64344,67490
48211,"Hemphill, TX",34143,35922,33022,37850,36472,45232,52341,52929,63009,47244,51852,69623,81076,87539,104404,76643,59845,63251,63731,67785,69010,69313,79701,91839,92501
48213,"Henderson, TX",23187,24036,24360,24794,24718,25792,26592,28227,30201,30009,31173,33211,34448,35749,37065,37039,37296,39231,39603,42404,45074,48275,50784,53534,54981
48215,"Hidalgo, TX",14281,14938,15610,16315,17125,18066,18926,19621,20811,21357,22216,23017,23328,23924,24568,25140,25314,25802,26831,28110,31116,34857,33794,34393,35290
48217,"Hill, TX",19879,20806,21158,21900,23222,24096,25301,27596,29357,29486,31127,31695,32730,34274,36415,37899,37914,38894,41203,43166,45629,49739,50805,52686,55204
48219,"Hockley, TX",20654,23732,23534,24831,25970,27300,28684,31514,33882,30993,36978,39392,40559,43795,43734,40085,38228,42074,43115,44818,48372,50243,53147,54362,54453
48221,"Hood, TX",27673,29264,29692,29431,31266,33266,36711,39047,40877,38152,39544,43250,45263,45884,47456,47308,47821,51058,51731,54802,58572,61252,63410,66656,69107
48223,"Hopkins, TX",23047,23630,23911,23935,24514,25404,26003,28201,30685,29781,31055,32426,33571,34722,37332,37502,36587,38348,40384,42825,45422,50362,54532,55983,58893
48225,"Houston, TX",21650,22811,22449,23385,23347,22407,23532,25016,27075,26816,28526,30154,31943,33208,35303,36433,36460,37852,39906,42238,45378,49427,51118,54405,56177
48227,"Howard, TX",20321,22348,22261,23404,23004,24545,25573,27357,29506,27852,30066,33686,35012,36289,38302,36211,36106,39130,45756,46426,46810,50599,64213,66306,69048
48229,"Hudspeth, TX",15214,15225,17033,18677,18084,17845,18314,18811,19803,19335,20784,21541,26408,29983,37921,46316,44041,44873,31386,34450,38217,39171,37083,41599,41143
48231,"Hunt, TX",23338,23907,23861,25011,25253,26150,27161,28292,29726,29758,30169,32080,32849,33059,34055,35493,36312,37347,38458,40548,43818,47521,48064,49876,50952
48233,"Hutchinson, TX",23211,23336,23543,24443,24922,27207,30244,33060,37110,34111,34863,35936,38287,38563,40191,40250,40305,39734,41993,43235,46846,48269,50432,53936,55473
48235,"Irion, TX",24838,32158,31043,32663,33473,35139,39266,43930,48741,43997,44255,48842,50848,65155,75466,69701,56508,68911,74560,72969,69826,74542,79291,85793,87236
48237,"Jack, TX",19302,19721,19728,20403,21051,23133,26486,28954,35248,29651,32826,36811,42042,45723,49169,42493,37991,41676,46391,41800,42362,47869,51165,50640,49763
48239,"Jackson, TX",23581,25267,24609,25921,25944,27737,29791,31227,33902,31197,33210,35312,37360,40702,41388,41021,38999,40526,42004,47555,47756,50973,51945,54538,55527
48241,"Jasper, TX",20885,20167,20792,21877,22412,24366,26795,27937,30317,30104,31734,32866,34605,34796,38069,38724,39173,41063,42276,43976,46357,50336,51162,53331,55870
48243,"Jeff Davis, TX",19345,25557,27623,27853,26740,25229,26908,28350,31500,29364,30519,34835,36597,37783,38354,40810,41280,43040,46539,47797,51571,57849,61280,68346,77026
48245,"Jefferson, TX",24429,25658,25957,26966,27349,28870,31115,32009,34405,33819,35629,36528,38305,36973,40049,40811,40094,41110,42128,43113,45331,47526,48392,50458,53111
48247,"Jim Hogg, TX",17757,21171,24137,26096,25574,29724,28344,28111,28216,24675,25259,28336,29698,31671,31497,31186,29917,31609,33745,35702,39024,42110,42576,45683,45920
48249,"Jim Wells, TX",19184,21264,22074,23713,24519,26015,28317,30058,32878,31240,33945,38261,40991,42449,44217,40197,38062,40466,41480,43367,46387,48129,49612,51775,53073
48251,"Johnson, TX",24318,25593,26207,26944,26981,28044,30459,32613,33979,32484,33644,35875,36045,36989,38102,38414,38974,40873,42850,44837,47294,51546,53116,55315,56879
48253,"Jones, TX",16347,18205,18259,19311,20095,21066,20555,23152,23302,24065,25835,27093,27260,28539,29632,28844,28507,29225,31207,33492,35422,38741,42156,41074,41003
48255,"Karnes, TX",15539,17783,18154,19410,19426,21022,21432,22953,24383,23744,26798,30210,33833,38844,46293,45383,44293,50762,61535,64058,56601,67911,80495,79977,83316
48257,"Kaufman, TX",25418,26556,26840,26871,27296,28764,30564,31957,33969,33241,33653,35239,36201,36799,37493,38798,39757,41390,42558,44154,46445,50877,50243,51872,53448
48259,"Kendall, TX",30729,38268,39093,39480,42232,46533,52438,56630,60330,57982,61971,68081,73707,75088,80099,83112,86318,88526,87354,90469,98062,100825,104398,109753,114424
48261,"Kenedy, TX",26698,31587,29124,32958,31200,25810,28979,32566,34598,25367,28428,46452,41100,50581,50099,45934,32936,41736,38849,43695,49426,48865,36422,47821,49582
48263,"Kent, TX",22244,24757,24302,29645,29685,31412,30439,30405,31596,30907,29223,37238,38139,40688,47736,44223,45487,50885,54884,47431,46555,52536,68631,70473,66060
48265,"Kerr, TX",26240,29187,29363,29660,31461,33864,35901,37401,40612,37920,39699,40968,43428,44502,46623,46644,46228,49491,51191,53611,57703,62050,65058,69655,73735
48267,"Kimble, TX",19665,22723,23903,25209,25969,26821,28662,30311,32644,32428,31432,36688,40145,41362,41098,43590,41193,42763,44948,47141,49744,56795,55112,59537,60025
48269,"King, TX",20969,35933,38383,39376,35063,51104,51986,53838,44651,51086,58021,93969,70966,81402,103047,79945,68327,73520,89793,85825,82258,89824,132961,146972,134670
48271,"Kinney, TX",17973,19576,20651,23330,23104,22248,22807,23981,25163,26287,26364,28426,29396,29101,31341,32613,30836,33125,35355,36340,39901,43256,41942,44771,45458
48273,"Kleberg, TX",18870,20910,21791,23451,23982,24767,26007,26764,28239,28023,29787,32120,33783,35141,36740,36612,35521,37536,38673,40167,41238,45356,46410,49566,50745
48275,"Knox, TX",19652,24348,23485,28194,29827,29913,28531,30284,30267,30130,31760,32873,34980,40136,42008,38054,36227,39482,42113,43233,47825,51788,55027,52663,52053
48277,"Lamar, TX",22750,23128,23701,24783,25314,25858,27460,29971,31462,31497,33239,34178,33691,34494,35884,37620,38618,40248,40809,43142,46775,51077,50924,52106,53557
48279,"Lamb, TX",21296,21144,22253,23566,24234,26152,25255,27042,29042,26910,32771,31305,31572,36722,38529,39098,36322,39417,40057,45168,50584,54253,62644,63623,63498
48281,"Lampasas, TX",23410,26297,26730,27746,28743,33082,35720,38181,41022,41689,43137,45955,46189,46218,46740,47495,47541,48977,50445,51862,55004,59777,59726,62564,65695
48283,"La Salle, TX",15062,17479,15748,16763,16285,16789,19002,19735,23271,22172,27245,35674,43885,45075,50835,45802,36207,37754,43824,45272,41872,46024,48793,49718,50399
48285,"Lavaca, TX",22539,25421,26583,28124,28108,30011,31944,34417,37859,35900,38628,43113,46773,50421,55628,51228,47450,49994,52794,56616,58919,61926,67772,70789,72688
48287,"Lee, TX",22078,23879,24155,25275,25561,27875,29737,31218,34490,33081,34611,37385,40223,40878,45021,43585,43572,46350,47979,53783,54803,58180,55811,57558,62259
48289,"Leon, TX",22601,24705,24317,25340,25414,25583,27243,29120,30826,30202,32950,34236,36464,39642,43813,43678,39531,41451,43452,45360,49003,54348,59322,63285,66456
48291,"Liberty, TX",20918,22012,22026,22760,23649,25540,27052,28365,29709,28633,29266,31677,32697,33385,34504,35337,35706,36561,37249,38785,40564,41968,42271,43393,44266
48293,"Limestone, TX",19635,20239,20802,22181,22503,24001,24767,26014,27726,28020,28845,30005,30935,32219,34291,34318,34144,35792,38536,40244,43105,48029,48241,53155,54906
48295,"Lipscomb, TX",25812,26603,27312,29991,31448,34713,36008,38441,48064,38389,43322,52379,57460,57041,57962,52428,49023,66348,74655,89966,94274,110668,131393,137935,139667
48297,"Live Oak, TX",17649,19969,20201,22021,22839,23659,25580,26631,29674,27933,28764,34441,37475,41808,44732,38565,32449,35511,38869,39983,41603,46316,48311,48879,49981
48299,"Llano, TX",23589,24099,24154,24774,26204,26589,28176,29427,32054,31047,33919,36759,39720,41776,46111,46834,46449,48110,49853,53075,54988,64387,68221,72597,75561
48301,"Loving, TX",44108,45712,38813,43458,60309,47071,47760,47911,51344,26688,25642,27585,36339,26746,74047,65871,113694,139927,139117,113000,98836,130768,164064,210370,220625
48303,"Lubbock, TX",24581,24899,25526,26422,26721,28164,29529,30756,32887,32684,34060,35530,37346,37818,39280,39889,40247,41141,43277,45138,47592,51331,52416,54500,55804
48305,"Lynn, TX",18554,20725,20482,27808,30281,31318,23189,34936,23807,28161,37302,30544,28763,44830,33068,33485,32272,41261,42953,47290,43306,58799,68503,65182,56947
48307,"McCulloch, TX",20990,22619,23166,24853,23884,24239,25275,28634,30577,27076,29294,34651,34315,34829,37298,36167,34812,37685,40469,39679,43098,47446,50278,52901,52532
48309,"McLennan, TX",23071,24090,24564,25847,26329,27603,28653,29685,30836,30724,31861,33025,34168,34457,35951,37475,38209,39597,41101,42055,45560,49789,51582,54221,56851
48311,"McMullen, TX",25840,28440,30142,32577,36473,33760,37365,36911,47280,45226,41849,64919,68202,88011,115649,115233,67209,78276,82982,91412,69915,92820,113557,112050,118742
48313,"Madison, TX",18048,19050,20856,21494,21040,22126,22334,23944,24393,23582,24767,26842,29040,29987,33038,31435,29756,31203,32301,33489,37752,42052,43341,46131,46869
48315,"Marion, TX",17317,17901,18517,19028,20463,21382,21996,23539,26699,26957,29317,31630,34055,34938,36911,36021,35536,37362,39671,42657,43864,48030,49626,52915,54796
48317,"Martin, TX",17462,20921,19858,26893,27478,29928,26999,37414,28844,33853,44874,43273,49824,57848,55825,48778,45345,57510,72535,77245,72747,84853,106446,106750,110411
48319,"Mason, TX",18924,21307,23539,24347,25416,25743,28646,27803,29261,29187,31492,34695,38083,43984,46143,45274,40722,45335,49695,49437,53959,58749,57729,64054,63988
48321,"Matagorda, TX",21618,22737,22510,22776,24425,26056,27725,29567,32438,31620,31842,33963,35169,36929,39473,41419,40572,41505,43251,45748,48047,50995,50846,53904,55823
48323,"Maverick, TX",12339,13811,14213,15312,15945,17038,17919,19089,20722,21928,23585,24945,25616,26211,27300,27984,27690,29052,30901,32525,35421,38951,39166,40719,41075
48325,"Medina, TX",20068,21293,21845,22761,23541,24481,25489,26719,28750,29021,30538,32280,33688,35934,36817,38080,38302,39639,41345,44254,45851,49662,50668,52960,54573
48327,"Menard, TX",17224,21304,22241,24214,24690,26664,26723,28924,26948,26728,26962,30429,30883,33880,35709,37118,34444,34771,39415,40810,46541,49089,48087,53661,52790
48329,"Midland, TX",33103,49656,49405,53496,54749,61730,65540,62235,89666,63845,75300,102327,111579,116428,123458,91558,76506,111023,132580,136575,103175,120568,146427,144049,146414
48331,"Milam, TX",22812,23145,23202,23967,24072,25730,27053,28639,29577,28789,30806,31451,33515,34467,35848,36830,35390,35029,35539,37785,41110,45895,48048,51174,52877
48333,"Mills, TX",21826,23712,23630,24493,25624,25396,27479,26268,27493,27671,30268,32238,33537,34815,37139,39413,37282,39226,41582,43691,49976,52604,55131,59377,60045
48335,"Mitchell, TX",14960,16531,16939,18592,19502,20060,20611,22614,22798,23248,25453,27682,27773,30419,30720,29874,28716,30232,32616,33173,33280,35772,40454,40764,42239
48337,"Montague, TX",22123,23264,23566,24066,24922,26600,29286,32449,37681,33476,36145,40730,42197,43004,45568,41905,37420,39349,41337,42372,43288,46578,47688,50461,51772
48339,"Montgomery, TX",32804,34771,33938,34190,35287,39240,43399,46916,51771,48123,50002,53182,60573,63256,65215,60161,56453,62034,62680,66857,67957,71743,74822,78799,80512
48341,"Moore, TX",23047,24251,23039,23981,24113,25522,26094,28078,28803,27320,30051,32914,33868,34669,38660,42280,40087,42279,42827,47123,50293,55564,59543,62160,62001
48343,"Morris, TX",21832,23022,23395,24339,27242,28913,30424,32088,35436,36633,40229,41765,42361,41452,41804,42636,40381,41688,41907,41209,44252,47782,49292,50587,52766
48345,"Motley, TX",18040,22866,24582,25392,27713,28597,26531,27789,22652,25087,28136,32314,30009,33900,35013,32178,28994,30236,32567,35643,40504,39926,49181,57564,54089
48347,"Nacogdoches, TX",20336,22614,23862,24058,24822,25884,26152,27027,29900,29730,31823,32363,32660,33160,34529,35586,34697,36422,38092,39315,41884,45884,48753,50680,51699
48349,"Navarro, TX",21075,21950,22499,23043,23689,24903,25734,27578,29459,29317,30920,31930,33447,33100,34397,34775,35234,35926,37279,39091,41450,45203,45504,47743,48906
48351,"Newton, TX",15309,15834,16433,16600,17008,17900,18508,20535,23084,22637,23918,25387,26865,27931,30312,31546,31850,34211,36137,37902,40585,43663,43420,45031,47366
48353,"Nolan, TX",19868,21365,22003,22960,23988,25811,25873,28272,29354,29918,31467,33795,35516,37164,39644,38106,37915,41215,43802,45549,46430,51891,53809,56590,60236
48355,"Nueces, TX",24539,26711,27223,28527,29505,31453,33124,33843,37431,34871,37183,40047,41297,42475,44144,42995,40759,43119,43965,46834,48239,53713,54410,56010,58091
48357,"Ochiltree, TX",28074,30643,28176,30296,29395,33679,37240,36010,44021,34140,43237,56692,63251,67128,75910,61670,48826,54252,55420,57812,53879,62017,65600,73682,68476
48359,"Oldham, TX",26867,31601,28348,31093,31899,30794,30976,35024,38923,37508,42957,49253,47586,45684,56539,64958,54926,58875,59012,61652,71461,74529,76613,90753,89391
48361,"Orange, TX",22860,23612,24356,25397,25450,27003,29868,31822,33726,33477,35252,37535,38971,38232,40652,41333,41773,42490,44066,45080,46952,49253,49866,51826,54912
48363,"Palo Pinto, TX",22080,22621,22798,23546,24072,25986,27970,30248,33313,30672,31429,33671,36155,36244,37930,37721,37261,39293,41487,44680,46941,51440,52731,55049,56315
48365,"Panola, TX",21722,22789,22460,23635,25295,26940,29537,32281,38722,33068,35867,37611,39212,42193,45147,43120,39568,42355,47284,48528,48152,52516,58253,60519,61883
48367,"Parker, TX",29042,30473,30718,31241,31347,33834,36570,38249,41636,40152,40752,43288,45925,47784,49616,49537,50264,52111,54363,57800,60756,66565,70032,73003,75334
48369,"Parmer, TX",27582,28868,27235,27267,24960,28025,26735,29999,31500,29533,37353,44454,41278,42763,51178,60666,45804,47253,44656,50723,58971,64222,72387,78135,77881
48371,"Pecos, TX",14627,16504,16917,18455,18503,19719,20471,24133,30316,25872,27721,29484,30988,31981,34777,33412,32285,34956,39018,40694,39789,42473,45712,49190,50066
48373,"Polk, TX",23950,23908,24184,24911,25164,26327,28397,30230,31844,32483,33551,35537,37919,38146,38697,39230,39262,40404,41527,43106,45105,47706,48000,50317,52427
48375,"Potter, TX",22718,24598,25561,26100,24567,26124,27641,29284,33365,32118,35119,38351,38747,39226,40692,39371,39014,40844,43137,46222,50394,55344,56720,57099,59196
48377,"Presidio, TX",16445,18250,17308,18328,18006,18012,18706,20316,22023,24252,25760,29221,33533,35594,38763,38630,38455,41572,47746,49686,55291,60767,61699,67589,72762
48379,"Rains, TX",19544,20878,20695,20974,21626,22971,24519,25994,27136,27453,28462,28788,29434,29897,31837,32764,33631,34839,35444,36196,39632,41808,42208,45152,47070
48381,"Randall, TX",25343,28166,28629,29645,31526,33012,35198,36703,40196,38420,40788,41787,42605,42726,44482,45595,45561,46692,47841,49926,52706,56338,57502,60674,63345
48383,"Reagan, TX",17541,25456,24100,26358,24918,29211,30625,33722,36786,31584,36778,43560,48252,54259,56772,47063,42864,47356,60143,58130,54926,59407,69198,72816,76277
48385,"Real, TX",18498,20710,21259,21074,21111,21003,20782,21424,23965,23674,25623,26691,30313,33610,35735,38546,36502,39430,41758,46010,53123,56700,58224,61725,65001
48387,"Red River, TX",18401,19530,19795,21564,22276,23356,24669,26814,28450,28933,30486,32641,33155,33495,36215,37648,39015,40825,42166,45286,48098,52737,53726,55795,56814
48389,"Reeves, TX",15653,17123,17316,17507,17576,18609,19631,20289,22400,21701,22933,25221,26201,28732,32248,31236,31496,36941,46250,50734,46614,57892,68688,76367,85037
48391,"Refugio, TX",26488,27072,25318,28177,28699,30019,30347,32039,37115,32670,36026,41342,43631,47485,48314,45758,41085,42161,45503,47120,48632,54307,57370,57723,59471
48393,"Roberts, TX",24250,26122,27227,31133,35094,36814,42922,45874,48867,32326,33770,43196,45898,50374,53795,48995,41348,44435,47323,49586,51789,55652,60659,66840,64459
48395,"Robertson, TX",20697,22303,22818,25123,26043,27157,29154,31713,35948,32871,35294,35481,36757,39533,41317,41647,40057,40635,42370,44562,47816,51933,56495,58743,60506
48397,"Rockwall, TX",36916,37327,35559,34589,36988,38972,41608,43419,46195,45100,46498,48286,50890,51905,53488,55723,57411,60190,61486,64778,67772,72441,73363,76441,78787
48399,"Runnels, TX",18823,20776,21084,22929,24516,24881,25630,29060,30421,29959,31570,33993,34020,37060,38095,38002,38054,39220,41147,44829,46820,50556,55948,56515,57795
48401,"Rusk, TX",21466,22659,22908,23580,23693,24838,26556,28471,31739,29637,31019,33340,34823,35632,37505,36832,35787,36666,38492,39883,42599,44403,45979,47003,48268
48403,"Sabine, TX",20802,22039,22583,23409,24023,25122,26662,27906,30384,29268,29864,30947,32692,31906,33459,35010,34899,35833,37266,38218,41670,46432,45737,47419,49906
48405,"San Augustine, TX",18850,19735,19985,20375,20824,21797,21910,23356,25214,26174,29360,30263,31773,32013,34586,36764,36127,37778,41030,44784,45642,51289,57021,59023,61402
48407,"San Jacinto, TX",19947,20288,19968,20118,21394,23163,24885,25539,27517,26620,27164,28774,31176,32008,33725,33899,34915,35922,37335,41332,42073,45600,45099,47148,48408
48409,"San Patricio, TX",19938,20852,22053,23927,24672,25877,27868,30342,32824,32398,35095,37920,39706,41661,42356,41831,41154,41564,43914,45547,47896,50764,50983,52644,54668
48411,"San Saba, TX",19154,20257,20531,22205,22522,23489,23580,24264,24208,25208,27538,30011,29521,30972,33356,35579,38021,38909,42546,43312,42256,43302,44722,51157,51632
48413,"Schleicher, TX",19416,22740,21574,24748,24862,25789,28679,30291,34887,31434,29354,38193,38343,43522,45694,41535,37588,38309,44626,46924,51205,53117,63105,63574,64587
48415,"Scurry, TX",20844,25672,26106,26432,29304,32063,30534,32466,39050,33538,37274,42668,43936,47646,49755,43436,37063,40057,42224,44236,44700,46582,52226,55774,57217
48417,"Shackelford, TX",25560,39256,38173,38886,39591,49260,57114,51339,86887,58212,74696,99861,106209,128564,153850,103561,78647,107117,111891,92145,83118,99593,120544,96203,99639
48419,"Shelby, TX",22549,22824,23696,23960,24633,25521,25720,27558,29347,29477,34609,32769,35597,37259,40713,42994,37636,40981,43693,44331,48249,55730,65241,64907,70341
48421,"Sherman, TX",37653,35746,33488,33571,34284,40024,34060,39024,36382,34075,46605,64463,64131,71929,82365,116371,79436,96472,80349,98290,101123,124786,120771,180072,155835
48423,"Smith, TX",27215,28480,28892,29961,31359,34475,37018,37075,43465,39455,43015,48027,48141,49544,51361,47055,45829,51937,55235,55403,55115,62557,66367,68191,69908
48425,"Somervell, TX",24795,26466,27065,26685,26979,28508,30344,33170,35807,34704,36837,39886,40627,42183,43647,43731,43982,45105,45205,47152,50858,56318,58958,62624,62852
48427,"Starr, TX",10336,12505,13429,14441,14654,15739,16907,17999,19988,20404,21965,22720,22881,23394,24029,24185,24072,24984,26343,27494,31643,33805,32680,33211,34180
48429,"Stephens, TX",20799,28728,29014,29152,30434,36969,42338,38596,62356,42842,47686,55859,52966,55977,57096,42403,36722,36070,41791,43463,43766,45836,48278,50494,50264
48431,"Sterling, TX",19967,27312,25903,29619,29598,33066,38154,39752,45844,38791,39162,50936,61036,65918,68679,54159,50844,55488,59893,58686,58851,63716,66900,73214,74366
48433,"Stonewall, TX",22727,29210,28381,30039,30545,32953,31756,32090,31791,32684,35224,46704,42506,42540,52101,52089,50447,61233,68008,68146,73638,88259,95125,97984,92904
48435,"Sutton, TX",22393,29940,30749,34139,35560,39125,45686,43654,53621,43831,49689,75625,63967,70924,83441,68621,56883,62928,69290,71978,66124,69222,69650,75088,68978
48437,"Swisher, TX",23702,25302,25712,27664,28472,33591,27994,29415,30189,31400,35834,40568,34625,37434,47026,58078,48927,55092,54610,57328,61035,72522,80178,87640,81571
48439,"Tarrant, TX",30596,32000,31817,32162,33486,36214,38776,39579,43068,39640,40684,42073,44164,44619,47856,47580,46706,49430,51749,52208,53809,60684,64177,67797,69936
48441,"Taylor, TX",24396,24760,26015,27801,28868,30287,32335,33605,37681,35465,36780,38744,40073,40959,43473,41578,40831,42128,44525,46595,49482,54107,56245,58937,61692
48443,"Terrell, TX",29880,31145,27490,33641,35650,39107,41148,44218,45986,40356,34724,44365,39255,50046,47183,44577,42480,42819,44417,47417,55120,63494,64130,63828,65159
48445,"Terry, TX",21000,22023,22247,25408,26625,28739,26514,29032,27861,28359,32797,29756,30780,35549,33143,32883,32116,35687,35842,38127,42480,45199,53626,50493,47519
48447,"Throckmorton, TX",24082,30397,29976,35717,39565,38359,38016,38290,44565,37611,42104,47253,50637,52001,51601,43656,35403,34845,39275,42797,44622,67624,57197,54775,51196
48449,"Titus, TX",21688,23113,24015,24308,24660,25244,26216,26244,26833,26341,28281,29226,29960,30624,33020,34483,33734,35114,37303,38649,42470,48597,52083,52394,54678
48451,"Tom Green, TX",24360,26854,27373,28679,29089,31256,32348,33812,38964,35971,37742,39436,41071,41513,44995,42882,41554,43982,48108,51564,55305,59837,61530,64089,67584
48453,"Travis, TX",36085,39525,38917,38876,37992,40184,43075,43562,46291,43330,45215,49406,53671,54658,57570,58227,58811,64134,69030,71633,72116,81194,88096,94106,98944
48455,"Trinity, TX",18583,19592,20346,21155,21469,21978,23929,25670,27618,27846,28486,29919,31104,33229,34539,34850,35794,36151,38007,41599,43596,46479,47262,49231,50727
48457,"Tyler, TX",18374,19103,19546,20493,20686,22154,23373,24258,26069,25709,26701,27929,28972,29569,31228,32271,32516,32640,34079,36023,39574,43060,42729,45158,46970
48459,"Upshur, TX",21359,22403,21937,22289,22618,24366,25468,27255,29612,29204,31065,32517,34413,34848,36188,35991,34460,35668,38114,39372,40787,44238,44901,46959,48154
48461,"Upton, TX",21350,24836,23524,25997,28079,31869,32365,37359,42898,35768,39086,42182,45049,49918,53628,45536,39612,44909,48137,50995,54887,63248,79723,88934,96021
48463,"Uvalde, TX",19464,20313,20879,22273,23157,23650,24668,25502,27521,27647,30776,34309,37989,38317,40789,40592,38615,41022,42642,44420,47540,53010,52727,55231,56292
48465,"Val Verde, TX",17807,18975,20226,22425,22233,23696,25206,26437,28141,28461,30318,31496,32730,32043,33641,34586,34808,35530,36969,39619,42553,47328,48184,49929,52067
48467,"Van Zandt, TX",21930,23378,23567,24071,24500,25578,26446,28073,29447,29930,30274,31350,32664,33070,33829,34298,34752,36180,37317,39113,42107,45273,46541,48423,49646
48469,"Victoria, TX",26937,28613,28675,29049,30306,32809,35504,36064,39388,35299,37447,40071,42797,44735,47224,45623,42185,44698,47648,51975,53223,57571,56753,59460,60988
48471,"Walker, TX",17371,17440,18176,18317,17865,18428,19327,20356,22277,22065,22577,23300,23796,24538,25608,25735,25939,25966,27553,30015,30658,33400,34220,35500,36921
48473,"Waller, TX",20147,22594,23060,23145,24765,27173,29779,30547,33987,32326,32981,34411,35366,36313,38259,37283,37525,39104,41370,45192,47414,50466,52125,53426,55028
48475,"Ward, TX",18740,21398,21640,22439,22721,24090,27687,31137,36162,31647,33237,38593,43059,43545,44903,40918,36849,41846,51179,55454,49958,57108,63477,70039,76133
48477,"Washington, TX",27456,38250,39300,39115,37210,37223,37718,39164,42171,41260,43537,46377,46883,48553,50003,48227,46959,49693,54099,54953,58774,69321,70576,71069,72659
48479,"Webb, TX",15919,18961,19512,20069,19990,21734,23022,23462,26222,24787,26232,28331,28952,29358,30048,30296,30435,31185,32589,34471,36753,41117,41588,42612,44200
48481,"Wharton, TX",22871,25333,25814,26951,27309,28726,30517,31684,35967,34016,34876,36196,38551,40469,41233,41551,40401,41576,43319,46520,48557,53325,53293,56877,58445
48483,"Wheeler, TX",28498,30448,27873,32968,32301,37586,37616,39624,46554,35762,42303,50173,52755,54549,54226,43693,37814,40655,43146,42636,45941,48489,49799,54436,53330
48485,"Wichita, TX",24900,26787,28161,29477,29340,31113,34640,35331,40972,36952,38242,43195,42768,43204,42664,40650,39761,41558,43345,44425,46960,50054,53496,55680,57855
48487,"Wilbarger, TX",22529,24921,25660,28018,27328,28798,29487,30402,32473,32849,33688,34704,36314,37461,38560,38131,38882,41013,44459,47859,54092,65552,64798,66436,67853
48489,"Willacy, TX",15335,14725,15475,18650,18761,18036,17587,19456,19838,19574,23224,24550,22072,25233,23935,24818,24941,26121,27866,29490,32784,37629,34955,36781,37182
48491,"Williamson, TX",31173,30978,29317,29065,30816,33142,35189,37020,38362,37117,38230,39857,40207,41024,43384,45886,47187,49420,51754,54043,57518,63247,69000,72567,76156
48493,"Wilson, TX",22119,24135,25294,25595,26028,27198,28613,30639,31890,32757,34549,37150,39728,41911,44265,42801,42875,44599,47458,50125,51308,55225,57205,58801,61373
48495,"Winkler, TX",19067,21137,20870,22580,23443,24951,28290,29424,33001,29220,31522,36275,38134,39287,42613,39972,37745,49132,62818,66454,59334,63377,68046,75893,85774
48497,"Wise, TX",23861,25823,26108,26938,27220,29407,31810,33502,37596,33190,35727,38154,39867,40112,43216,41612,41039,43177,45019,47390,50512,54227,56323,58707,60091
48499,"Wood, TX",19358,21523,22115,22106,23154,24696,25335,27051,28763,28958,30792,32785,33734,34850,36774,37454,36997,38312,39620,41533,44864,47475,49503,51489,53117
48501,"Yoakum, TX",21138,24003,26416,29143,30254,31557,32912,34627,34841,34381,40442,38380,47917,52157,49807,42786,39555,45582,46832,48459,48419,50457,59605,61584,59553
48503,"Young, TX",24557,28234,28467,29081,30100,34575,36669,36069,48946,39616,43969,49282,48875,52087,54239,48747,45187,47611,50426,51092,53154,59332,66796,68343,70700
48505,"Zapata, TX",13273,15097,15208,17483,18996,20722,22719,22545,25225,23165,24492,27829,31086,32429,33660,29187,24993,27399,29129,29761,29746,33392,33747,34712,34617
48507,"Zavala, TX",11298,12503,13280,15055,15334,15848,16460,17328,18477,19427,21874,23344,24446,25824,28569,29318,28920,30936,33678,36150,39225,43319,44256,47533,45538
49001,"Beaver, UT",22345,25077,22276,22474,26074,25576,22408,24729,25409,27522,27537,29406,29971,32905,32105,28172,27375,32250,34008,36339,42805,47311,43766,40684,39179
49003,"Box Elder, UT",20453,21687,21558,22467,23513,24383,25614,27771,28999,27897,27925,29284,29942,31055,31939,33133,33563,34859,37345,38769,41929,45436,47677,50345,52138
49005,"Cache, UT",19237,20498,20565,21630,22976,23211,24431,25995,28018,27378,28243,29878,30700,30456,31647,33552,34682,36960,39290,41166,43032,49373,48905,51629,53880
49007,"Carbon, UT",21890,23020,23153,23528,24859,27075,28679,29030,31177,30751,31579,34392,32487,32777,33873,35047,34719,36106,38649,40566,43191,45945,46746,49873,53578
49009,"Daggett, UT",16529,23206,25799,27200,26379,27996,27348,31393,34046,34552,32856,33624,36471,36241,36778,40778,41466,44253,45359,48280,49738,50730,49186,54430,58327
49011,"Davis, UT",25435,26837,27351,28067,28851,30390,32263,34105,34693,33188,33505,35760,37544,37320,38411,40158,41947,43036,45096,47188,50606,56768,59140,62467,65234
49013,"Duchesne, UT",18554,22130,21727,22292,23205,25061,27642,29918,34494,30635,30678,35584,38433,38710,40670,35923,33635,36242,36071,39196,41511,45178,48080,52559,55422
49015,"Emery, UT",18308,19201,19657,20618,21976,22913,24406,24743,27177,27562,28200,31913,27548,27963,29229,29437,30088,31398,33834,35118,38458,39580,40693,42505,44291
49017,"Garfield, UT",18974,20065,20323,21062,22674,23851,23554,24332,26366,26676,28447,29853,29581,30771,31448,34795,34646,36544,36974,39427,43185,53037,48273,49093,53671
49019,"Grand, UT",20288,21961,21824,23514,25225,27328,29939,31967,34553,35211,36172,39855,40449,39630,40774,41976,45335,50785,55792,57668,61965,69514,71523,76978,81380
49021,"Iron, UT",16676,18263,18855,19534,20424,20807,21469,22349,22998,22335,22741,24204,24616,25786,27052,28198,28429,29801,31734,33858,36595,39938,40473,42766,45498
49023,"Juab, UT",17847,19304,20164,20124,21572,22791,24007,25233,25434,24102,24835,26538,27260,29091,30052,33109,33112,34571,38863,39894,43464,50078,51184,50065,52463
49025,"Kane, UT",21871,24915,25401,26695,26297,26370,27555,28892,30419,29902,29899,31765,32850,32900,34697,37949,38170,39488,41147,42381,46464,54763,51114,53496,57334
49027,"Millard, UT",17213,19703,20684,20770,22287,22174,22728,25597,26290,24421,26876,29948,29633,32121,32814,34529,33473,34215,36249,38406,40964,45445,49363,50969,55316
49029,"Morgan, UT",21659,23519,23374,24667,26796,29713,31822,35299,36881,36847,38057,41280,42624,42427,43299,45037,47273,49116,52735,54303,57881,68671,67437,70772,74288
49031,"Piute, UT",16154,17511,16723,18147,19843,21250,19108,22035,22415,21796,23187,25870,23458,23689,26587,35787,36513,43420,44381,46820,48464,49796,63504,61363,75547
49033,"Rich, UT",21731,24046,22864,23906,24638,25818,26487,27272,28401,26462,26372,28407,29120,35731,38900,38442,34670,34956,35891,38671,43219,45368,47047,55017,60081
49035,"Salt Lake, UT",27847,28051,28528,28960,30295,32638,35842,37671,38418,35862,36077,38290,40101,40573,42214,44945,46354,48192,50737,52964,57252,64843,67745,72387,75434
49037,"San Juan, UT",13517,14920,15177,16145,16985,17521,18264,18762,19701,20960,21576,22824,22221,24295,23732,24013,24683,26170,26984,29194,32528,35122,36393,38984,39972
49039,"Sanpete, UT",15560,16663,16962,16804,17043,18054,18889,20539,21867,21320,22223,23774,25180,25669,26489,29650,28519,29190,31387,32904,36969,40486,42656,43676,47226
49041,"Sevier, UT",17867,19102,19443,19833,20683,21380,22579,24379,25632,25171,25622,26468,26879,27303,28503,30151,30611,32107,34915,36055,39819,43080,44102,45802,48917
49043,"Summit, UT",45855,45785,45791,47629,53709,58924,64969,72201,74274,68457,70518,78385,90687,91811,94980,109406,114033,121714,139458,160090,163779,219166,244112,268225,280510
49045,"Tooele, UT",19982,20701,21016,21655,23116,24739,26288,27947,29080,28507,28912,30115,30925,30876,31560,33126,34263,35154,37294,39152,42086,45225,46829,49202,51494
49047,"Uintah, UT",17620,21537,20974,22089,23071,25634,29955,32616,35759,30585,30768,33036,33639,32678,33802,30445,28474,30080,31104,31973,33212,36234,38767,41709,44840
49049,"Utah, UT",20014,20281,20329,20860,22092,23908,25901,27767,28697,26466,26271,27799,29668,30488,32378,34738,36491,37929,39756,43610,47127,52187,54261,57409,59651
49051,"Wasatch, UT",21087,24185,24396,24846,25758,26804,28730,31894,33866,32295,32269,36037,37650,38795,40345,42575,47806,50282,55580,62120,69154,79228,86659,93118,97428
49053,"Washington, UT",19042,20143,20170,20932,22406,23871,25292,26278,26499,25462,26222,26937,28241,29441,31040,32961,35021,37387,40128,42384,45369,50918,51717,55161,58047
49055,"Wayne, UT",17988,23441,23243,23285,23432,23676,22220,24778,26740,25702,26937,28665,27373,29238,33042,34792,35738,39147,42764,44817,49384,52671,52725,56200,60423
49057,"Weber, UT",23755,24833,25454,26196,26959,27967,30335,32374,32779,31326,31357,32733,33232,33365,34731,36326,37414,38972,40753,42871,45949,50138,52944,56006,58582
50001,"Addison, VT",26797,28733,29174,30794,32050,32262,33787,36161,38262,37801,39983,42412,44707,44237,44942,45133,46532,48396,49678,52494,56050,59706,61845,65352,68558
50003,"Bennington, VT",30278,32260,32065,32839,34790,34623,37116,39365,41608,39398,40401,42817,43698,43633,45448,46503,47396,48826,50464,52804,55747,58802,61831,67013,70649
50005,"Caledonia, VT",24383,24542,24897,25563,26509,27049,28161,30330,32645,32315,33124,34735,35581,36010,37179,37630,38238,38921,40170,42926,47729,50248,51588,54386,57231
50007,"Chittenden, VT",33712,35225,35874,37520,38756,39338,42063,43720,46303,45345,46259,49350,50559,51268,53068,54440,55422,56421,58206,60792,63936,67747,72056,77192,80533
50009,"Essex, VT",20438,20975,20992,21774,22907,23613,25565,26698,28634,29736,31020,31729,32075,32809,33341,34676,34375,36252,37911,40419,43689,46096,46338,48992,50712
50011,"Franklin, VT",24914,25631,25670,26353,28732,29728,30008,32846,35136,34939,35800,38389,39317,40223,41608,41904,42990,44810,45907,48673,51931,54661,55889,58020,60629
50013,"Grand Isle, VT",29361,31194,31839,33412,35591,36575,38484,41538,43233,45032,47086,47348,50506,50285,52336,53114,54928,56626,57353,63514,65790,68388,71124,75626,79333
50015,"Lamoille, VT",26972,31002,31929,32671,34674,35634,38420,39218,42147,41220,41029,43341,44272,44387,46269,47774,48569,49342,51638,53656,57706,61141,64487,68484,71627
50017,"Orange, VT",24520,26835,27668,27908,29056,29838,31577,33575,35417,36788,37412,38706,39621,40029,41817,42968,42850,44263,46310,48730,52973,55175,56388,60304,63172
50019,"Orleans, VT",22922,23929,24351,25394,26740,27666,28812,31044,32596,32827,34468,36744,37813,37939,39532,39772,39842,41040,42724,44674,49868,53022,53594,55756,58908
50021,"Rutland, VT",27237,29583,30119,31068,33062,34043,35894,38251,39722,39595,40663,42959,43457,44124,44687,45901,47118,47498,48938,51212,54911,56410,59243,62604,66361
50023,"Washington, VT",30016,31888,32353,33572,35798,36415,38158,40048,42504,43101,44649,46361,48064,49218,50707,53018,54503,55646,57681,58793,64143,66863,70251,74726,79488
50025,"Windham, VT",29365,30552,31487,31684,33488,33475,35445,37322,39253,38705,40172,41646,42001,41794,43499,45589,44361,45128,46290,48061,53105,55321,56438,60127,63331
50027,"Windsor, VT",30508,32599,32921,34270,36263,37156,40209,41921,43660,42863,44153,45920,46910,46879,49643,50877,50663,52452,54754,59632,63558,66485,68330,73871,77039
51001,"Accomack, VA",19814,21080,22166,23971,25307,26524,27586,29814,32179,32962,33744,33794,35204,35413,36349,37526,39929,43525,44919,47761,51125,56694,54927,53417,55998
51007,"Amelia, VA",23889,25182,25090,26132,28732,30090,31379,33376,33244,31894,33344,34026,35487,37825,38409,40534,40527,41215,41601,43367,45866,50824,54041,54165,56488
51009,"Amherst, VA",21710,22188,22592,23224,24576,25676,27167,28360,29631,29604,29800,30709,31199,31365,32764,33864,34450,35443,36765,38023,40740,44260,44920,47226,48819
51011,"Appomattox, VA",24619,24486,24559,25381,26120,27288,28153,29496,30569,30888,30549,31553,31617,32334,33548,34928,35540,36495,37753,38799,41555,45775,45929,47572,49384
51013,"Arlington, VA",52118,55552,57008,60389,64139,68278,72666,75994,77377,74200,79216,82336,83499,79030,82623,85196,86290,89695,94324,96204,98460,109830,116839,126108,131624
51017,"Bath, VA",26788,29155,29642,30791,33225,33384,34276,36496,37901,36642,37801,42952,47923,45870,48124,51906,55143,59115,60074,63285,69660,73587,73729,79036,84722
51019,"Bedford, VA*",28619,29207,29473,29861,30387,31419,33546,34526,36467,35805,36073,37283,39071,39299,40360,41965,42441,44281,45779,47762,50394,53817,54784,57727,60072
51021,"Bland, VA",18335,19675,20242,20781,21395,22379,23725,24624,26728,27456,27534,29452,30272,30214,30665,31723,32493,34817,35801,37065,39403,42528,43948,47645,49719
51023,"Botetourt, VA",29542,30770,29997,30239,32638,34646,36337,38571,40245,39129,39450,41419,42529,43138,44635,46106,46861,47687,49498,51240,55062,58346,59862,63403,66799
51025,"Brunswick, VA",18426,18985,19257,20284,21323,21876,22748,24268,25885,26591,26463,27150,27682,27843,28707,29710,30692,31335,31787,33379,36716,40344,42244,45396,47473
51027,"Buchanan, VA",20361,20206,20383,21448,21927,23214,25593,26913,29484,29343,29886,31888,32169,31335,31790,31232,30994,33401,34970,36970,39666,43420,45961,50719,52465
51029,"Buckingham, VA",17290,17990,18128,18909,19997,20482,20748,21955,23536,23037,23801,24594,25263,25314,26421,27360,27698,28867,29712,31180,33787,37715,39790,39725,41269
51033,"Caroline, VA",25063,26526,26564,27612,29694,30435,31310,32819,33571,33559,33736,34703,36109,36750,37569,41767,39605,41157,41790,43292,46607,50828,51532,54514,56845
51036,"Charles City, VA",25252,28761,28975,30581,31702,32410,32813,32610,32740,32456,32976,35077,37115,38411,39949,41489,42881,44810,45675,49541,54243,59841,58960,63695,68549
51037,"Charlotte, VA",20187,20430,20538,21308,22778,22603,23634,25368,26720,26569,26986,27985,28705,29584,30233,32202,33417,34361,35140,36395,39435,44749,46695,47719,49287
51041,"Chesterfield, VA",33449,34508,34921,36040,37732,39584,40969,42625,43642,42142,42438,43883,45533,45576,46443,48524,49429,50879,52090,54274,58212,62396,62929,66398,69378
51043,"Clarke, VA",31416,34892,34668,36801,39224,41836,45129,46782,49201,50518,51440,53254,52881,52957,53743,57061,60489,61770,62873,67254,68703,75699,77039,82207,86201
51045,"Craig, VA",23050,23934,24849,25647,26585,27468,27990,27569,29233,28797,29576,30739,32763,33513,33959,36050,35256,37468,39017,40243,42679,46919,47694,50343,52712
51047,"Culpeper, VA",26936,29014,28754,30151,31481,33306,34675,35560,36398,36070,36874,38964,40383,39805,40473,42138,43743,44879,46520,48844,51631,54590,56882,60043,62786
51049,"Cumberland, VA",21056,22327,22031,22841,24689,25902,25778,27154,27438,27033,27739,28863,30641,31243,32828,34320,35131,36741,37294,38312,40781,45411,47153,48151,50714
51051,"Dickenson, VA",17607,17815,18424,19137,20168,21489,23054,23893,25791,26953,28396,28624,28062,28204,28604,29123,29001,30044,31558,33567,37165,40635,42298,45490,46587
51057,"Essex, VA",23348,24367,24541,26167,28073,28992,30396,32042,34125,33364,33170,34499,35625,36076,36865,37806,38812,40947,42143,43791,47871,51792,53040,56587,58862
51061,"Fauquier, VA",41006,42361,42005,43753,46236,49797,52138,53456,55633,53677,55911,58832,60953,58680,59046,62068,63392,66005,67724,70748,73040,79746,81846,86439,90597
51063,"Floyd, VA",21137,22032,22733,23664,24852,25700,26333,28028,28876,29097,29795,30938,32181,31963,33404,34799,35565,36863,38771,39787,43041,48251,49173,52367,54710
51065,"Fluvanna, VA",24157,25318,25242,26181,28249,29324,31772,33055,34681,34172,34703,36057,36913,37772,38697,40455,41242,43025,44693,46234,48369,52617,53579,57510,60650
51067,"Franklin, VA",23748,25519,26026,26486,27886,28199,29231,30791,31454,30916,31330,33198,34517,34439,35929,37681,38623,39699,41113,43474,46444,50986,52622,55468,58252
51071,"Giles, VA",21524,22848,23247,24228,25842,26882,27723,29237,30282,30163,31351,32356,33348,33681,35162,35834,36116,37374,38690,40121,43462,48264,49698,53122,55152
51073,"Gloucester, VA",26248,28222,29351,30901,32949,33943,36473,38425,40570,40518,40298,41929,42284,41561,42333,43893,45462,46652,47051,48868,52363,56578,57358,61412,64683
51075,"Goochland, VA",42874,51517,50498,51116,56535,61324,64326,67252,69324,65740,67996,75907,81856,77620,80200,88204,88189,94499,96915,100439,99465,111400,118638,126135,130571
51077,"Grayson, VA",19048,21022,21722,22743,24059,24907,25574,24961,25913,26070,26714,27369,27732,27446,27418,28286,29306,30331,31346,31858,35023,38300,39385,41349,43221
51079,"Greene, VA",23019,24206,24372,24701,26154,28621,30531,31373,32530,32698,34068,35263,36374,36470,37598,39487,40598,41780,43913,44451,46658,50460,52456,55906,58821
51083,"Halifax, VA",20241,20980,21473,21721,23277,23930,25378,26511,28216,28207,28894,29151,30048,30092,31208,31956,32987,34115,35013,36430,39611,43604,45294,47816,49300
51085,"Hanover, VA",32221,34685,35009,36276,37689,39557,41554,43652,45412,43710,44728,46989,48430,48620,51336,54098,55804,57178,58474,60972,64969,69642,72798,77952,81533
51087,"Henrico, VA",36174,39301,39417,40543,41153,43339,45097,46863,47629,44725,46551,49724,52240,52640,55556,57876,59605,62278,64059,67511,69415,74828,73857,77876,81054
51091,"Highland, VA",23311,25584,26547,26592,28296,27492,27096,28123,31023,31877,32817,36243,37090,36600,38919,39766,39259,41484,41672,43095,44463,51280,52434,51695,55224
51093,"Isle of Wight, VA",28002,29376,30454,32982,34830,36799,39601,41681,44012,44559,45373,46867,48074,48096,48069,49613,51120,51929,52639,55265,58242,62673,64169,67709,70714
51097,"King and Queen, VA",24429,24830,25338,26846,27839,28611,29229,30857,33181,33763,33624,35028,34914,36121,36787,38680,40470,42684,44205,46824,51129,54988,56061,60073,64881
51099,"King George, VA",29078,30555,32259,34701,37869,38981,41134,41482,43329,43656,45655,46113,47454,47727,48256,51667,51124,52214,52897,55525,58959,63146,62783,66759,69622
51101,"King William, VA",27980,29676,29545,30962,32917,34673,34961,36640,38294,36512,36237,37013,39204,39401,38273,40729,43294,44834,45385,47213,50003,53849,54865,58505,61754
51103,"Lancaster, VA",31180,34552,35012,36215,38342,39820,42563,44678,45974,43615,43528,45189,47417,46961,47986,50285,52217,55411,55894,62720,65644,71224,76974,82805,85487
51105,"Lee, VA",18314,19261,19462,20088,20930,21681,22582,23571,24942,25421,25848,26906,26597,26405,26626,27260,27923,28721,29875,31321,34908,38081,39652,42023,43193
51107,"Loudoun, VA",41977,43251,41064,42102,44383,49059,54806,59306,63152,61761,63772,66784,69134,67610,68718,71082,73874,75651,78631,81997,85192,92268,96039,101623,106510
51109,"Louisa, VA",27018,27182,27381,28919,30795,31957,33392,34591,35425,34338,35129,35333,36326,36290,37860,39659,39932,42046,43416,44219,46684,50798,51411,53381,54482
51111,"Lunenburg, VA",18662,19685,19372,20024,21253,21733,22577,24056,24706,25221,25559,26738,27380,27496,28913,29640,30817,31673,32439,33123,36443,39597,39328,41448,42935
51113,"Madison, VA",24492,25995,26195,27509,28870,29609,30145,31153,32784,32109,33640,36629,40023,40877,42709,43439,45029,44302,44685,47693,51066,55880,57118,60435,63787
51115,"Mathews, VA",32011,34560,35706,37418,39732,40279,41156,43812,45793,45407,44726,47430,47519,46650,48946,50742,52125,54226,55441,58865,61747,66033,68291,73387,76569
51117,"Mecklenburg, VA",21231,21805,21661,22660,23183,23815,25019,26424,27691,28219,28736,29686,31337,31566,32268,33360,34039,35329,36269,37758,41494,46473,46675,49304,51880
51119,"Middlesex, VA",27396,29317,30290,31113,33149,33150,34298,36894,39178,38192,38521,40241,41876,40817,41698,44150,45277,48438,49513,54632,57281,60932,62216,67494,70772
51125,"Nelson, VA",26133,27326,27614,28454,29991,31675,33690,34901,35628,35689,36579,38656,41615,42700,43075,45240,46657,48222,49547,53191,57691,63126,63841,68750,71776
51127,"New Kent, VA",28284,31236,32494,35538,38388,41910,44178,48739,50293,52560,54604,57918,61117,63360,65724,68271,66391,70079,74604,81720,85751,96838,115233,122272,128544
51131,"Northampton, VA",23226,24467,25602,28586,30241,31345,32422,34363,35347,36417,35030,36628,38912,38944,39282,41340,44748,48773,51036,53878,59152,68158,66139,67602,70479
51133,"Northumberland, VA",25289,26813,26863,27580,30390,31147,32538,35415,36267,36230,36530,39148,41659,41578,43971,45257,47749,49511,51030,53674,57032,60620,61493,66344,69818
51135,"Nottoway, VA",21728,22680,22960,24051,25254,25814,27219,29099,29809,28981,28793,29217,28913,28407,29732,30897,31415,32252,32722,34365,37031,42936,45144,46702,47849
51137,"Orange, VA",25809,28218,28964,30249,32015,33404,34611,36018,36542,36783,37717,39297,42304,42626,43686,45601,47219,48880,50107,52448,55626,59249,59889,63963,66250
51139,"Page, VA",22187,23692,23434,24033,25425,26846,27080,28118,29552,29438,30695,31817,31833,31830,33182,35088,35824,36618,37664,39321,41969,46691,49053,50189,52748
51141,"Patrick, VA",18758,20102,20771,21519,21677,21918,22946,24388,25576,25636,26522,27425,27955,27727,28949,30163,30618,31877,32591,33416,36345,39270,40750,43301,45475
51145,"Powhatan, VA",28071,29914,29030,29325,32539,34886,36181,38644,40429,38877,39665,41206,43713,44046,46082,49831,52030,54196,56072,60274,62144,65043,68246,72084,75461
51147,"Prince Edward, VA",17447,18736,18804,20003,20744,20700,22011,22597,23789,23517,24061,25832,26055,26430,27113,28093,29284,31176,31601,33232,35824,39336,40153,42312,43284
51155,"Pulaski, VA",23734,24037,24701,26263,27507,28331,28749,29838,30164,29681,30650,32119,33400,33426,34883,36199,36455,37492,39342,39473,43134,46585,48493,51750,53872
51157,"Rappahannock, VA",29005,31500,32645,35454,38592,40323,44448,47508,50775,49211,48613,51717,54101,53656,54386,55261,57451,59856,64180,67634,69947,77182,83989,90476,95139
51159,"Richmond, VA",18543,18643,18871,20180,21615,22435,24036,25197,26571,26772,26674,27963,29684,30173,31592,33194,34811,35769,37297,37406,41542,43611,43096,45331,47384
51167,"Russell, VA",19167,19478,20452,21302,22088,23593,24682,25640,27997,28353,28903,29899,29998,28985,29663,30420,30972,31790,33356,34313,37097,39917,41678,44196,45266
51169,"Scott, VA",18517,19996,20432,21275,22542,23512,24876,25092,26740,26047,26786,28601,28496,28325,29237,30044,30617,31060,32671,33547,35975,39461,41603,43837,45065
51171,"Shenandoah, VA",24536,26707,26626,27109,28358,30006,30940,32248,33188,32359,33428,34988,35928,36240,38197,40050,40622,41639,43634,46105,49328,54851,55528,57604,59843
51173,"Smyth, VA",20691,21508,21884,22450,23768,25003,25941,26417,27576,27396,28191,29669,30540,31069,32628,33570,34398,35011,35941,37224,40229,44324,45285,48487,50617
51179,"Stafford, VA",29492,31699,32246,34008,35855,38179,40463,43096,45423,46212,47300,48672,49483,48749,49148,50597,51519,52853,54232,55816,58900,62859,63818,67033,70313
51181,"Surry, VA",21980,23316,23622,25232,26618,27782,29387,31607,33135,33467,33081,34357,34992,35190,36746,39902,39089,41572,42862,42683,46348,52708,53368,55593,58212
51183,"Sussex, VA",19643,20024,20126,20482,21790,23351,24120,25534,25909,25786,26179,26545,27023,27312,27201,27947,28182,29415,30429,31930,34586,37938,38155,39639,41032
51185,"Tazewell, VA",20924,22959,23761,24127,25072,26118,27825,29382,31241,31222,31160,32821,33662,32876,33412,33547,32868,35647,36674,37621,40320,43257,45644,48978,51592
51187,"Warren, VA",26754,28500,28297,29277,31854,33720,35027,36075,36955,36662,38132,40373,39779,39032,38414,41365,43101,43729,44997,47240,50408,55175,55957,59238,62100
51193,"Westmoreland, VA",24478,25446,25615,26701,28617,29379,30715,31555,33070,33118,33677,35023,36116,35999,37333,38262,39778,41167,42248,44413,47635,50354,50727,54506,56273
51197,"Wythe, VA",21009,21874,22138,23299,24278,25451,26881,28181,29284,28532,28510,29146,29847,29061,30848,32034,32412,33629,34603,36142,39551,43481,44919,47356,49194
51510,"Alexandria (Independent City), VA",50539,53185,53823,56202,61131,65280,70063,71424,74276,71818,75738,78165,80505,76051,78690,80148,80787,82214,86394,87786,91521,104279,108556,115627,120602
51550,"Chesapeake (Independent City), VA",28320,30079,31923,34024,34969,36030,37788,39914,40880,41418,42228,43468,44030,43659,44773,46267,47357,48149,48247,49447,53239,57484,58710,62633,65771
51650,"Hampton (Independent City), VA",25863,26972,28424,29886,30693,31193,32381,33614,34482,34903,35747,36703,36893,36816,37645,38942,39348,40234,40548,41586,45493,48796,48962,52424,54848
51700,"Newport News (Independent City), VA",23447,24630,25571,27053,28275,29491,31342,33254,34322,34024,34717,36450,36981,36567,36909,38025,38148,38755,38802,39864,43671,47194,47815,50862,53320
51710,"Norfolk (Independent City), VA",25289,27462,28399,30308,32922,34591,36226,37270,36086,34000,34346,35011,35796,35100,36130,37002,37921,38910,38323,39716,42170,47212,47988,49023,51498
51740,"Portsmouth (Independent City), VA",22390,23784,25495,27611,28624,29345,30214,31978,33333,33479,34542,35706,35014,34771,35153,35918,36054,37725,38055,39814,43444,46020,46238,48509,50593
51760,"Richmond (Independent City), VA",32288,33272,33861,35524,38454,39743,43655,44261,45723,41016,42179,45071,48177,45344,47137,49422,49985,52392,53096,56689,62644,69384,72510,76702,80007
51770,"Roanoke (Independent City), VA",25271,26292,27627,28209,29526,30122,31004,33725,35118,34140,35342,36593,38274,37056,37697,39296,38905,39717,41224,41768,45852,50265,52651,56184,59053
51800,"Suffolk (Independent City), VA",26450,27709,28835,30373,32199,34095,36689,39296,41685,41552,42363,43782,45638,44616,45533,47313,48639,49457,49883,51562,54799,59750,61380,64600,67250
51810,"Virginia Beach (Independent City), VA",32358,32601,34139,36732,38477,40246,42266,43984,44908,43896,44787,46423,48175,47293,49258,51283,52698,54531,54559,56316,59477,64853,67721,72733,76347
51901,"Albemarle + Charlottesville, VA*",35578,36865,37268,39611,41723,43788,47176,49708,51291,48390,50558,52715,56783,55241,57753,60637,63647,68773,72446,75651,75950,88988,95588,104898,110137
51903,"Alleghany + Covington, VA*",23112,23678,24316,25585,26276,27150,28031,28958,31582,30995,31690,32470,34430,32371,33613,35152,35630,36536,37843,38886,41881,45177,46336,48637,50058
51907,"Augusta, Staunton + Waynesboro, VA*",24869,25306,25700,26833,29317,29875,30624,33458,35094,35011,35775,36321,36805,37102,38417,39481,40156,41414,42577,44722,48112,51726,53712,56234,58462
51911,"Campbell + Lynchburg, VA*",24551,25066,25219,26110,27373,28011,29010,30318,31649,30615,31798,32913,33761,33260,34520,34840,34840,35674,36987,38047,41622,45118,46141,49013,50729
51913,"Carroll + Galax, VA*",20811,21188,21466,22447,23246,23774,24841,26085,27533,27891,28109,28925,29448,29153,30969,32220,32805,34010,35190,36426,40347,43526,45391,48084,50643
51918,"Dinwiddie, Colonial Heights + Petersburg, VA*",26263,27554,28704,29837,29309,30423,31235,32740,33770,33497,33964,35541,35530,35283,35042,36110,35969,36904,37486,39026,43341,46245,47068,49898,51488
51919,"Fairfax, Fairfax City + Falls Church, VA*",52825,53344,53633,56354,59590,63062,66108,68116,68115,63972,66243,70219,72152,69759,72445,75018,75908,77859,81954,85521,87943,97698,102447,109471,114330
51921,"Frederick + Winchester, VA*",28164,29613,29857,31268,33354,35141,37123,37888,39011,37498,38717,40540,42020,41636,42617,44764,46460,48078,49306,51937,54933,60442,61221,64233,67354
51923,"Greensville + Emporia, VA*",18448,18831,19473,20355,21620,21988,23292,24778,25895,25496,25086,26349,26352,26561,27320,27738,28613,29723,30155,31397,35072,39144,40032,42256,43896
51929,"Henry + Martinsville, VA*",22189,23021,23927,24753,25474,26131,27884,28385,29523,29133,30328,31093,31915,31694,32983,34183,34969,35759,36906,38370,41885,45810,47021,49666,51414
51931,"James City + Williamsburg, VA*",36537,37745,38565,39897,42275,43338,46702,49710,53226,50556,51432,54111,55493,55401,56359,59107,60937,62182,61906,63896,67529,73815,75579,80283,84453
51933,"Montgomery + Radford, VA*",20031,20655,21431,22273,23197,24321,25827,27138,27892,28096,27647,28648,29641,29892,31444,32912,33607,35084,36658,37862,40016,43862,45983,49707,51943
51939,"Pittsylvania + Danville, VA*",22228,22739,23710,24361,24888,25240,25328,26662,27884,27944,28514,29525,30178,30531,31762,32874,33433,34574,35820,37218,40631,44227,45618,48453,50485
51941,"Prince George + Hopewell, VA*",23984,24621,25090,26064,27044,28077,29504,31165,32124,31323,32291,32713,33165,32633,33087,33545,33061,34049,34374,35179,38005,39746,40458,42720,44445
51942,"Prince William, Manassas + Manassas Park, VA*",32426,33335,33707,35413,37604,39673,41834,43920,46556,46272,47113,48587,48575,47769,48818,49739,50747,52135,53631,55284,58465,62231,64363,67636,70956
51944,"Roanoke + Salem, VA*",31374,33447,34392,35176,36266,37150,38601,40235,42036,41212,41646,42568,44987,43583,44817,47069,47625,48260,49584,50540,53398,57372,59516,63343,66590
51945,"Rockbridge, Buena Vista + Lexington, VA*",22722,23947,24566,25480,26992,27757,29215,30637,31732,31174,31442,32567,33606,33500,35285,36225,36715,37763,38407,40738,43662,48075,47878,52242,54881
51947,"Rockingham + Harrisonburg, VA*",23115,24814,23939,25311,26455,27375,27969,29115,30279,29336,30568,31739,32609,33041,34639,36627,35715,37621,39153,40517,42832,48447,51008,51497,53670
51949,"Southampton + Franklin, VA*",23752,25329,26041,27000,27951,28614,29496,29795,30420,30382,29652,31821,34503,34616,35165,36257,37632,38877,39757,41977,45585,49660,50536,52639,53653
51951,"Spotsylvania + Fredericksburg, VA*",29203,30636,30794,32116,34130,36437,38357,39741,40540,40855,41760,43300,44226,43781,44734,46218,47280,48657,50012,52042,55712,60838,61378,64721,67935
51953,"Washington + Bristol, VA*",24215,24175,24631,26428,27328,28679,31940,33287,36164,33688,32954,35637,37809,36334,36306,36592,35963,37794,38925,40169,43076,47104,48525,51743,54297
51955,"Wise + Norton, VA*",19342,20541,20996,21978,23083,24393,25210,25876,27462,28646,30432,31339,30586,29361,30067,30409,30217,30882,32413,33755,37142,40882,42244,44754,45976
51958,"York + Poquoson, VA*",31696,32915,34322,36476,38069,41029,44132,46185,48277,47432,49017,50419,51301,51436,52965,53553,54873,55988,57059,59052,61227,66356,68183,72516,76155
53001,"Adams, WA",21203,21000,21920,23438,23718,23437,24929,28121,30498,29644,30686,33940,35923,36293,36904,41490,37628,36616,37218,39576,43026,48967,51773,54396,56262
53003,"Asotin, WA",24495,25580,26034,27153,27797,28315,30243,32325,34197,34310,35327,36449,37435,37343,39233,40636,42237,43877,45139,47197,50046,53632,53953,57257,60675
53005,"Benton, WA",27242,28886,29652,30808,32159,32449,32837,35384,37460,38342,40734,42276,40962,40215,40984,43534,44290,44735,45499,47993,51048,54753,54507,57538,59950
53007,"Chelan, WA",25554,26245,26683,27655,29090,29599,31049,33233,36098,35422,35440,37313,40728,41134,43590,45521,47569,49460,51492,53594,58323,62362,64246,69899,72749
53009,"Clallam, WA",25015,26339,26611,28263,28807,29009,30637,32397,34819,34230,34800,36560,38201,37997,39756,40695,41745,43483,45008,47409,50738,54501,55781,59857,63495
53011,"Clark, WA",29522,29692,29229,30347,31612,33492,35476,37560,39409,37085,37367,39032,41218,40953,43370,45186,46938,48988,52210,54913,57344,63810,65697,68806,72024
53013,"Columbia, WA",28638,27894,27323,28390,28601,28949,30752,34945,38162,38061,37953,41834,41318,39940,39960,45419,43578,43340,45662,52763,57386,61702,60187,61990,63677
53015,"Cowlitz, WA",23688,24780,24703,25508,26570,28187,29386,31956,33395,33108,34868,35293,36826,37321,38822,39873,40650,41703,43299,45852,49725,54204,55226,57373,59669
53017,"Douglas, WA",21545,22536,23059,24129,24536,24970,26144,27801,30126,29755,30334,32245,33188,33538,35092,36541,37593,39232,39710,41643,45701,49664,49773,52308,53994
53019,"Ferry, WA",17668,17529,18116,18551,19496,19766,20062,21997,24697,26400,27657,28600,30546,31092,33496,34901,35684,36750,36845,38418,43376,46633,44975,47290,50456
53021,"Franklin, WA",20002,21063,21460,22579,22627,23558,24069,26532,28268,29673,30469,31821,31339,31287,32527,34271,34691,35451,36482,39157,42534,47080,46794,48822,50535
53023,"Garfield, WA",25308,24345,24249,27168,26965,25963,27068,31059,35443,36030,37344,41326,40070,39851,37972,43373,41344,43339,44561,49096,56725,57002,59290,56696,56298
53025,"Grant, WA",20999,21363,21973,23527,24337,24063,24571,27657,28856,29272,29818,31739,32712,33975,33818,37078,36959,37481,37396,40654,46148,49191,49434,50292,52210
53027,"Grays Harbor, WA",22436,22905,23636,24638,25481,26230,27311,28570,30240,29796,30224,30890,31810,31985,34285,34905,36036,37527,38999,40470,43613,47072,46977,50155,53029
53029,"Island, WA",27846,28536,29939,31583,32808,34279,36570,39415,41034,40074,40595,42049,43770,45384,46857,48448,49741,51613,52663,55839,59402,63601,65520,70195,74079
53031,"Jefferson, WA",28430,30654,30389,31697,34067,34226,36284,38327,39733,37464,37718,39605,41338,40022,42714,44696,45603,48428,50770,53687,56479,60978,63918,68637,72897
53033,"King, WA",45481,45639,45804,46980,51233,51431,55971,59958,60771,55242,55802,59018,64938,65512,70758,74196,77621,82366,87785,93612,98839,110511,114289,122667,128684
53035,"Kitsap, WA",30267,31101,32198,33763,35664,37742,38736,40698,42550,41584,42192,42962,44397,44522,46745,47769,49370,51361,53958,57692,62359,66640,68702,73560,77564
53037,"Kittitas, WA",23845,24514,24830,25265,25731,26983,28849,31296,32235,30994,31848,33455,35585,36763,37783,39449,40664,42369,43666,46610,48499,53920,53545,57006,59577
53039,"Klickitat, WA",22799,23109,23620,24195,24671,26156,28230,30733,33580,34712,36335,37420,39853,37845,39694,41480,42636,45341,47010,49475,51658,54167,55144,57947,60242
53041,"Lewis, WA",22565,23800,24171,24981,26263,26830,28184,30065,31998,31672,32204,32662,34075,34349,36217,37896,38381,39801,41707,44592,48942,51732,56424,55936,58706
53043,"Lincoln, WA",23292,23874,24237,26004,26294,25479,26878,30142,33249,36086,35976,39147,39436,41504,39141,44760,40965,41247,42610,45519,51543,53263,50832,52147,55034
53045,"Mason, WA",23130,24827,25647,26655,27642,28144,29742,31360,32462,32522,32789,33944,34667,34925,36776,37913,39319,40773,41927,44755,47769,51359,50811,54136,57184
53047,"Okanogan, WA",20948,20809,21518,23100,25084,25059,26402,28307,30115,30206,31118,32250,33068,34174,35735,37981,39287,40214,40447,42182,46965,50644,50158,52388,54775
53049,"Pacific, WA",21357,22747,22964,23812,25551,26125,27712,29796,32458,32701,33216,32940,34190,34387,36293,36482,37886,38325,39242,40854,43750,46971,47155,49860,52507
53051,"Pend Oreille, WA",20850,21974,22188,23328,23353,24059,24945,27064,29928,30581,31476,31988,32747,33184,35280,36654,38605,40066,42443,44009,46611,49684,49595,52132,55156
53053,"Pierce, WA",28461,28702,29200,30245,31526,33231,35258,37525,39115,37433,38263,39340,40389,41128,42939,44402,45673,47308,49221,51951,56318,59434,61101,65066,68414
53055,"San Juan, WA",38774,40154,39493,41470,45209,47121,50292,54409,57619,48798,49904,52644,59764,58743,63649,66922,68613,69719,75689,78114,81287,85225,86637,95292,99983
53057,"Skagit, WA",27946,28298,28834,29973,30977,32317,34854,37085,38687,37651,38074,39736,41832,42275,43456,45253,46721,48691,50697,54067,58475,62153,63349,67524,71399
53059,"Skamania, WA",22714,23075,23250,24672,26303,28369,29260,31905,34197,33358,32524,34369,37396,36348,37875,39538,41534,42544,44702,49903,54468,61944,63206,65893,69396
53061,"Snohomish, WA",30778,31318,31354,31765,32919,34492,37208,39981,42114,39653,39885,41869,43846,44345,46400,47943,49796,51775,54858,58331,63006,67656,70120,74659,78447
53063,"Spokane, WA",26646,26535,26930,27706,28769,29555,31317,33285,35156,34176,34664,35865,36957,36965,38454,39742,40754,42202,44085,45639,49199,54402,55498,58920,61810
53065,"Stevens, WA",19845,20732,21216,22046,23278,24044,25634,27122,28799,28807,29499,30353,31218,32080,33767,34515,35222,36256,37636,39843,42788,47138,46790,49244,52086
53067,"Thurston, WA",30606,31876,32254,33243,34407,35479,37125,39396,41199,40006,40517,41030,42249,42010,43381,44750,46273,47534,48952,51833,55452,58797,61507,65586,69277
53069,"Wahkiakum, WA",22513,23568,23651,25145,25973,26042,26457,28130,29613,30418,32026,33283,34140,35050,36742,38801,39824,40909,42707,45546,47797,50879,50670,52573,54216
53071,"Walla Walla, WA",23995,25069,24610,25880,26731,27477,28616,31259,34071,33412,34164,35405,36656,37468,38308,39847,40457,41789,43341,45971,49951,54885,54894,56666,58985
53073,"Whatcom, WA",24639,26043,25942,27492,29128,30325,32210,34562,36355,35525,36471,38243,40294,39871,41660,43284,44010,45464,48174,51191,53957,58338,59187,62913,65622
53075,"Whitman, WA",21117,20651,20836,22415,23375,23199,24277,27830,30247,29983,30760,33681,33672,33379,33235,34994,34900,36482,39801,40481,43864,51510,47237,49038,51136
53077,"Yakima, WA",22295,22736,23006,24422,25311,25520,26382,28694,30963,30336,31581,33190,34943,34969,36620,37551,38147,39253,40540,42775,46424,50009,49840,52686,54713
54001,"Barbour, WV",17108,17924,18853,19415,20305,21205,22912,24090,25521,25924,26880,28076,29256,29031,29871,29918,30382,32165,34026,35654,38173,41139,41471,42850,44716
54003,"Berkeley, WV",23489,24888,25998,26971,27867,29457,30743,31698,32849,32797,33683,34959,36003,36005,36620,37758,39288,40299,41650,43977,46991,51209,51455,54106,57203
54005,"Boone, WV",18714,19063,19892,20416,21233,22660,24740,26149,29502,29393,30455,33167,32483,30835,30681,31166,30702,32375,34681,35329,38400,41481,41797,44861,46550
54007,"Braxton, WV",16211,16605,17522,18133,18981,19683,21272,22614,24713,25090,26416,28429,30331,29756,30875,32544,31474,32402,34425,35945,39222,40757,40538,42883,44745
54009,"Brooke, WV",23116,24180,24554,24169,24814,25373,27138,28370,30555,30042,31165,33181,34065,34283,36244,37343,36860,38537,40728,41795,44746,49555,50842,52499,55439
54011,"Cabell, WV",24002,25484,26557,27000,27197,28117,29860,31464,33698,33688,34376,35788,36374,35917,37005,37712,37583,39010,41682,43209,45840,49504,50998,54316,56843
54013,"Calhoun, WV",15612,17020,17525,18306,18691,18843,20161,20532,23313,24316,25152,27207,30280,29578,30673,30006,28806,30923,32948,34697,38926,41878,41526,44877,46017
54015,"Clay, WV",13931,16316,17101,17217,17877,18600,20793,21890,24165,25301,25780,28179,28721,28062,29590,29871,29325,30468,32684,34106,36824,39174,39200,41629,44287
54017,"Doddridge, WV",17261,17709,17150,15517,16020,15343,15685,15090,16062,16418,17449,19711,20767,21531,26838,26058,26286,28472,31112,33216,34014,37365,39297,40668,41982
54019,"Fayette, WV",18523,19810,20596,20675,21471,22203,23756,24896,26923,27185,27763,29944,31337,30892,31812,32727,32525,34052,35754,38271,40358,44292,45201,48253,50745
54021,"Gilmer, WV",17660,18733,18197,18578,17496,18240,18732,18736,20078,19778,20539,22610,24311,25170,27101,28349,26839,28586,29716,31628,33019,36343,36665,38394,41468
54023,"Grant, WV",21471,25451,24593,24649,24269,24682,24772,26201,27615,28434,29039,30772,31160,32327,34787,34672,36481,37738,36831,39017,42093,46237,47851,48290,49816
54025,"Greenbrier, WV",21599,22570,22884,23416,24917,25748,27371,27487,29311,29176,30446,33202,32132,33124,34684,36444,35532,37404,38807,41496,43813,46710,47325,50468,51940
54027,"Hampshire, WV",19421,20385,20607,20805,22262,24268,25064,25376,26696,26629,27921,29189,29692,30313,30817,32593,34882,35138,36011,38197,41200,45257,45010,46580,48814
54029,"Hancock, WV",22598,24237,25363,25400,25728,26301,28337,30114,32095,31502,32870,34453,35552,35799,36569,37914,38289,39476,41630,43125,45917,50185,51261,53765,56263
54031,"Hardy, WV",20567,21288,20984,21641,22572,22931,22540,22783,23971,24715,26162,27807,27806,28621,29158,30507,30849,33036,32783,34027,35644,40468,45433,43495,47234
54033,"Harrison, WV",24313,25662,27068,27721,28592,31242,33998,33759,36384,35812,37561,40678,41117,41598,43939,43772,42898,45681,49144,51165,52692,57294,59948,63510,65896
54035,"Jackson, WV",20072,20884,21296,21541,22211,23363,25380,26985,29218,29075,27282,30713,32288,32765,34077,35086,34590,36071,39028,39829,42579,44958,46252,48915,50906
54037,"Jefferson, WV",26805,29465,29356,29891,32748,34566,36518,38055,39031,38707,39925,42492,43987,43696,44304,45258,47659,48300,50033,52904,56020,61168,62828,66662,70542
54039,"Kanawha, WV",29366,30419,31361,31644,31729,33530,35461,36702,38692,38716,39848,41454,42096,41488,42769,43455,43349,44592,47067,48657,51281,55480,57834,60979,63654
54041,"Lewis, WV",18991,20323,21087,21245,22311,23149,24780,25591,27728,28655,31743,33617,34871,34587,35916,35680,34120,35109,38376,40111,40705,43528,44125,46133,48756
54043,"Lincoln, WV",15298,16456,17263,17639,18246,19693,21137,22187,24986,24531,25883,27853,28315,27656,27887,28133,28543,29353,31106,31823,34332,36912,36862,39467,40995
54045,"Logan, WV",19297,21092,22109,22459,23815,25030,26783,27666,30969,31106,31976,34307,33649,32764,32747,32911,32274,34462,36185,37252,39993,42438,44741,47522,49013
54047,"McDowell, WV",15035,16671,17098,17379,17587,18207,19494,20471,22665,23680,25041,27502,28316,27669,26989,26662,25961,27425,27794,29184,30938,34060,34672,36880,38563
54049,"Marion, WV",23051,25322,26381,26127,25821,27050,29249,30240,32350,33315,35069,36530,37738,37728,38327,38707,38216,40482,42000,42955,45520,48721,49953,51853,53855
54051,"Marshall, WV",21226,22290,22489,22874,23582,24100,25237,26081,28406,28340,28261,29630,30597,32903,35427,35857,34879,37620,41587,41935,42428,46953,50128,51416,53299
54053,"Mason, WV",18763,20173,20359,20763,21471,22330,24389,24959,26752,27281,27351,28388,29502,28991,29400,30844,31250,32854,34490,36048,38774,42122,41727,44420,47843
54055,"Mercer, WV",22086,23302,24107,24392,25226,26124,27749,28838,30425,31478,32036,32755,33705,33086,33625,34237,34194,35514,36926,38138,41276,44901,45424,48452,50206
54057,"Mineral, WV",20794,22691,23517,23546,24541,25605,26814,27996,29288,30441,31724,33064,33480,34107,34712,36296,37408,38829,40674,42792,46359,50371,47727,49795,53207
54059,"Mingo, WV",19769,20624,20884,21023,21796,23473,25843,27533,31911,30533,30945,33862,34015,31598,30378,29747,28422,30426,31746,32994,33885,36796,38389,41131,43445
54061,"Monongalia, WV",24371,25332,26307,26673,27482,28933,30734,31733,33885,34689,36859,38109,38308,38516,40290,42064,41449,43542,45927,47352,49288,53388,55543,58800,60600
54063,"Monroe, WV",18559,20057,20177,20177,20922,21287,22314,22954,24264,24152,25783,27594,27979,28096,29451,30146,29906,31624,32530,35048,37855,40722,40424,42820,44579
54065,"Morgan, WV",23860,24762,25522,25710,26405,27099,27192,27728,28512,28363,28931,30301,31395,31234,31921,33471,34622,35598,36636,38719,41548,45329,43908,46774,49283
54067,"Nicholas, WV",19674,21058,21333,21234,22133,23243,24912,26836,29457,30018,30705,32616,32323,30769,31627,32167,30629,31898,33419,35243,37903,40619,40961,44561,45763
54069,"Ohio, WV",27793,33637,35007,35760,38009,39462,42560,44644,46455,41889,40150,41702,43706,43637,46096,47747,51663,58919,61319,59153,55980,63362,64162,67571,70326
54071,"Pendleton, WV",21638,22678,22631,23448,24893,25933,26646,28014,29402,30248,31353,33320,32628,33364,34520,35312,35466,39482,39613,41794,44899,50396,55029,53199,57145
54073,"Pleasants, WV",21398,22296,23095,24238,24494,24818,26337,28088,30479,30976,31712,33498,35564,36253,38116,39327,38721,40623,43191,43476,45703,48722,50633,54181,55197
54075,"Pocahontas, WV",20331,22144,22379,22829,23594,24334,25105,25666,27669,28588,29365,30095,31621,32442,34531,35966,35745,37993,39125,42666,48036,51005,51445,54318,55868
54077,"Preston, WV",18515,20534,21812,21015,24635,26837,25802,26649,26796,26876,29705,31202,31595,32119,32409,33807,33464,34590,36182,36947,39484,42321,42312,44248,46260
54079,"Putnam, WV",25157,27223,28036,28283,29098,30208,32237,33656,36088,37136,37656,40125,40734,40244,41157,42639,43150,43959,46110,47921,50021,53978,54459,58052,61402
54081,"Raleigh, WV",22145,24033,24763,24852,25460,27059,28749,28050,30185,31176,32805,36177,35918,35038,35997,36505,35431,38184,40439,42225,43624,47338,49458,53204,55961
54083,"Randolph, WV",21053,22172,22689,23051,23755,24633,26387,27077,28339,28835,29522,30499,31899,31895,33046,34302,34512,35901,37256,39143,42292,45565,45933,48692,50300
54085,"Ritchie, WV",18998,20069,20178,20124,21629,22392,23524,23643,24994,25205,26013,28332,29839,31113,34575,35597,35400,38238,41483,44539,47473,52277,55047,56202,57879
54087,"Roane, WV",16710,16914,17125,17804,19236,20725,22740,23995,26660,26688,27601,28873,30007,29482,29990,30526,30260,32262,34529,34363,37616,39354,39503,41650,43640
54089,"Summers, WV",15138,16877,17879,18276,19335,20041,20937,21940,24100,24209,25090,27041,27956,28462,29768,31244,30730,33066,34426,36705,39200,42552,43652,46368,46401
54091,"Taylor, WV",17266,18391,18659,19303,21145,22467,24213,24940,26903,28051,29155,31257,32187,33998,34362,35545,35746,38490,40837,42511,44101,48567,49638,52663,54335
54093,"Tucker, WV",19051,20522,20732,21052,21744,22756,24232,25032,26635,28162,29447,31918,33970,35141,37149,37948,38965,41388,42240,44072,47719,52850,55319,59250,62559
54095,"Tyler, WV",17254,18448,19575,19719,20187,20388,21692,23208,25650,26011,26762,29320,31266,31486,32218,33597,32984,36158,38759,41874,42989,51711,61150,60852,63194
54097,"Upshur, WV",18088,19411,19984,19918,21121,22531,24341,25365,27212,27429,29058,30731,31390,30761,31650,31594,30486,31874,33669,36069,38239,41082,42159,46034,48437
54099,"Wayne, WV",17404,18427,19218,19371,20277,21209,22613,23659,24854,26035,26573,27634,28177,28015,29170,30067,30184,31819,33878,35699,37898,41040,42171,44689,47014
54101,"Webster, WV",14482,15618,16725,17133,18050,18976,20659,22033,24367,24915,24745,25590,25728,25411,26288,27040,25896,26827,27292,29243,33057,34819,32937,34842,35039
54103,"Wetzel, WV",20712,21563,22157,22091,22588,22407,23221,24419,26014,25978,26627,28245,29603,29770,31300,32105,30796,34024,37879,37949,39663,43826,46441,47405,49748
54105,"Wirt, WV",16099,18063,18796,19250,19002,19074,20329,21313,23499,24124,24915,27555,27496,28971,30577,31335,31654,32419,35174,35196,37777,41941,41225,44856,46669
54107,"Wood, WV",24108,24927,26039,26446,27318,27515,29595,30926,32372,32436,33080,34750,36079,35872,38245,38472,38029,39416,44206,46536,48137,55203,56142,58862,60570
54109,"Wyoming, WV",16806,18224,18977,18806,19659,20945,22524,23679,26381,26034,26802,28348,28543,27724,28454,28243,26655,28137,29370,29551,31840,34537,36415,38591,40314
55001,"Adams, WI",21483,22515,23235,23814,24371,24826,25923,26843,27935,28890,29750,31547,33671,34112,34952,36388,36889,38210,39084,41120,44093,45941,44578,46198,49375
55003,"Ashland, WI",22318,23648,23851,24522,26112,26808,27617,27978,29479,30385,30967,32405,33652,33809,34470,35944,36281,37659,38828,40579,43475,46759,47683,49816,51395
55005,"Barron, WI",24423,26590,26786,27633,28473,29431,30930,33166,34487,35690,36089,38502,41505,40166,42089,43543,43276,44951,47640,49549,54704,60473,58710,61456,63871
55007,"Bayfield, WI",22711,24446,24939,26043,27597,28679,30200,32598,34096,36063,36310,37122,39207,38314,39871,40838,41659,43695,46112,47589,50323,54558,52580,55963,58806
55009,"Brown, WI",30862,31168,32181,33149,34320,35073,36957,38282,40023,39107,40288,41993,43982,44102,45246,46707,47107,48836,51544,52811,56974,61007,61974,64709,68296
55011,"Buffalo, WI",28741,29047,29340,30034,32613,31841,33023,35877,35589,35581,36178,38018,39170,39002,40664,43009,41396,42734,44844,45518,49960,55120,56163,57075,59353
55013,"Burnett, WI",22740,23328,23578,24275,25400,25856,26671,28094,30078,30408,32908,34347,35065,35808,36704,38769,38421,40050,41572,42982,45336,48476,49149,52197,54560
55015,"Calumet, WI",29271,29279,29285,29536,30837,31664,32181,35342,36411,36859,37363,39785,40667,41269,43501,43883,45123,47093,49107,50899,54071,58376,59314,61577,64371
55017,"Chippewa, WI",26045,27539,28331,28913,28998,29235,31038,33277,34589,33783,35170,37520,39195,39088,40633,40985,40982,42804,44922,46631,50093,53928,54933,57457,59758
55019,"Clark, WI",21545,22491,22935,24044,24721,24832,24853,26639,27703,27448,29218,31678,33655,34049,37155,37212,37145,39435,41832,43628,47844,50435,50199,51325,54674
55021,"Columbia, WI",29486,30784,31836,32848,33344,34072,36839,38069,38546,37488,38393,41539,42659,43597,44537,45240,46227,47740,50004,52543,56029,61476,64047,73016,75993
55023,"Crawford, WI",21197,22207,22561,23428,24907,25694,26149,27388,28874,29500,31337,33100,33930,35518,37354,38056,38823,40309,41460,42894,46881,50271,49071,50890,52463
55025,"Dane, WI",35083,36945,37763,38619,39816,40916,43018,44353,45203,44016,44772,47256,48723,49574,51041,53614,54925,56728,59854,62796,65625,72759,73988,77841,81203
55027,"Dodge, WI",26186,26475,26868,28011,28606,29896,30933,33247,34612,34571,35378,36860,38270,38650,40140,40411,40386,41647,43246,44901,47315,51722,52959,55513,57801
55029,"Door, WI",30167,30671,31301,31847,35201,35991,37967,39573,42097,41825,43307,44979,47630,47703,49824,52799,54403,56360,58530,60368,65958,70427,72879,78099,82172
55031,"Douglas, WI",23859,23935,24351,25162,26658,27027,28527,30740,32085,31934,33237,34331,34882,35354,36979,38945,38850,40410,42119,43955,45671,49435,50385,53201,55321
55033,"Dunn, WI",22802,23973,24902,25578,26305,26818,27605,29391,30395,30092,31512,33369,35270,35448,36240,36962,37288,38471,39939,41297,44604,49966,49163,51437,53534
55035,"Eau Claire, WI",27197,27499,28053,28717,29987,31214,33055,34743,36170,37283,37930,39418,40498,40397,42198,43070,42858,45051,47524,49065,51824,56821,57975,60261,62830
55037,"Florence, WI",22704,26464,27475,27732,29513,30554,32038,32188,33360,35188,39188,42449,41516,41992,42914,47245,47447,47542,50047,55450,56369,62639,61401,66620,68779
55039,"Fond du Lac, WI",28499,28812,29799,30366,31230,32031,33177,35024,36770,35566,36789,38109,39660,39815,41591,43131,43503,45208,47537,49524,52521,56974,58165,60227,62319
55041,"Forest, WI",20386,21262,21912,22615,23426,23750,24457,25047,26601,28301,30711,31505,33297,33965,35007,37306,36915,39024,40645,41104,44510,45568,46260,49543,51621
55043,"Grant, WI",23200,24016,25015,25793,26765,27286,28300,30323,31008,31398,33557,35613,37267,37039,38045,38989,39207,41136,42946,44425,47840,51785,51665,52930,54345
55045,"Green, WI",27684,28925,29894,31437,32561,34023,36478,38428,39855,38190,38580,41452,43516,42147,44403,45889,46713,48033,49985,52117,56379,63928,63123,66914,68126
55047,"Green Lake, WI",26504,28420,28903,29185,30949,31828,32928,34703,36299,34413,36007,38965,41148,39337,41907,43013,42413,43263,43961,44252,47097,51623,51333,53889,56649
55049,"Iowa, WI",26181,28367,30356,28991,31300,31973,32190,34116,34857,34670,36008,38622,40264,40417,42279,43721,44026,45171,47342,50010,53144,58345,59046,62602,65244
55051,"Iron, WI",21734,25751,26686,27576,28250,28120,28552,29828,31632,34854,36347,37306,38843,39584,40585,42873,44493,46293,46147,47496,50048,55173,53498,57000,59251
55053,"Jackson, WI",24483,23893,24393,25933,27245,27709,29942,32292,34130,33069,34798,36879,38991,38262,39895,40937,40795,43170,45029,44803,48663,52088,50506,51858,53121
55055,"Jefferson, WI",28658,29637,30479,31012,31054,31521,32804,33955,35744,34992,35766,37385,38144,37995,39496,41550,41898,43760,45490,47297,49245,54086,55517,58276,60938
55057,"Juneau, WI",22219,23353,23869,24611,25723,25763,26446,28003,29926,29667,30839,32327,33810,33314,34104,35479,35529,36947,38366,39963,42925,47039,46768,49254,51172
55059,"Kenosha, WI",28318,28915,29714,30508,31061,31918,33469,34622,35629,35111,35325,36811,37956,38657,40318,42114,42911,44856,46988,48948,51832,56613,57601,60138,62267
55061,"Kewaunee, WI",25504,27470,26877,27954,30255,30881,31649,33636,34932,33912,36404,39557,40383,41454,43239,43918,43135,44880,46430,48111,52276,56917,57964,58146,62402
55063,"La Crosse, WI",27228,28210,28825,29708,30730,31880,33475,35103,37327,37499,37835,39857,41316,40779,43044,44379,45066,46537,48570,50687,53896,59925,59341,62562,65407
55065,"Lafayette, WI",21548,23495,23568,23762,26446,26764,27491,31422,32269,31911,34856,38515,37503,39875,38977,40146,39537,40574,42330,43770,48265,51408,52478,55401,56858
55067,"Langlade, WI",23510,23807,24475,25272,26412,27441,28542,29916,31879,32366,33263,34785,36626,37124,38189,40592,39574,41350,42463,43809,48176,51168,51290,54736,56356
55069,"Lincoln, WI",24012,25737,26492,27470,28420,29376,30809,32554,34826,35554,35091,36429,37187,37237,38264,40568,41095,42803,44577,45700,49748,52705,54209,57116,59521
55071,"Manitowoc, WI",26868,27802,28602,29288,31082,31672,32955,34536,37278,37529,38247,39979,40719,40094,41377,42988,42876,44157,45322,46706,49425,53859,54775,57149,60076
55073,"Marathon, WI",27945,29234,30171,31179,32298,33491,34484,35880,37231,37284,37445,39417,41248,41393,43164,44659,45666,47043,49360,51709,54489,59369,60203,62875,65589
55075,"Marinette, WI",23587,24526,25718,26872,27755,27944,29075,30383,32404,32130,34084,35771,37203,37478,38563,39543,39826,41196,43824,44734,47359,51830,51839,54151,55670
55077,"Marquette, WI",21260,22633,23652,24486,25637,26071,26962,28443,29840,30163,31593,33556,34177,34655,35633,37267,38018,39456,40852,42694,46251,49587,49234,52199,54913
55078,"Menominee, WI*",16696,17673,17983,18629,19375,19526,19955,21653,22543,25019,25419,25560,26644,27333,27242,29895,29827,30833,31931,34525,37427,43017,41554,42466,43696
55079,"Milwaukee, WI",29151,30646,30934,31220,31818,32987,35080,36472,37444,37044,37539,39067,40544,39935,41084,42587,42765,44298,46746,47916,50968,56215,57290,59540,62166
55081,"Monroe, WI",22456,23017,23699,24854,26524,27052,27631,28826,30503,30938,32367,33648,34635,34964,36484,38111,38177,40402,41382,42041,46344,50183,50674,52874,55324
55083,"Oconto, WI",24951,25571,25857,26855,28016,28876,29662,31709,33367,33309,34905,37482,38247,38984,39920,40747,41691,43094,45226,47071,49965,53418,53593,55227,57341
55085,"Oneida, WI",27632,28574,29862,30323,31543,32206,33862,35345,37591,37492,38739,40169,41940,41605,42899,44540,43866,46942,48411,49253,52800,55123,57717,61875,64819
55087,"Outagamie, WI",29947,31833,32765,33312,34065,34965,36530,37641,39142,37712,38725,40820,42295,42553,44084,45879,47081,48451,50208,52231,54908,59619,61535,64206,67258
55089,"Ozaukee, WI",47240,49386,49792,50742,53808,55405,60014,61874,63136,60361,62596,67405,69482,69269,70804,73184,75317,77895,80871,83681,87318,95392,98304,104523,109947
55091,"Pepin, WI",23474,25970,26757,27600,29645,30524,31510,33886,35139,34985,36235,39259,40691,40448,43467,44282,43783,46145,47921,49334,55153,60575,61608,63765,65720
55093,"Pierce, WI",26403,28552,29152,30074,30977,31696,32410,34155,35084,33924,34861,37440,39024,39592,41812,43433,43174,44444,45786,48478,50732,57617,58265,60437,62869
55095,"Polk, WI",24471,26022,26285,27471,29322,29721,30167,31780,33484,33106,34343,36519,38322,38834,40698,42167,42650,43875,45249,46465,49996,54373,54900,57725,60035
55097,"Portage, WI",26078,27731,28165,29444,30113,30651,31831,33638,33943,30919,34456,36139,37064,38003,39943,41507,42166,44039,45603,47727,50475,54852,54924,57363,59559
55099,"Price, WI",22602,25487,26509,27468,29198,30060,30355,32015,34250,33907,36106,36841,38601,37339,39703,41105,41313,42441,43458,44902,47868,51326,52148,55341,56024
55101,"Racine, WI",29373,31053,31721,32533,33834,34009,35782,37149,39425,37621,37926,39773,41421,40537,42030,44319,44329,46578,48538,49877,52688,56736,59434,63130,65942
55103,"Richland, WI",21613,23240,24118,24913,25561,25830,26443,27470,29309,29754,31583,33523,35217,35879,38093,39290,39934,40887,42738,44071,47660,51755,51720,54167,56908
55105,"Rock, WI",26702,27432,28222,29104,29856,30540,32243,32959,33583,32989,33890,35671,37202,37887,38199,39588,40378,41533,43396,45523,48100,52195,54101,56476,58844
55107,"Rusk, WI",19956,21639,21596,22370,23447,23998,24648,26577,27491,28346,30436,31992,34382,35849,38550,40679,40593,42542,43938,44548,48015,52518,53608,55458,57504
55109,"St. Croix, WI",31182,31893,31708,32661,34237,35404,36688,38729,40212,38052,39437,42085,43941,44928,46951,49022,50729,52925,54802,57232,59346,65281,67027,70480,73222
55111,"Sauk, WI",27416,29727,30579,31205,32576,33209,34375,34932,35333,34716,36404,37971,39749,40180,41894,43197,43569,45293,47785,52252,56147,63249,62973,67178,69974
55113,"Sawyer, WI",23561,25606,26228,27254,28794,29779,30501,33181,32904,34283,36109,37024,38369,38257,38684,39833,40123,41317,41981,44590,47000,51472,51768,54858,56759
55115,"Shawano, WI*",22729,23988,24298,24629,26985,27418,28479,30135,31575,30929,32314,34069,35003,35529,37100,38291,38798,40794,42014,43862,47030,50442,50959,52143,54304
55117,"Sheboygan, WI",29564,30420,31547,32042,33751,34021,35365,37109,39583,38794,38771,40875,43377,42563,44198,45877,46457,48902,51139,51940,55107,59056,60128,63915,67247
55119,"Taylor, WI",21720,23269,24016,24837,25863,26693,27619,28600,30067,29702,31409,32632,34559,35200,36597,38062,37360,38952,39937,42772,47295,51193,49793,50688,52543
55121,"Trempealeau, WI",24493,27052,28117,29424,32366,33886,34863,35757,34905,35207,36381,38271,39833,39048,40159,41561,39991,41433,43091,43677,47082,51622,51466,52378,55519
55123,"Vernon, WI",19887,21594,22192,22776,25442,25911,27719,29411,30965,31230,32675,34170,34694,35318,36579,37633,37449,38974,40818,42148,45899,50151,49916,52085,54211
55125,"Vilas, WI",25569,28969,28836,29604,31744,31947,34560,35473,39461,36048,37247,39194,40960,40556,44287,47092,47750,50242,52303,52772,54147,59782,61762,68144,71506
55127,"Walworth, WI",28336,28986,29180,29880,30763,31629,33105,34570,35395,34647,35569,37519,38900,39796,40686,43252,44600,46461,48259,51049,54834,61459,64022,67812,70814
55129,"Washburn, WI",22509,24649,25103,25909,27865,27994,28837,30743,33119,33109,35151,37168,39399,39386,41229,42387,42357,44175,45142,47217,50824,55551,55491,58283,60638
55131,"Washington, WI",34201,36013,36567,36650,38114,39392,41062,42586,44343,42844,43876,46656,48708,48823,49616,51957,52892,55605,57759,59328,61568,66813,69100,72624,76329
55133,"Waukesha, WI",41885,43984,44065,44210,46879,48364,52819,53929,55323,53374,54221,57226,59608,59603,61572,64730,66765,68422,71084,73597,76793,84337,86239,90720,94831
55135,"Waupaca, WI",25341,27629,28457,29209,30811,31948,32636,33924,34952,35197,36165,37313,38774,38888,40451,41508,41685,42748,44426,46210,49336,54818,53939,56900,59826
55137,"Waushara, WI",21909,22696,22250,23131,25490,26421,27769,29274,30592,30544,31687,34095,35537,35164,36374,38247,37586,38730,40341,41088,43933,47153,47352,49418,51567
55139,"Winnebago, WI",28986,29835,30327,31238,32916,33488,35286,36361,37348,36029,37240,39257,39926,39502,41026,42815,44065,45323,47348,48670,52337,56360,57288,59803,62289
55141,"Wood, WI",28274,28322,29197,30522,31839,32036,33330,34923,36638,36366,36524,37891,39055,38986,40352,42019,42498,43782,45232,47103,49818,52881,54357,56403,58549
55901,"Shawano (includes Menominee), WI*",(NA),(NA),(NA),(NA),(NA),(NA),(NA),(NA),(NA),(NA),(NA),(NA),(NA),(NA),(NA),(NA),(NA),(NA),(NA),(NA),(NA),(NA),(NA),(NA),(NA)
56001,"Albany, WY",24376,26155,27643,29325,29417,29486,30308,31892,34786,33294,34500,38050,38756,38568,39921,40668,40064,40360,42224,42535,46014,49664,50653,53940,57293
56003,"Big Horn, WY",21509,23970,23677,25315,24801,27206,30114,28597,32253,31629,32853,35397,36212,35635,37811,37753,35870,37003,38730,40906,43627,46371,48435,52226,54365
56005,"Campbell, WY",27767,32695,31934,32452,34836,38716,44285,44710,51060,45134,50482,56664,55770,53203,57089,53009,46750,49718,52648,53346,53995,56233,59723,63135,64369
56007,"Carbon, WY",24518,26143,26558,28309,30007,33472,37522,40089,43875,38029,39454,44408,46962,48253,50788,51391,50100,53122,56903,58195,61335,65128,69244,69702,71711
56009,"Converse, WY",26094,27931,27471,29293,31642,33856,36834,38037,43510,40711,41412,45902,46889,47560,51801,52253,47991,50651,56194,68699,64858,69111,68247,69873,75339
56011,"Crook, WY",25813,28925,28154,28542,30673,34330,36934,36745,38726,36652,37516,44323,45477,46425,48237,46167,45493,46411,48416,48821,50870,55236,61597,65183,65854
56013,"Fremont, WY",23486,24533,25440,26076,27502,29012,31926,33896,36113,35124,36337,39213,41529,42470,43296,42752,40515,42453,45183,45965,48813,51012,53871,57031,59227
56015,"Goshen, WY",22877,23981,22972,24189,25615,27793,29342,30665,33585,32311,33738,38513,39171,39669,40795,42065,40307,41477,43434,44242,47915,51314,51140,55457,55849
56017,"Hot Springs, WY",24772,27505,26962,29441,30729,31429,33935,34809,38848,35742,38739,44138,42390,42606,44961,46306,42870,42216,49755,49944,71723,72055,79134,67731,69840
56019,"Johnson, WY",26002,29092,29512,31156,31214,33547,36738,38012,42033,37704,37923,43659,46608,48952,52179,50151,47155,49505,53837,54550,57803,61120,66457,70588,73246
56021,"Laramie, WY",29202,30369,32207,34154,35790,37320,39904,41465,45346,42237,43320,48142,48327,48065,49335,49560,48054,49348,51951,52555,55451,60203,61146,63445,66012
56023,"Lincoln, WY",24204,25828,26345,28815,28648,30321,33281,37495,38191,34955,34041,36701,37798,37469,37897,38402,39639,41307,43763,47929,53995,61322,68685,73140,77487
56025,"Natrona, WY",32502,31798,32256,34018,35963,40247,46280,47023,53805,45599,50125,54092,60164,61454,68307,69890,61137,62874,67467,64535,63076,67312,75500,77119,79903
56027,"Niobrara, WY",26020,28891,29961,31475,32811,36054,35841,35584,36304,36217,36619,41734,38550,39267,45217,41303,38773,40971,46848,44564,51696,57262,56841,61028,63095
56029,"Park, WY",27901,30387,29990,30658,32836,34396,38238,39915,42373,40924,41428,46114,48203,48068,49965,52402,47741,51518,55968,59578,61127,68736,73121,78394,80914
56031,"Platte, WY",26311,26938,26183,28188,29869,30611,31162,32185,35266,35192,38717,42951,42139,43473,46201,46886,44573,46792,49000,50977,52412,54582,56090,59671,60167
56033,"Sheridan, WY",33588,36348,37090,39790,43888,48657,57794,61629,63401,56555,51169,48476,54794,48643,53169,51313,51704,54150,57078,58244,58836,65491,70638,79897,82773
56035,"Sublette, WY",28882,31200,31107,33015,36573,39078,44500,47988,54409,46893,46846,58596,54064,55107,56375,54488,50331,55447,60335,59776,62614,64615,67689,70853,72829
56037,"Sweetwater, WY",29249,30811,30656,32841,34537,37229,42181,43445,47903,42279,44060,48127,47771,48200,49342,49454,47642,50991,54713,55746,54532,56210,60187,61963,63284
56039,"Teton, WY",72698,77197,80080,87596,103154,118458,147400,156926,155580,129711,141866,151427,190199,171445,190705,187588,195660,220235,214486,259833,298624,360347,440019,500556,532903
56041,"Uinta, WY",24073,26946,27804,28629,29321,31875,35762,37623,41117,38447,38797,40556,39911,39340,39060,38777,37360,38104,39586,40648,42123,44774,46500,48807,50370
56043,"Washakie, WY",26389,28938,29487,31554,38321,40227,40769,40875,41761,38002,37503,42669,41829,41441,44141,43427,41961,44045,47478,47842,54747,58938,55225,57017,59819
56045,"Weston, WY",27458,28376,26923,27654,28117,31116,35713,36615,40046,38017,38846,40971,42759,43274,46456,46340,41617,42416,44541,45400,47883,50567,51593,54775,56457
